{
    "root_group": {
        "name": "",
        "path": "",
        "id": "d41d8cd98f00b204e9800998ecf8427e",
        "groups": {},
        "checks": {}
    },
    "metrics": {
        "http_req_connecting": {
            "min": 0,
            "med": 0,
            "max": 7127.311791,
            "p(90)": 0,
            "p(95)": 0,
            "avg": 0.4500324943462292
        },
        "http_req_blocked": {
            "avg": 0.4512342426579788,
            "min": 0.000398,
            "med": 0.000884,
            "max": 7127.351228,
            "p(90)": 0.001471,
            "p(95)": 0.001774
        },
        "http_req_duration{expected_response:true}": {
            "min": 3.553032,
            "med": 208.767421,
            "max": 3865.226241,
            "p(90)": 499.789811,
            "p(95)": 608.3120865,
            "avg": 263.25210560436705
        },
        "http_req_receiving": {
            "med": 184.330608,
            "max": 3853.634125,
            "p(90)": 470.6213016000001,
            "p(95)": 572.6320119,
            "avg": 237.9907906525741,
            "min": 0.005797
        },
        "vus": {
            "value": 2,
            "min": 2,
            "max": 200
        },
        "data_received": {
            "count": 1210622005,
            "rate": 11001674.336957086
        },
        "http_req_sending": {
            "avg": 0.005718041017810338,
            "min": 0.002071,
            "med": 0.004847,
            "max": 0.337091,
            "p(90)": 0.007612,
            "p(95)": 0.011696699999999997
        },
        "iteration_duration": {
            "max": 8581.902978,
            "p(90)": 500.03348400000004,
            "p(95)": 609.5251358999999,
            "avg": 263.55163312050865,
            "min": 3.579137,
            "med": 208.810314
        },
        "iterations": {
            "count": 75967,
            "rate": 690.3593284310233
        },
        "http_req_duration": {
            "p(95)": 608.2349927999998,
            "avg": 263.04230410790257,
            "min": 3.553032,
            "med": 208.626529,
            "max": 3865.226241,
            "p(90)": 499.5875686000004
        },
        "http_req_waiting": {
            "max": 1801.798073,
            "p(90)": 40.08540620000003,
            "p(95)": 79.66322599999997,
            "avg": 25.045795414311257,
            "min": 2.440105,
            "med": 16.657484
        },
        "http_req_failed": {
            "passes": 76,
            "fails": 75891,
            "value": 0.0010004343991469981
        },
        "vus_max": {
            "min": 200,
            "max": 200,
            "value": 200
        },
        "http_req_tls_handshaking": {
            "p(95)": 0,
            "avg": 0,
            "min": 0,
            "med": 0,
            "max": 0,
            "p(90)": 0
        },
        "data_sent": {
            "rate": 74303.99965650128,
            "count": 8176397
        },
        "http_reqs": {
            "count": 75967,
            "rate": 690.3593284310233
        }
    }
}