{
    "metrics": {
        "http_reqs": {
            "count": 80431,
            "rate": 731.186494598978
        },
        "http_req_sending": {
            "avg": 0.0035155005657022745,
            "min": 0.00193,
            "med": 0.003156,
            "max": 0.221351,
            "p(90)": 0.004737,
            "p(95)": 0.005373
        },
        "http_req_duration": {
            "p(95)": 515.7555145,
            "avg": 248.79313861712401,
            "min": 2.034931,
            "med": 210.620262,
            "max": 1875.437188,
            "p(90)": 451.569382
        },
        "http_req_connecting": {
            "avg": 0.05216148216483694,
            "min": 0,
            "med": 0,
            "max": 1028.334104,
            "p(90)": 0,
            "p(95)": 0
        },
        "data_sent": {
            "count": 8656849,
            "rate": 78698.15213764181
        },
        "vus_max": {
            "value": 200,
            "min": 200,
            "max": 200
        },
        "iteration_duration": {
            "avg": 248.8839667669064,
            "min": 2.059246,
            "med": 210.676698,
            "max": 1875.467811,
            "p(90)": 451.71288,
            "p(95)": 515.8050615
        },
        "http_req_duration{expected_response:true}": {
            "avg": 249.0112317349211,
            "min": 2.034931,
            "med": 210.7828455,
            "max": 1875.437188,
            "p(90)": 451.69521740000016,
            "p(95)": 515.7837369
        },
        "vus": {
            "max": 200,
            "value": 1,
            "min": 1
        },
        "data_received": {
            "count": 1281670397,
            "rate": 11651478.718575059
        },
        "http_req_tls_handshaking": {
            "max": 0,
            "p(90)": 0,
            "p(95)": 0,
            "avg": 0,
            "min": 0,
            "med": 0
        },
        "http_req_failed": {
            "passes": 81,
            "fails": 80350,
            "value": 0.0010070743867414305
        },
        "http_req_blocked": {
            "p(90)": 0.00097,
            "p(95)": 0.001102,
            "avg": 0.05286086324924246,
            "min": 0.000356,
            "med": 0.000542,
            "max": 1028.353457
        },
        "http_req_receiving": {
            "max": 1857.061887,
            "p(90)": 430.879474,
            "p(95)": 494.51671050000004,
            "avg": 229.24766378592994,
            "min": 0.005063,
            "med": 189.572076
        },
        "iterations": {
            "count": 80431,
            "rate": 731.186494598978
        },
        "http_req_waiting": {
            "max": 831.094326,
            "p(90)": 26.19953,
            "p(95)": 56.674742,
            "avg": 19.541959330631133,
            "min": 1.444117,
            "med": 17.029171
        }
    },
    "root_group": {
        "name": "",
        "path": "",
        "id": "d41d8cd98f00b204e9800998ecf8427e",
        "groups": {},
        "checks": {}
    }
}