{
    "root_group": {
        "id": "d41d8cd98f00b204e9800998ecf8427e",
        "groups": {},
        "checks": {},
        "name": "",
        "path": ""
    },
    "metrics": {
        "iteration_duration": {
            "avg": 248.99960038766562,
            "min": 2.348517,
            "med": 211.765368,
            "max": 3244.391298,
            "p(90)": 450.58515279999995,
            "p(95)": 515.8961345
        },
        "http_req_duration{expected_response:true}": {
            "min": 2.324879,
            "med": 211.86447600000002,
            "max": 3244.361315,
            "p(90)": 450.62230470000003,
            "p(95)": 515.8635458,
            "avg": 249.14437513310548
        },
        "vus_max": {
            "value": 200,
            "min": 200,
            "max": 200
        },
        "http_req_connecting": {
            "min": 0,
            "med": 0,
            "max": 1011.319089,
            "p(90)": 0,
            "p(95)": 0,
            "avg": 0.0312617697732559
        },
        "iterations": {
            "count": 80399,
            "rate": 730.883948698805
        },
        "vus": {
            "value": 1,
            "min": 1,
            "max": 200
        },
        "http_req_blocked": {
            "avg": 0.031966212639459875,
            "min": 0.000354,
            "med": 0.000536,
            "max": 1011.34627,
            "p(90)": 0.000962199999999997,
            "p(95)": 0.001091
        },
        "data_received": {
            "count": 1281234368,
            "rate": 11647329.370918268
        },
        "data_sent": {
            "count": 8653412,
            "rate": 78665.65420313217
        },
        "http_req_duration": {
            "max": 3244.361315,
            "p(90)": 450.52323339999987,
            "p(95)": 515.8533535,
            "avg": 248.93002363330086,
            "min": 2.324879,
            "med": 211.673842
        },
        "http_req_waiting": {
            "med": 17.062389,
            "max": 869.986074,
            "p(90)": 21.799211999999965,
            "p(95)": 55.96461369999997,
            "avg": 19.43684093327032,
            "min": 1.522436
        },
        "http_req_failed": {
            "passes": 81,
            "fails": 80318,
            "value": 0.0010074752173534498
        },
        "http_req_tls_handshaking": {
            "avg": 0,
            "min": 0,
            "med": 0,
            "max": 0,
            "p(90)": 0,
            "p(95)": 0
        },
        "http_reqs": {
            "count": 80399,
            "rate": 730.883948698805
        },
        "http_req_receiving": {
            "avg": 229.48968712455397,
            "min": 0.0055,
            "med": 190.685958,
            "max": 3225.93739,
            "p(90)": 430.52290439999996,
            "p(95)": 495.7679367999998
        },
        "http_req_sending": {
            "p(95)": 0.005343,
            "avg": 0.0034955754797945334,
            "min": 0.001844,
            "med": 0.003132,
            "max": 0.65228,
            "p(90)": 0.004698
        }
    }
}