{
    "metrics": {
        "http_req_duration{expected_response:true}": {
            "avg": 249.0802937689379,
            "min": 2.05763,
            "med": 212.0472885,
            "max": 2065.675845,
            "p(90)": 450.3952083000001,
            "p(95)": 515.3592315499999
        },
        "http_req_failed": {
            "passes": 81,
            "fails": 80338,
            "value": 0.0010072246608388564
        },
        "http_reqs": {
            "count": 80419,
            "rate": 731.0623668718831
        },
        "http_req_connecting": {
            "p(90)": 0,
            "p(95)": 0,
            "avg": 0.030302568273666685,
            "min": 0,
            "med": 0,
            "max": 1009.047526
        },
        "data_received": {
            "rate": 11649378.064238697,
            "count": 1281465682
        },
        "iteration_duration": {
            "avg": 248.93994614143492,
            "min": 2.083897,
            "med": 211.970386,
            "max": 2065.711041,
            "p(90)": 450.3303537999999,
            "p(95)": 515.3914564999998
        },
        "http_req_duration": {
            "p(90)": 450.26746439999994,
            "p(95)": 515.2834835999997,
            "avg": 248.86959773380582,
            "min": 2.05763,
            "med": 211.913732,
            "max": 2065.675845
        },
        "http_req_blocked": {
            "p(95)": 0.001143,
            "avg": 0.031045959972144238,
            "min": 0.000388,
            "med": 0.000584,
            "max": 1009.070651,
            "p(90)": 0.001008
        },
        "iterations": {
            "rate": 731.0623668718831,
            "count": 80419
        },
        "data_sent": {
            "count": 8655562,
            "rate": 78684.83371250985
        },
        "http_req_tls_handshaking": {
            "p(95)": 0,
            "avg": 0,
            "min": 0,
            "med": 0,
            "max": 0,
            "p(90)": 0
        },
        "http_req_sending": {
            "max": 0.300612,
            "p(90)": 0.004924,
            "p(95)": 0.005586,
            "avg": 0.0036729883485245697,
            "min": 0.002004,
            "med": 0.003306
        },
        "vus": {
            "value": 1,
            "min": 1,
            "max": 200
        },
        "vus_max": {
            "value": 200,
            "min": 200,
            "max": 200
        },
        "http_req_waiting": {
            "avg": 19.518102762319614,
            "min": 1.315988,
            "med": 17.065126,
            "max": 814.173049,
            "p(90)": 24.307110999999985,
            "p(95)": 56.18750999999999
        },
        "http_req_receiving": {
            "p(90)": 430.41025279999997,
            "p(95)": 493.8025885,
            "avg": 229.34782198313437,
            "min": 0.00567,
            "med": 190.820522,
            "max": 2049.199929
        }
    },
    "root_group": {
        "name": "",
        "path": "",
        "id": "d41d8cd98f00b204e9800998ecf8427e",
        "groups": {},
        "checks": {}
    }
}