{
    "metrics": {
        "http_req_duration{expected_response:true}": {
            "p(95)": 515.6892813,
            "avg": 249.45019825802802,
            "min": 2.038003,
            "med": 211.398614,
            "max": 2399.272099,
            "p(90)": 452.0658062000001
        },
        "vus_max": {
            "value": 200,
            "min": 200,
            "max": 200
        },
        "http_req_failed": {
            "passes": 81,
            "fails": 80227,
            "value": 0.001008616825222892
        },
        "iteration_duration": {
            "p(95)": 515.72145615,
            "avg": 249.3027291786737,
            "min": 2.062457,
            "med": 211.2540615,
            "max": 2399.306073,
            "p(90)": 452.0320959
        },
        "data_received": {
            "count": 1279761264,
            "rate": 11633890.428897316
        },
        "iterations": {
            "count": 80308,
            "rate": 730.0537208351429
        },
        "http_req_blocked": {
            "p(90)": 0.000972,
            "p(95)": 0.001113,
            "avg": 0.03856664954923437,
            "min": 0.00036,
            "med": 0.000544,
            "max": 1027.558223
        },
        "http_req_connecting": {
            "med": 0,
            "max": 1027.531636,
            "p(90)": 0,
            "p(95)": 0,
            "avg": 0.037860194775115784,
            "min": 0
        },
        "http_req_receiving": {
            "avg": 229.5869182274093,
            "min": 0.005381,
            "med": 189.9918685,
            "max": 2382.160048,
            "p(90)": 431.6792618,
            "p(95)": 495.1237897499999
        },
        "vus": {
            "value": 1,
            "min": 1,
            "max": 200
        },
        "http_req_duration": {
            "p(95)": 515.6820668,
            "avg": 249.2262633821389,
            "min": 2.038003,
            "med": 211.2101415,
            "max": 2399.272099,
            "p(90)": 451.98370420000003
        },
        "http_req_tls_handshaking": {
            "min": 0,
            "med": 0,
            "max": 0,
            "p(90)": 0,
            "p(95)": 0,
            "avg": 0
        },
        "http_reqs": {
            "count": 80308,
            "rate": 730.0537208351429
        },
        "http_req_waiting": {
            "avg": 19.63581023193222,
            "min": 1.379759,
            "med": 17.080906499999998,
            "max": 889.051359,
            "p(90)": 25.177343700000065,
            "p(95)": 56.953966199999904
        },
        "http_req_sending": {
            "avg": 0.003534922797230675,
            "min": 0.001832,
            "med": 0.0031745000000000002,
            "max": 0.252539,
            "p(90)": 0.004751,
            "p(95)": 0.005381
        },
        "data_sent": {
            "count": 8643626,
            "rate": 78576.37250096358
        }
    },
    "root_group": {
        "name": "",
        "path": "",
        "id": "d41d8cd98f00b204e9800998ecf8427e",
        "groups": {},
        "checks": {}
    }
}