{
    "metrics": {
        "http_req_waiting": {
            "p(95)": 57.446199499999935,
            "avg": 19.76098687162555,
            "min": 1.405045,
            "med": 17.055075,
            "max": 1686.632444,
            "p(90)": 27.94519160000003
        },
        "http_req_receiving": {
            "med": 190.353677,
            "max": 3710.241571,
            "p(90)": 428.81231240000005,
            "p(95)": 493.7276920999999,
            "avg": 229.3151149026554,
            "min": 0.004486
        },
        "data_received": {
            "count": 1280265468,
            "rate": 11638565.3978837
        },
        "http_req_tls_handshaking": {
            "avg": 0,
            "min": 0,
            "med": 0,
            "max": 0,
            "p(90)": 0,
            "p(95)": 0
        },
        "iteration_duration": {
            "avg": 249.17292154668556,
            "min": 2.064278,
            "med": 212.088712,
            "max": 3726.953352,
            "p(90)": 449.659179,
            "p(95)": 514.6093751999999
        },
        "http_req_sending": {
            "med": 0.003281,
            "max": 0.278918,
            "p(90)": 0.004928,
            "p(95)": 0.005538,
            "avg": 0.003648249828858808,
            "min": 0.002017
        },
        "http_req_connecting": {
            "avg": 0.05331556591115595,
            "min": 0,
            "med": 0,
            "max": 1021.185069,
            "p(90)": 0,
            "p(95)": 0
        },
        "data_sent": {
            "count": 8647386,
            "rate": 78611.17088393103
        },
        "vus_max": {
            "max": 200,
            "value": 200,
            "min": 200
        },
        "http_req_duration{expected_response:true}": {
            "avg": 249.26974203910638,
            "min": 2.040265,
            "med": 212.1673915,
            "max": 3726.913833,
            "p(90)": 449.64893770000003,
            "p(95)": 514.6005258499999
        },
        "iterations": {
            "count": 80343,
            "rate": 730.3776311509248
        },
        "http_req_failed": {
            "fails": 80262,
            "passes": 81,
            "value": 0.0010081774392293043
        },
        "http_req_duration": {
            "min": 2.040265,
            "med": 212.026538,
            "max": 3726.913833,
            "p(90)": 449.5937016000001,
            "p(95)": 514.5141299,
            "avg": 249.07975002410598
        },
        "http_req_blocked": {
            "avg": 0.054072091495213734,
            "min": 0.000389,
            "med": 0.000586,
            "max": 1021.20741,
            "p(90)": 0.001015,
            "p(95)": 0.001154
        },
        "http_reqs": {
            "count": 80343,
            "rate": 730.3776311509248
        },
        "vus": {
            "value": 1,
            "min": 1,
            "max": 200
        }
    },
    "root_group": {
        "name": "",
        "path": "",
        "id": "d41d8cd98f00b204e9800998ecf8427e",
        "groups": {},
        "checks": {}
    }
}