{
    "root_group": {
        "name": "",
        "path": "",
        "id": "d41d8cd98f00b204e9800998ecf8427e",
        "groups": {},
        "checks": {}
    },
    "metrics": {
        "http_req_blocked": {
            "max": 107.440094,
            "p(90)": 0.001007,
            "p(95)": 0.001147,
            "avg": 0.01952908214374618,
            "min": 0.000376,
            "med": 0.000578
        },
        "http_req_duration": {
            "min": 2.111904,
            "med": 211.187874,
            "max": 3866.235533,
            "p(90)": 451.3793576000001,
            "p(95)": 513.4462143000003,
            "avg": 248.85256656940842
        },
        "http_req_receiving": {
            "avg": 229.34103258624918,
            "min": 0.005657,
            "med": 190.056892,
            "max": 3850.288853,
            "p(90)": 430.7553709,
            "p(95)": 493.67279285
        },
        "iterations": {
            "count": 80420,
            "rate": 731.0877667161777
        },
        "http_req_duration{expected_response:true}": {
            "max": 3866.235533,
            "p(90)": 451.5024992,
            "p(95)": 513.6732780999995,
            "avg": 249.0582883457452,
            "min": 2.111904,
            "med": 211.376992
        },
        "vus": {
            "value": 1,
            "min": 1,
            "max": 200
        },
        "data_received": {
            "count": 1281502625,
            "rate": 11649973.789507205
        },
        "http_req_waiting": {
            "med": 17.0697735,
            "max": 843.073972,
            "p(90)": 22.55287120000008,
            "p(95)": 56.41874075000002,
            "avg": 19.507856248308737,
            "min": 1.466921
        },
        "http_req_sending": {
            "avg": 0.0036777348545138223,
            "min": 0.002099,
            "med": 0.003295,
            "max": 0.636932,
            "p(90)": 0.004938,
            "p(95)": 0.005593
        },
        "http_reqs": {
            "count": 80420,
            "rate": 731.0877667161777
        },
        "data_sent": {
            "count": 8655670,
            "rate": 78687.57087456128
        },
        "http_req_connecting": {
            "avg": 0.01878614195473763,
            "min": 0,
            "med": 0,
            "max": 107.404631,
            "p(90)": 0,
            "p(95)": 0
        },
        "http_req_tls_handshaking": {
            "max": 0,
            "p(90)": 0,
            "p(95)": 0,
            "avg": 0,
            "min": 0,
            "med": 0
        },
        "http_req_failed": {
            "passes": 81,
            "fails": 80339,
            "value": 0.0010072121362845064
        },
        "iteration_duration": {
            "p(95)": 513.4932543000002,
            "avg": 248.91149648346033,
            "min": 2.136702,
            "med": 211.25010350000002,
            "max": 3866.268327,
            "p(90)": 451.41977190000006
        },
        "vus_max": {
            "value": 200,
            "min": 200,
            "max": 200
        }
    }
}