{
    "root_group": {
        "id": "d41d8cd98f00b204e9800998ecf8427e",
        "groups": {},
        "checks": {},
        "name": "",
        "path": ""
    },
    "metrics": {
        "data_received": {
            "count": 1281426943,
            "rate": 11648900.142277919
        },
        "iterations": {
            "count": 80416,
            "rate": 731.0272028839502
        },
        "http_req_duration": {
            "avg": 248.857996988051,
            "min": 2.066703,
            "med": 211.56568850000002,
            "max": 2101.52653,
            "p(90)": 451.87627150000003,
            "p(95)": 514.8615895
        },
        "http_req_receiving": {
            "p(90)": 431.330523,
            "p(95)": 494.41086674999997,
            "avg": 229.38003867631824,
            "min": 0.00434,
            "med": 190.2538065,
            "max": 2029.145925
        },
        "http_req_failed": {
            "passes": 81,
            "fails": 80335,
            "value": 0.0010072622363708715
        },
        "http_req_tls_handshaking": {
            "p(95)": 0,
            "avg": 0,
            "min": 0,
            "med": 0,
            "max": 0,
            "p(90)": 0
        },
        "http_req_waiting": {
            "max": 830.063242,
            "p(90)": 22.970993,
            "p(95)": 56.009189500000005,
            "avg": 19.474487561243954,
            "min": 1.467114,
            "med": 17.031405
        },
        "vus_max": {
            "value": 200,
            "min": 200,
            "max": 200
        },
        "data_sent": {
            "count": 8655238,
            "rate": 78681.03891557496
        },
        "http_req_connecting": {
            "med": 0,
            "max": 1007.283832,
            "p(90)": 0,
            "p(95)": 0,
            "avg": 0.04255098127238361,
            "min": 0
        },
        "vus": {
            "max": 200,
            "value": 1,
            "min": 1
        },
        "http_req_sending": {
            "min": 0.001877,
            "med": 0.003104,
            "max": 0.314777,
            "p(90)": 0.004694,
            "p(95)": 0.005328,
            "avg": 0.0034707504849781196
        },
        "http_req_blocked": {
            "avg": 0.04324976012236246,
            "min": 0.000361,
            "med": 0.000536,
            "max": 1007.30917,
            "p(90)": 0.000964,
            "p(95)": 0.001102
        },
        "iteration_duration": {
            "min": 2.089879,
            "med": 211.6270495,
            "max": 2101.558296,
            "p(90)": 451.958108,
            "p(95)": 514.9680712500001,
            "avg": 248.93874124364135
        },
        "http_reqs": {
            "count": 80416,
            "rate": 731.0272028839502
        },
        "http_req_duration{expected_response:true}": {
            "avg": 249.066298620752,
            "min": 2.066703,
            "med": 211.690063,
            "max": 2101.52653,
            "p(90)": 451.9672828000003,
            "p(95)": 514.9710296
        }
    }
}