{
    "root_group": {
        "id": "d41d8cd98f00b204e9800998ecf8427e",
        "groups": {},
        "checks": {},
        "name": "",
        "path": ""
    },
    "metrics": {
        "http_req_receiving": {
            "min": 0.005208,
            "med": 189.69248299999998,
            "max": 1875.02721,
            "p(90)": 430.9994546,
            "p(95)": 494.87499075,
            "avg": 229.16444149442125
        },
        "http_req_duration": {
            "max": 1882.684053,
            "p(90)": 451.7645711999999,
            "p(95)": 515.77701035,
            "avg": 248.69779352521485,
            "min": 1.970453,
            "med": 210.653957
        },
        "data_received": {
            "count": 1282183740,
            "rate": 11656057.811947009
        },
        "iterations": {
            "count": 80464,
            "rate": 731.480993340708
        },
        "http_reqs": {
            "count": 80464,
            "rate": 731.480993340708
        },
        "vus": {
            "value": 1,
            "min": 1,
            "max": 200
        },
        "http_req_blocked": {
            "avg": 0.07020247175134021,
            "min": 0.000356,
            "med": 0.000544,
            "max": 1025.818767,
            "p(90)": 0.000957,
            "p(95)": 0.001091
        },
        "data_sent": {
            "count": 8660403,
            "rate": 78729.86912371803
        },
        "http_req_connecting": {
            "p(95)": 0,
            "avg": 0.06950505485683041,
            "min": 0,
            "med": 0,
            "max": 1025.796421,
            "p(90)": 0
        },
        "vus_max": {
            "value": 200,
            "min": 200,
            "max": 200
        },
        "http_req_failed": {
            "passes": 81,
            "fails": 80383,
            "value": 0.001006661364088288
        },
        "iteration_duration": {
            "avg": 248.80614735916805,
            "min": 1.993809,
            "med": 210.7569915,
            "max": 1882.736573,
            "p(90)": 451.8413423,
            "p(95)": 515.8529957999999
        },
        "http_req_tls_handshaking": {
            "med": 0,
            "max": 0,
            "p(90)": 0,
            "p(95)": 0,
            "avg": 0,
            "min": 0
        },
        "http_req_waiting": {
            "p(95)": 56.099037449999905,
            "avg": 19.52986725464811,
            "min": 1.451232,
            "med": 17.06857,
            "max": 854.460959,
            "p(90)": 23.17788129999998
        },
        "http_req_duration{expected_response:true}": {
            "med": 210.871653,
            "max": 1882.684053,
            "p(90)": 451.838163,
            "p(95)": 515.8133181999999,
            "avg": 248.90976068668607,
            "min": 1.970453
        },
        "http_req_sending": {
            "p(90)": 0.004687,
            "p(95)": 0.005324,
            "avg": 0.00348477614833968,
            "min": 0.00193,
            "med": 0.003154,
            "max": 0.177162
        }
    }
}