{
    "root_group": {
        "name": "",
        "path": "",
        "id": "d41d8cd98f00b204e9800998ecf8427e",
        "groups": {},
        "checks": {}
    },
    "metrics": {
        "http_req_tls_handshaking": {
            "avg": 0,
            "min": 0,
            "med": 0,
            "max": 0,
            "p(90)": 0,
            "p(95)": 0
        },
        "http_req_failed": {
            "passes": 81,
            "fails": 80318,
            "value": 0.0010074752173534498
        },
        "http_req_blocked": {
            "min": 0.000359,
            "med": 0.000544,
            "max": 126.225519,
            "p(90)": 0.000961,
            "p(95)": 0.001098,
            "avg": 0.020413148148610137
        },
        "data_sent": {
            "count": 8653412,
            "rate": 78664.83277438275
        },
        "vus": {
            "max": 200,
            "value": 1,
            "min": 1
        },
        "http_req_duration": {
            "min": 2.222391,
            "med": 211.284677,
            "max": 2007.604357,
            "p(90)": 450.2003831999999,
            "p(95)": 515.2787512999992,
            "avg": 248.94136667749623
        },
        "http_req_duration{expected_response:true}": {
            "avg": 249.15019154061392,
            "min": 2.222391,
            "med": 211.499764,
            "max": 2007.604357,
            "p(90)": 450.2613995,
            "p(95)": 515.43338145
        },
        "http_req_sending": {
            "avg": 0.00349921144541599,
            "min": 0.001872,
            "med": 0.003145,
            "max": 0.236906,
            "p(90)": 0.004707199999999997,
            "p(95)": 0.005359099999999992
        },
        "http_req_receiving": {
            "avg": 229.37909722929587,
            "min": 0.004687,
            "med": 190.16483,
            "max": 1942.97927,
            "p(90)": 430.0081878,
            "p(95)": 494.4518514999998
        },
        "http_reqs": {
            "count": 80399,
            "rate": 730.87631679014
        },
        "iterations": {
            "count": 80399,
            "rate": 730.87631679014
        },
        "data_received": {
            "count": 1281228961,
            "rate": 11647158.596257888
        },
        "iteration_duration": {
            "min": 2.255868,
            "med": 211.330892,
            "max": 2007.637307,
            "p(90)": 450.26341479999996,
            "p(95)": 515.3155355999992,
            "avg": 249.00002406394316
        },
        "vus_max": {
            "max": 200,
            "value": 200,
            "min": 200
        },
        "http_req_connecting": {
            "avg": 0.019714353449669778,
            "min": 0,
            "med": 0,
            "max": 126.203786,
            "p(90)": 0,
            "p(95)": 0
        },
        "http_req_waiting": {
            "avg": 19.55877023675678,
            "min": 1.327741,
            "med": 17.05957,
            "max": 842.040129,
            "p(90)": 24.27063439999993,
            "p(95)": 56.81942319999998
        }
    }
}