{
    "root_group": {
        "name": "",
        "path": "",
        "id": "d41d8cd98f00b204e9800998ecf8427e",
        "groups": {},
        "checks": {}
    },
    "metrics": {
        "http_req_tls_handshaking": {
            "p(90)": 0,
            "p(95)": 0,
            "avg": 0,
            "min": 0,
            "med": 0,
            "max": 0
        },
        "vus_max": {
            "max": 200,
            "value": 200,
            "min": 200
        },
        "data_received": {
            "count": 1281360221,
            "rate": 11648531.889820814
        },
        "data_sent": {
            "count": 8654703,
            "rate": 78677.78493525427
        },
        "vus": {
            "value": 1,
            "min": 1,
            "max": 200
        },
        "http_req_receiving": {
            "avg": 229.23140411108963,
            "min": 0.00523,
            "med": 190.3078,
            "max": 2125.713053,
            "p(90)": 430.274595,
            "p(95)": 491.76710549999996
        },
        "iterations": {
            "count": 80411,
            "rate": 730.9967036914762
        },
        "http_req_duration{expected_response:true}": {
            "avg": 249.08171964049828,
            "min": 1.565176,
            "med": 211.99164150000001,
            "max": 2193.88743,
            "p(90)": 450.3738950000002,
            "p(95)": 511.99869625
        },
        "http_req_connecting": {
            "avg": 0.04323717059854997,
            "min": 0,
            "med": 0,
            "max": 1018.194677,
            "p(90)": 0,
            "p(95)": 0
        },
        "http_req_waiting": {
            "med": 17.029179,
            "max": 833.36324,
            "p(90)": 25.422893,
            "p(95)": 56.899519,
            "avg": 19.638903333350335,
            "min": 1.027619
        },
        "http_req_blocked": {
            "avg": 0.04394405327629198,
            "min": 0.000358,
            "med": 0.000544,
            "max": 1018.216598,
            "p(90)": 0.00097,
            "p(95)": 0.001107
        },
        "http_reqs": {
            "count": 80411,
            "rate": 730.9967036914762
        },
        "http_req_duration": {
            "p(90)": 450.260316,
            "p(95)": 511.9623255,
            "avg": 248.87380042411144,
            "min": 1.565176,
            "med": 211.846716,
            "max": 2193.88743
        },
        "iteration_duration": {
            "avg": 248.95538342303533,
            "min": 1.596783,
            "med": 211.910707,
            "max": 2193.928746,
            "p(90)": 450.357945,
            "p(95)": 512.0192935
        },
        "http_req_sending": {
            "min": 0.001967,
            "med": 0.003141,
            "max": 0.156889,
            "p(90)": 0.004698,
            "p(95)": 0.005336,
            "avg": 0.0034929796669610153
        },
        "http_req_failed": {
            "passes": 81,
            "fails": 80330,
            "value": 0.0010073248684881423
        }
    }
}