{
    "root_group": {
        "name": "",
        "path": "",
        "id": "d41d8cd98f00b204e9800998ecf8427e",
        "groups": {},
        "checks": {}
    },
    "metrics": {
        "http_reqs": {
            "count": 80464,
            "rate": 731.475922512462
        },
        "http_req_receiving": {
            "p(90)": 431.14248289999995,
            "p(95)": 494.20613215000003,
            "avg": 229.23758130471947,
            "min": 0.004959,
            "med": 190.5263295,
            "max": 2049.21511
        },
        "data_sent": {
            "count": 8660403,
            "rate": 78729.32334652383
        },
        "http_req_connecting": {
            "avg": 0.04489346814724596,
            "min": 0,
            "med": 0,
            "max": 1014.796452,
            "p(90)": 0,
            "p(95)": 0
        },
        "iteration_duration": {
            "avg": 248.7983862206335,
            "min": 2.04223,
            "med": 211.6672535,
            "max": 2056.891609,
            "p(90)": 451.4680338,
            "p(95)": 514.2196861499998
        },
        "http_req_failed": {
            "passes": 81,
            "fails": 80383,
            "value": 0.001006661364088288
        },
        "http_req_duration{expected_response:true}": {
            "avg": 248.93909073501808,
            "min": 2.018322,
            "med": 211.779214,
            "max": 2056.855281,
            "p(90)": 451.48386020000004,
            "p(95)": 514.2576438999998
        },
        "http_req_blocked": {
            "p(90)": 0.000965,
            "p(95)": 0.001101,
            "avg": 0.04560449317707252,
            "min": 0.000366,
            "med": 0.000542,
            "max": 1014.820798
        },
        "http_req_duration": {
            "avg": 248.71494967113193,
            "min": 2.018322,
            "med": 211.595643,
            "max": 2056.855281,
            "p(90)": 451.4077738,
            "p(95)": 514.0563057999999
        },
        "http_req_tls_handshaking": {
            "min": 0,
            "med": 0,
            "max": 0,
            "p(90)": 0,
            "p(95)": 0,
            "avg": 0
        },
        "http_req_sending": {
            "avg": 0.0035162958465897757,
            "min": 0.00187,
            "med": 0.003154,
            "max": 0.324138,
            "p(90)": 0.004722,
            "p(95)": 0.005386
        },
        "vus": {
            "value": 1,
            "min": 1,
            "max": 200
        },
        "vus_max": {
            "max": 200,
            "value": 200,
            "min": 200
        },
        "http_req_waiting": {
            "avg": 19.473852070565826,
            "min": 1.407672,
            "med": 17.0278125,
            "max": 788.826643,
            "p(90)": 24.694301599999953,
            "p(95)": 56.27157604999995
        },
        "data_received": {
            "count": 1282205592,
            "rate": 11656175.659410885
        },
        "iterations": {
            "count": 80464,
            "rate": 731.475922512462
        }
    }
}