{
    "metrics": {
        "http_req_sending": {
            "avg": 0.003542338195066143,
            "min": 0.001975,
            "med": 0.003185,
            "max": 0.317319,
            "p(90)": 0.004735,
            "p(95)": 0.005433
        },
        "data_sent": {
            "count": 8656098,
            "rate": 78691.10123947458
        },
        "http_reqs": {
            "count": 80424,
            "rate": 731.1207805276123
        },
        "http_req_blocked": {
            "avg": 0.056671751156370506,
            "min": 0.000394,
            "med": 0.000574,
            "max": 1029.325258,
            "p(90)": 0.001,
            "p(95)": 0.001113
        },
        "iteration_duration": {
            "avg": 248.9243287858185,
            "min": 1.799803,
            "med": 211.96850799999999,
            "max": 2230.428952,
            "p(90)": 451.9492173,
            "p(95)": 515.5574217999999
        },
        "vus": {
            "min": 1,
            "max": 200,
            "value": 1
        },
        "http_req_failed": {
            "passes": 81,
            "fails": 80343,
            "value": 0.0010071620411817369
        },
        "http_req_duration": {
            "max": 2230.393394,
            "p(90)": 451.88502189999997,
            "p(95)": 515.4408679499999,
            "avg": 248.82928680974427,
            "min": 1.77551,
            "med": 211.904114
        },
        "http_req_receiving": {
            "p(90)": 430.6571777,
            "p(95)": 494.3714654499999,
            "avg": 229.2349332715065,
            "min": 0.00528,
            "med": 190.1938535,
            "max": 2211.547199
        },
        "data_received": {
            "count": 1281549575,
            "rate": 11650347.229170768
        },
        "vus_max": {
            "value": 200,
            "min": 200,
            "max": 200
        },
        "http_req_connecting": {
            "med": 0,
            "max": 1029.290777,
            "p(90)": 0,
            "p(95)": 0,
            "avg": 0.05593718896100667,
            "min": 0
        },
        "http_req_duration{expected_response:true}": {
            "min": 1.77551,
            "med": 212.10056,
            "max": 2230.393394,
            "p(90)": 451.9499656,
            "p(95)": 515.5304303999999,
            "avg": 249.05351797654896
        },
        "http_req_waiting": {
            "med": 17.057183000000002,
            "max": 804.995451,
            "p(90)": 28.338647399999825,
            "p(95)": 56.75289139999998,
            "avg": 19.590811200039973,
            "min": 1.114678
        },
        "http_req_tls_handshaking": {
            "min": 0,
            "med": 0,
            "max": 0,
            "p(90)": 0,
            "p(95)": 0,
            "avg": 0
        },
        "iterations": {
            "count": 80424,
            "rate": 731.1207805276123
        }
    },
    "root_group": {
        "path": "",
        "id": "d41d8cd98f00b204e9800998ecf8427e",
        "groups": {},
        "checks": {},
        "name": ""
    }
}