{
    "root_group": {
        "groups": {},
        "checks": {},
        "name": "",
        "path": "",
        "id": "d41d8cd98f00b204e9800998ecf8427e"
    },
    "metrics": {
        "http_req_tls_handshaking": {
            "max": 0,
            "p(90)": 0,
            "p(95)": 0,
            "avg": 0,
            "min": 0,
            "med": 0
        },
        "http_req_waiting": {
            "min": 1.472886,
            "med": 17.041713,
            "max": 804.028703,
            "p(90)": 22.93724900000003,
            "p(95)": 55.8667883,
            "avg": 19.508190060239794
        },
        "data_sent": {
            "count": 8652985,
            "rate": 78661.8481376596
        },
        "iteration_duration": {
            "p(90)": 451.63864,
            "p(95)": 514.5678151000001,
            "avg": 249.01161032927016,
            "min": 2.339611,
            "med": 211.825499,
            "max": 2050.030503
        },
        "http_req_sending": {
            "max": 0.648535,
            "p(90)": 0.00473,
            "p(95)": 0.005356,
            "avg": 0.003514937956340577,
            "min": 0.001923,
            "med": 0.003156
        },
        "vus": {
            "max": 200,
            "value": 1,
            "min": 1
        },
        "http_req_duration": {
            "avg": 248.9162883342,
            "min": 2.310718,
            "med": 211.759735,
            "max": 2049.998295,
            "p(90)": 451.57094520000004,
            "p(95)": 514.3625135
        },
        "http_req_connecting": {
            "avg": 0.05675153184899558,
            "min": 0,
            "med": 0,
            "max": 1009.697902,
            "p(90)": 0,
            "p(95)": 0
        },
        "iterations": {
            "rate": 730.8482888884176,
            "count": 80395
        },
        "http_reqs": {
            "count": 80395,
            "rate": 730.8482888884176
        },
        "http_req_failed": {
            "passes": 81,
            "fails": 80314,
            "value": 0.0010075253436158966
        },
        "http_req_duration{expected_response:true}": {
            "med": 211.9193705,
            "max": 2049.998295,
            "p(90)": 451.67994689999983,
            "p(95)": 514.5324948499997,
            "avg": 249.12440115169218,
            "min": 2.310718
        },
        "http_req_blocked": {
            "avg": 0.05745174688724085,
            "min": 0.00037,
            "med": 0.000542,
            "max": 1009.719301,
            "p(90)": 0.000972,
            "p(95)": 0.001107
        },
        "http_req_receiving": {
            "avg": 229.40458333600384,
            "min": 0.004644,
            "med": 190.881348,
            "max": 2032.069486,
            "p(90)": 431.00467560000004,
            "p(95)": 494.3507951
        },
        "data_received": {
            "count": 1281124609,
            "rate": 11646342.7867466
        },
        "vus_max": {
            "min": 200,
            "max": 200,
            "value": 200
        }
    }
}