{
    "metrics": {
        "http_reqs": {
            "count": 80417,
            "rate": 731.04515335567
        },
        "iteration_duration": {
            "avg": 248.94125455525227,
            "min": 1.73466,
            "med": 211.81487,
            "max": 2743.325712,
            "p(90)": 450.65459740000006,
            "p(95)": 515.7873619999999
        },
        "iterations": {
            "rate": 731.04515335567,
            "count": 80417
        },
        "data_sent": {
            "count": 8655346,
            "rate": 78682.97429543982
        },
        "http_req_blocked": {
            "max": 1027.871678,
            "p(90)": 0.00097,
            "p(95)": 0.001107,
            "avg": 0.0319292289814336,
            "min": 0.00035,
            "med": 0.000537
        },
        "http_req_receiving": {
            "max": 2708.352009,
            "p(90)": 430.8401150000001,
            "p(95)": 494.3024736,
            "avg": 229.38819658033717,
            "min": 0.005329,
            "med": 190.636998
        },
        "http_req_failed": {
            "fails": 80336,
            "passes": 81,
            "value": 0.0010072497108820275
        },
        "http_req_tls_handshaking": {
            "p(95)": 0,
            "avg": 0,
            "min": 0,
            "med": 0,
            "max": 0,
            "p(90)": 0
        },
        "http_req_sending": {
            "avg": 0.003501765646567325,
            "min": 0.001915,
            "med": 0.003136,
            "max": 0.212458,
            "p(90)": 0.004741,
            "p(95)": 0.005379
        },
        "http_req_duration": {
            "avg": 248.8715342484771,
            "min": 1.71094,
            "med": 211.775259,
            "max": 2743.281821,
            "p(90)": 450.5912696000004,
            "p(95)": 515.7391836
        },
        "vus": {
            "value": 1,
            "min": 1,
            "max": 200
        },
        "vus_max": {
            "value": 200,
            "min": 200,
            "max": 200
        },
        "http_req_waiting": {
            "avg": 19.479835902495477,
            "min": 1.118009,
            "med": 17.033589,
            "max": 838.529793,
            "p(90)": 24.16243580000004,
            "p(95)": 56.49993799999997
        },
        "http_req_connecting": {
            "med": 0,
            "max": 1027.849234,
            "p(90)": 0,
            "p(95)": 0,
            "avg": 0.03122798807466082,
            "min": 0
        },
        "data_received": {
            "rate": 11649277.835050764,
            "count": 1281452960
        },
        "http_req_duration{expected_response:true}": {
            "avg": 249.08689425185204,
            "min": 1.71094,
            "med": 211.939356,
            "max": 2743.281821,
            "p(90)": 450.683125,
            "p(95)": 515.77557
        }
    },
    "root_group": {
        "checks": {},
        "name": "",
        "path": "",
        "id": "d41d8cd98f00b204e9800998ecf8427e",
        "groups": {}
    }
}