{
    "metrics": {
        "http_req_connecting": {
            "p(95)": 0,
            "avg": 0.07110319980120519,
            "min": 0,
            "med": 0,
            "max": 1068.408486,
            "p(90)": 0
        },
        "vus_max": {
            "min": 200,
            "max": 200,
            "value": 200
        },
        "http_req_duration{expected_response:true}": {
            "avg": 248.79684440964218,
            "min": 2.446415,
            "med": 211.691114,
            "max": 2287.988215,
            "p(90)": 450.761938,
            "p(95)": 512.99941895
        },
        "http_req_duration": {
            "med": 211.504264,
            "max": 2287.988215,
            "p(90)": 450.6812664000001,
            "p(95)": 512.8962064000002,
            "avg": 248.58066240412333,
            "min": 2.446415
        },
        "http_req_sending": {
            "p(90)": 0.005095,
            "p(95)": 0.00577,
            "avg": 0.0039002232465676924,
            "min": 0.001918,
            "med": 0.003476,
            "max": 0.246612
        },
        "http_reqs": {
            "count": 80485,
            "rate": 731.6781265596952
        },
        "http_req_receiving": {
            "min": 0.005209,
            "med": 190.218587,
            "max": 2183.413851,
            "p(90)": 430.4135548,
            "p(95)": 493.20685240000006,
            "avg": 229.04728004159685
        },
        "iteration_duration": {
            "avg": 248.69388063701285,
            "min": 2.485954,
            "med": 211.568336,
            "max": 2288.022999,
            "p(90)": 450.7452232000001,
            "p(95)": 513.0523174000001
        },
        "http_req_tls_handshaking": {
            "p(95)": 0,
            "avg": 0,
            "min": 0,
            "med": 0,
            "max": 0,
            "p(90)": 0
        },
        "http_req_waiting": {
            "avg": 19.52948213928045,
            "min": 1.880974,
            "med": 16.957208,
            "max": 757.662783,
            "p(90)": 21.30006860000003,
            "p(95)": 56.14710480000001
        },
        "http_req_failed": {
            "passes": 81,
            "fails": 80404,
            "value": 0.001006398707833758
        },
        "vus": {
            "value": 1,
            "min": 1,
            "max": 200
        },
        "data_sent": {
            "count": 8662666,
            "rate": 78751.11175861798
        },
        "data_received": {
            "count": 1282529383,
            "rate": 11659299.201232549
        },
        "http_req_blocked": {
            "avg": 0.0718775314654884,
            "min": 0.000371,
            "med": 0.000599,
            "max": 1068.434004,
            "p(90)": 0.001002,
            "p(95)": 0.001168
        },
        "iterations": {
            "count": 80485,
            "rate": 731.6781265596952
        }
    },
    "root_group": {
        "id": "d41d8cd98f00b204e9800998ecf8427e",
        "groups": {},
        "checks": {},
        "name": "",
        "path": ""
    }
}