{
    "metrics": {
        "vus_max": {
            "value": 200,
            "min": 200,
            "max": 200
        },
        "data_sent": {
            "rate": 1040187.8397857151,
            "count": 114423167
        },
        "iteration_duration": {
            "avg": 18.810977645779023,
            "min": 0.804861,
            "med": 18.321345,
            "max": 1139.107698,
            "p(90)": 24.8278015,
            "p(95)": 28.80405
        },
        "http_req_sending": {
            "med": 0.002846,
            "max": 1.1735,
            "p(90)": 0.00427,
            "p(95)": 0.005073,
            "avg": 0.003309246696943016,
            "min": 0.001969
        },
        "http_req_blocked": {
            "med": 0.000538,
            "max": 1.169328,
            "p(90)": 0.00085,
            "p(95)": 0.001046,
            "avg": 0.0012119097935675675,
            "min": 0.000378
        },
        "http_req_waiting": {
            "avg": 18.76083886698466,
            "min": 0.743953,
            "med": 18.2715795,
            "max": 1139.070954,
            "p(90)": 24.774859499999998,
            "p(95)": 28.7506775
        },
        "http_req_receiving": {
            "avg": 0.009075548778767147,
            "min": 0.002912,
            "med": 0.007021,
            "max": 3.379657,
            "p(90)": 0.015491,
            "p(95)": 0.02173275
        },
        "vus": {
            "max": 200,
            "value": 1,
            "min": 1
        },
        "iterations": {
            "count": 1063106,
            "rate": 9664.38845031472
        },
        "http_req_duration": {
            "avg": 18.773223662459976,
            "min": 0.768693,
            "med": 18.2840835,
            "max": 1139.079927,
            "p(90)": 24.7877865,
            "p(95)": 28.764072749999997
        },
        "data_received": {
            "count": 126504834,
            "rate": 1150018.7719931793
        },
        "http_reqs": {
            "count": 1063106,
            "rate": 9664.38845031472
        },
        "http_req_tls_handshaking": {
            "avg": 0,
            "min": 0,
            "med": 0,
            "max": 0,
            "p(90)": 0,
            "p(95)": 0
        },
        "http_req_connecting": {
            "avg": 0.0005274484058974355,
            "min": 0,
            "med": 0,
            "max": 0.970562,
            "p(90)": 0,
            "p(95)": 0
        },
        "http_req_failed": {
            "passes": 1063106,
            "fails": 0,
            "value": 1
        }
    },
    "root_group": {
        "checks": {},
        "name": "",
        "path": "",
        "id": "d41d8cd98f00b204e9800998ecf8427e",
        "groups": {}
    }
}