{
    "root_group": {
        "groups": {},
        "checks": {},
        "name": "",
        "path": "",
        "id": "d41d8cd98f00b204e9800998ecf8427e"
    },
    "metrics": {
        "vus_max": {
            "value": 200,
            "min": 200,
            "max": 200
        },
        "http_req_failed": {
            "passes": 81,
            "fails": 80350,
            "value": 0.0010070743867414305
        },
        "data_received": {
            "count": 1281672807,
            "rate": 11651304.276067128
        },
        "http_req_waiting": {
            "max": 1021.493698,
            "p(90)": 20.941826,
            "p(95)": 55.78505,
            "avg": 19.609132650122493,
            "min": 1.967034,
            "med": 17.000157
        },
        "http_reqs": {
            "count": 80431,
            "rate": 731.1741726204505
        },
        "http_req_sending": {
            "avg": 0.003861437741666784,
            "min": 0.002035,
            "med": 0.003442,
            "max": 0.252326,
            "p(90)": 0.005,
            "p(95)": 0.005667500000000001
        },
        "iterations": {
            "count": 80431,
            "rate": 731.1741726204505
        },
        "data_sent": {
            "count": 8656849,
            "rate": 78696.82591382891
        },
        "http_req_duration{expected_response:true}": {
            "avg": 249.00238693770942,
            "min": 2.621486,
            "med": 212.2955385,
            "max": 2463.630616,
            "p(90)": 450.7084544000001,
            "p(95)": 514.77661385
        },
        "http_req_blocked": {
            "p(90)": 0.000994,
            "p(95)": 0.001154,
            "avg": 0.03231977448993419,
            "min": 0.000369,
            "med": 0.000599,
            "max": 1016.894921
        },
        "http_req_tls_handshaking": {
            "p(90)": 0,
            "p(95)": 0,
            "avg": 0,
            "min": 0,
            "med": 0,
            "max": 0
        },
        "http_req_duration": {
            "p(95)": 514.7025115,
            "avg": 248.7989142643251,
            "min": 2.621486,
            "med": 212.145628,
            "max": 2463.630616,
            "p(90)": 450.554523
        },
        "http_req_connecting": {
            "avg": 0.031550507826584286,
            "min": 0,
            "med": 0,
            "max": 1016.870419,
            "p(90)": 0,
            "p(95)": 0
        },
        "iteration_duration": {
            "max": 2463.669608,
            "p(90)": 450.695173,
            "p(95)": 514.778012,
            "avg": 248.87215199612058,
            "min": 2.660113,
            "med": 212.209821
        },
        "vus": {
            "min": 1,
            "max": 200,
            "value": 1
        },
        "http_req_receiving": {
            "min": 0.005586,
            "med": 190.482156,
            "max": 2446.783101,
            "p(90)": 430.178779,
            "p(95)": 494.27921449999997,
            "avg": 229.18592017646031
        }
    }
}