{
    "root_group": {
        "name": "",
        "path": "",
        "id": "d41d8cd98f00b204e9800998ecf8427e",
        "groups": {},
        "checks": {}
    },
    "metrics": {
        "data_received": {
            "count": 125045374,
            "rate": 1136768.0694266125
        },
        "vus_max": {
            "min": 200,
            "max": 200,
            "value": 200
        },
        "data_sent": {
            "count": 113103052,
            "rate": 1028202.2753460496
        },
        "http_req_blocked": {
            "avg": 0.001186724419774609,
            "min": 0.000346,
            "med": 0.00051,
            "max": 2.188096,
            "p(90)": 0.000814,
            "p(95)": 0.001008
        },
        "http_req_connecting": {
            "avg": 0.0005318540416675793,
            "min": 0,
            "med": 0,
            "max": 2.159896,
            "p(90)": 0,
            "p(95)": 0
        },
        "iterations": {
            "rate": 9553.032284459647,
            "count": 1050841
        },
        "http_req_sending": {
            "p(90)": 0.003997,
            "p(95)": 0.004805,
            "avg": 0.0031277837160902074,
            "min": 0.001812,
            "med": 0.00269,
            "max": 0.435387
        },
        "http_req_waiting": {
            "max": 1428.103182,
            "p(90)": 25.333522,
            "p(95)": 30.00827,
            "avg": 18.98341493864849,
            "min": 0.786866,
            "med": 18.551299
        },
        "iteration_duration": {
            "p(90)": 25.384045,
            "p(95)": 30.05765,
            "avg": 19.031551044953762,
            "min": 0.821026,
            "med": 18.599529,
            "max": 1428.138402
        },
        "http_reqs": {
            "count": 1050841,
            "rate": 9553.032284459647
        },
        "vus": {
            "max": 200,
            "value": 1,
            "min": 1
        },
        "http_req_duration": {
            "avg": 18.995163317843293,
            "min": 0.795576,
            "med": 18.563067,
            "max": 1428.11105,
            "p(90)": 25.345284,
            "p(95)": 30.01975
        },
        "http_req_failed": {
            "passes": 1050841,
            "fails": 0,
            "value": 1
        },
        "http_req_tls_handshaking": {
            "max": 0,
            "p(90)": 0,
            "p(95)": 0,
            "avg": 0,
            "min": 0,
            "med": 0
        },
        "http_req_receiving": {
            "avg": 0.008620595480191506,
            "min": 0.0028,
            "med": 0.006499,
            "max": 4.886821,
            "p(90)": 0.015668,
            "p(95)": 0.021186
        }
    }
}