{
    "metrics": {
        "http_req_waiting": {
            "min": 0.787443,
            "med": 17.6315765,
            "max": 1176.943459,
            "p(90)": 25.353891899999997,
            "p(95)": 31.581244349999977,
            "avg": 18.357401252001583
        },
        "http_req_duration": {
            "p(90)": 25.3659267,
            "p(95)": 31.594937199999993,
            "avg": 18.369625331985908,
            "min": 0.794678,
            "med": 17.643869000000002,
            "max": 1176.955444
        },
        "vus_max": {
            "value": 200,
            "min": 200,
            "max": 200
        },
        "vus": {
            "value": 1,
            "min": 1,
            "max": 200
        },
        "data_received": {
            "count": 129277880,
            "rate": 1175230.6896966442
        },
        "http_req_receiving": {
            "p(90)": 0.015202,
            "p(95)": 0.021445,
            "avg": 0.00892286325328339,
            "min": 0.003026,
            "med": 0.0070005,
            "max": 1.209762
        },
        "data_sent": {
            "rate": 1062991.963820965,
            "count": 116931381
        },
        "iterations": {
            "count": 1086410,
            "rate": 9876.263236938377
        },
        "http_req_failed": {
            "passes": 1086410,
            "fails": 0,
            "value": 1
        },
        "http_req_tls_handshaking": {
            "p(95)": 0,
            "avg": 0,
            "min": 0,
            "med": 0,
            "max": 0,
            "p(90)": 0
        },
        "http_reqs": {
            "count": 1086410,
            "rate": 9876.263236938377
        },
        "http_req_connecting": {
            "avg": 0.0005366977375024164,
            "min": 0,
            "med": 0,
            "max": 1.53824,
            "p(90)": 0,
            "p(95)": 0
        },
        "iteration_duration": {
            "p(90)": 25.406805899999995,
            "p(95)": 31.634706749999985,
            "avg": 18.40742297260689,
            "min": 0.833866,
            "med": 17.6815195,
            "max": 1176.989245
        },
        "http_req_blocked": {
            "avg": 0.0012188323478249058,
            "min": 0.000375,
            "med": 0.000537,
            "max": 1.569788,
            "p(90)": 0.000847,
            "p(95)": 0.001046
        },
        "http_req_sending": {
            "min": 0.001952,
            "med": 0.002847,
            "max": 1.374786,
            "p(90)": 0.004288,
            "p(95)": 0.005123,
            "avg": 0.0033012167303321186
        }
    },
    "root_group": {
        "name": "",
        "path": "",
        "id": "d41d8cd98f00b204e9800998ecf8427e",
        "groups": {},
        "checks": {}
    }
}