{
    "metrics": {
        "http_req_waiting": {
            "min": 0.772734,
            "med": 18.284264999999998,
            "max": 1191.515507,
            "p(90)": 26.624527700000005,
            "p(95)": 31.7269145,
            "avg": 18.97136309825496
        },
        "http_req_duration": {
            "p(90)": 26.635415800000004,
            "p(95)": 31.73908364999999,
            "avg": 18.983007007733786,
            "min": 0.780322,
            "med": 18.2962335,
            "max": 1191.525704
        },
        "iterations": {
            "count": 1051488,
            "rate": 9558.967500673396
        },
        "http_req_sending": {
            "min": 0.001779,
            "med": 0.002674,
            "max": 0.530219,
            "p(90)": 0.003977,
            "p(95)": 0.004769,
            "avg": 0.0031014184070575564
        },
        "http_req_connecting": {
            "min": 0,
            "med": 0,
            "max": 5.747182,
            "p(90)": 0,
            "p(95)": 0,
            "avg": 0.0005359113713137951
        },
        "http_req_tls_handshaking": {
            "p(95)": 0,
            "avg": 0,
            "min": 0,
            "med": 0,
            "max": 0,
            "p(90)": 0
        },
        "http_req_receiving": {
            "p(95)": 0.021151,
            "avg": 0.008542491072651351,
            "min": 0.002803,
            "med": 0.006464,
            "max": 3.159871,
            "p(90)": 0.015606
        },
        "vus": {
            "value": 1,
            "min": 1,
            "max": 200
        },
        "data_sent": {
            "count": 113172691,
            "rate": 1028841.1044469861
        },
        "http_req_failed": {
            "passes": 1051488,
            "fails": 0,
            "value": 1
        },
        "http_reqs": {
            "rate": 9558.967500673396,
            "count": 1051488
        },
        "iteration_duration": {
            "med": 18.332769,
            "max": 1191.566933,
            "p(90)": 26.673234200000007,
            "p(95)": 31.777422649999995,
            "avg": 19.01915943018978,
            "min": 0.806882
        },
        "data_received": {
            "count": 125122337,
            "rate": 1137474.0871900625
        },
        "vus_max": {
            "value": 200,
            "min": 200,
            "max": 200
        },
        "http_req_blocked": {
            "min": 0.000354,
            "med": 0.000508,
            "max": 5.781003,
            "p(90)": 0.000806,
            "p(95)": 0.001001,
            "avg": 0.0011846473169454263
        }
    },
    "root_group": {
        "groups": {},
        "checks": {},
        "name": "",
        "path": "",
        "id": "d41d8cd98f00b204e9800998ecf8427e"
    }
}