{
    "root_group": {
        "name": "",
        "path": "",
        "id": "d41d8cd98f00b204e9800998ecf8427e",
        "groups": {},
        "checks": {}
    },
    "metrics": {
        "http_req_receiving": {
            "p(95)": 495.1244768,
            "avg": 229.1585604169136,
            "min": 0.005675,
            "med": 189.493545,
            "max": 2601.777056,
            "p(90)": 430.93074000000007
        },
        "http_req_duration{expected_response:true}": {
            "max": 2614.171265,
            "p(90)": 451.58255580000014,
            "p(95)": 515.8389573000001,
            "avg": 249.00483556702716,
            "min": 2.130296,
            "med": 211.207574
        },
        "vus": {
            "value": 1,
            "min": 1,
            "max": 200
        },
        "vus_max": {
            "value": 200,
            "min": 200,
            "max": 200
        },
        "iteration_duration": {
            "med": 211.109732,
            "max": 2614.203511,
            "p(90)": 451.5210012,
            "p(95)": 515.8756160999998,
            "avg": 248.90087241509278,
            "min": 2.178308
        },
        "http_req_sending": {
            "avg": 0.00390728213322056,
            "min": 0.002105,
            "med": 0.003474,
            "max": 0.780055,
            "p(90)": 0.005055,
            "p(95)": 0.005723
        },
        "http_reqs": {
            "count": 80423,
            "rate": 731.1087986216385
        },
        "http_req_blocked": {
            "avg": 0.05897729261529541,
            "min": 0.00038,
            "med": 0.0006,
            "max": 1021.774055,
            "p(90)": 0.00101,
            "p(95)": 0.001183
        },
        "http_req_connecting": {
            "med": 0,
            "max": 1021.749815,
            "p(90)": 0,
            "p(95)": 0,
            "avg": 0.05820006106462079,
            "min": 0
        },
        "data_received": {
            "count": 1281506867,
            "rate": 11649912.909960458
        },
        "http_req_waiting": {
            "max": 839.86009,
            "p(90)": 21.099326800000007,
            "p(95)": 56.413555599999874,
            "avg": 19.638038482697596,
            "min": 1.536067,
            "med": 17.006303
        },
        "data_sent": {
            "count": 8655990,
            "rate": 78689.808261081
        },
        "http_req_duration": {
            "p(95)": 515.7814742999998,
            "avg": 248.80050618174022,
            "min": 2.130296,
            "med": 211.028277,
            "max": 2614.171265,
            "p(90)": 451.41534600000006
        },
        "http_req_tls_handshaking": {
            "max": 0,
            "p(90)": 0,
            "p(95)": 0,
            "avg": 0,
            "min": 0,
            "med": 0
        },
        "iterations": {
            "count": 80423,
            "rate": 731.1087986216385
        },
        "http_req_failed": {
            "passes": 81,
            "fails": 80342,
            "value": 0.0010071745644902577
        }
    }
}