{
    "root_group": {
        "path": "",
        "id": "d41d8cd98f00b204e9800998ecf8427e",
        "groups": {},
        "checks": {},
        "name": ""
    },
    "metrics": {
        "http_req_tls_handshaking": {
            "p(95)": 0,
            "avg": 0,
            "min": 0,
            "med": 0,
            "max": 0,
            "p(90)": 0
        },
        "iteration_duration": {
            "avg": 19.46156084059888,
            "min": 0.811395,
            "med": 18.840232,
            "max": 1140.325552,
            "p(90)": 26.092415900000006,
            "p(95)": 31.2506906
        },
        "http_req_sending": {
            "p(95)": 0.005042,
            "avg": 0.003300664738500687,
            "min": 0.001925,
            "med": 0.002828,
            "max": 7.180412,
            "p(90)": 0.004238
        },
        "http_req_receiving": {
            "avg": 0.009089047169352103,
            "min": 0.003008,
            "med": 0.006993,
            "max": 8.306677,
            "p(90)": 0.015793,
            "p(95)": 0.021901
        },
        "http_req_blocked": {
            "avg": 0.0012133648311464583,
            "min": 0.000368,
            "med": 0.000536,
            "max": 1.607899,
            "p(90)": 0.000839,
            "p(95)": 0.001043
        },
        "iterations": {
            "count": 1027574,
            "rate": 9341.517530197867
        },
        "http_req_waiting": {
            "min": 0.774605,
            "med": 18.7906015,
            "max": 1140.268066,
            "p(90)": 26.040645100000003,
            "p(95)": 31.19793065,
            "avg": 19.411476224199124
        },
        "vus": {
            "value": 1,
            "min": 1,
            "max": 200
        },
        "data_sent": {
            "count": 110598812,
            "rate": 1005436.8260748698
        },
        "data_received": {
            "count": 122276721,
            "rate": 1111598.904562215
        },
        "http_reqs": {
            "rate": 9341.517530197867,
            "count": 1027574
        },
        "http_req_failed": {
            "fails": 0,
            "passes": 1027574,
            "value": 1
        },
        "http_req_duration": {
            "avg": 19.423865936107624,
            "min": 0.78253,
            "med": 18.8031185,
            "max": 1140.281896,
            "p(90)": 26.052645700000006,
            "p(95)": 31.211370499999997
        },
        "http_req_connecting": {
            "p(95)": 0,
            "avg": 0.000531656231084087,
            "min": 0,
            "med": 0,
            "max": 1.590247,
            "p(90)": 0
        },
        "vus_max": {
            "value": 200,
            "min": 200,
            "max": 200
        }
    }
}