{
    "root_group": {
        "name": "",
        "path": "",
        "id": "d41d8cd98f00b204e9800998ecf8427e",
        "groups": {},
        "checks": {}
    },
    "metrics": {
        "http_req_tls_handshaking": {
            "avg": 0,
            "min": 0,
            "med": 0,
            "max": 0,
            "p(90)": 0,
            "p(95)": 0
        },
        "http_req_receiving": {
            "avg": 229.1093337630988,
            "min": 0.005897,
            "med": 190.84853750000002,
            "max": 2272.796585,
            "p(90)": 431.0064986,
            "p(95)": 494.5290282000001
        },
        "iterations": {
            "count": 80460,
            "rate": 731.4503572761924
        },
        "http_req_waiting": {
            "avg": 19.60439412590137,
            "min": 1.841759,
            "med": 16.9860005,
            "max": 824.727837,
            "p(90)": 21.314643200000063,
            "p(95)": 56.07771255000003
        },
        "vus": {
            "value": 1,
            "min": 1,
            "max": 200
        },
        "vus_max": {
            "value": 200,
            "min": 200,
            "max": 200
        },
        "http_req_connecting": {
            "p(90)": 0,
            "p(95)": 0,
            "avg": 0.043261027603778285,
            "min": 0,
            "med": 0,
            "max": 1020.116894
        },
        "http_req_duration": {
            "avg": 248.71721768184145,
            "min": 2.379624,
            "med": 212.1034775,
            "max": 2290.206324,
            "p(90)": 451.0615294000001,
            "p(95)": 515.72906495
        },
        "http_reqs": {
            "count": 80460,
            "rate": 731.4503572761924
        },
        "iteration_duration": {
            "avg": 248.79879367695884,
            "min": 2.404257,
            "med": 212.1856185,
            "max": 2290.251116,
            "p(90)": 451.1165250000001,
            "p(95)": 515.76632765
        },
        "data_received": {
            "count": 1282116708,
            "rate": 11655539.698438674
        },
        "http_req_sending": {
            "avg": 0.003489792841163323,
            "min": 0.001867,
            "med": 0.003154,
            "max": 0.275407,
            "p(90)": 0.00466,
            "p(95)": 0.005291
        },
        "http_req_failed": {
            "passes": 81,
            "fails": 80379,
            "value": 0.0010067114093959733
        },
        "data_sent": {
            "rate": 78726.55831408732,
            "count": 8659971
        },
        "http_req_duration{expected_response:true}": {
            "p(90)": 451.17491699999994,
            "p(95)": 515.7346627000001,
            "avg": 248.93073643900735,
            "min": 2.379624,
            "med": 212.269178,
            "max": 2290.206324
        },
        "http_req_blocked": {
            "avg": 0.0439662194133718,
            "min": 0.000349,
            "med": 0.000545,
            "max": 1020.137055,
            "p(90)": 0.000962,
            "p(95)": 0.001099
        }
    }
}