{
    "metrics": {
        "http_req_duration{expected_response:true}": {
            "min": 2.596478,
            "med": 211.826247,
            "max": 2123.722129,
            "p(90)": 452.309515,
            "p(95)": 514.581467,
            "avg": 249.05706449539068
        },
        "data_received": {
            "count": 1281693952,
            "rate": 11651692.988910615
        },
        "http_req_waiting": {
            "p(90)": 22.50176020000018,
            "p(95)": 56.8282555,
            "avg": 19.69437048619975,
            "min": 1.820768,
            "med": 17.003133499999997,
            "max": 842.977093
        },
        "http_req_duration": {
            "p(95)": 514.52965345,
            "avg": 248.84366329263398,
            "min": 2.596478,
            "med": 211.6404335,
            "max": 2123.722129,
            "p(90)": 452.2813528
        },
        "iteration_duration": {
            "med": 211.6985755,
            "max": 2123.757256,
            "p(90)": 452.31633000000005,
            "p(95)": 514.5813618499999,
            "avg": 248.9078055281143,
            "min": 2.621738
        },
        "vus_max": {
            "max": 200,
            "value": 200,
            "min": 200
        },
        "http_req_sending": {
            "med": 0.003477,
            "max": 0.228191,
            "p(90)": 0.00504,
            "p(95)": 0.005702,
            "avg": 0.0038882948453351717,
            "min": 0.002018
        },
        "http_req_failed": {
            "passes": 81,
            "fails": 80351,
            "value": 0.0010070618659240103
        },
        "iterations": {
            "count": 80432,
            "rate": 731.1955939416483
        },
        "vus": {
            "value": 1,
            "min": 1,
            "max": 200
        },
        "http_reqs": {
            "count": 80432,
            "rate": 731.1955939416483
        },
        "http_req_connecting": {
            "p(90)": 0,
            "p(95)": 0,
            "avg": 0.02226714369902525,
            "min": 0,
            "med": 0,
            "max": 98.055445
        },
        "http_req_blocked": {
            "avg": 0.023040610441118704,
            "min": 0.000375,
            "med": 0.000603,
            "max": 98.090588,
            "p(90)": 0.000997,
            "p(95)": 0.001158
        },
        "http_req_tls_handshaking": {
            "p(95)": 0,
            "avg": 0,
            "min": 0,
            "med": 0,
            "max": 0,
            "p(90)": 0
        },
        "http_req_receiving": {
            "p(90)": 432.4178557,
            "p(95)": 494.16896825,
            "avg": 229.14540451158442,
            "min": 0.005315,
            "med": 190.17869100000001,
            "max": 2111.927316
        },
        "data_sent": {
            "count": 8656952,
            "rate": 78699.08940924433
        }
    },
    "root_group": {
        "name": "",
        "path": "",
        "id": "d41d8cd98f00b204e9800998ecf8427e",
        "groups": {},
        "checks": {}
    }
}