{
    "metrics": {
        "http_req_sending": {
            "min": 0.002035,
            "med": 0.003448,
            "max": 0.237633,
            "p(90)": 0.004999,
            "p(95)": 0.005668149999999994,
            "avg": 0.0038537736327687623
        },
        "http_req_blocked": {
            "avg": 0.026024609328756762,
            "min": 0.000384,
            "med": 0.000596,
            "max": 98.622727,
            "p(90)": 0.000986,
            "p(95)": 0.001148
        },
        "http_req_receiving": {
            "min": 0.005723,
            "med": 190.9476705,
            "max": 2187.011336,
            "p(90)": 430.1222504,
            "p(95)": 493.5552618999999,
            "avg": 229.18214718720924
        },
        "data_received": {
            "count": 1281458953,
            "rate": 11649478.945787936
        },
        "http_req_tls_handshaking": {
            "avg": 0,
            "min": 0,
            "med": 0,
            "max": 0,
            "p(90)": 0,
            "p(95)": 0
        },
        "vus_max": {
            "value": 200,
            "min": 200,
            "max": 200
        },
        "iteration_duration": {
            "avg": 248.9149022155979,
            "min": 2.518164,
            "med": 212.11341,
            "max": 2203.318204,
            "p(90)": 450.67944960000005,
            "p(95)": 515.8890812999999
        },
        "vus": {
            "value": 1,
            "min": 1,
            "max": 200
        },
        "http_req_duration": {
            "min": 2.488386,
            "med": 212.05485099999999,
            "max": 2203.28494,
            "p(90)": 450.58548220000006,
            "p(95)": 515.83328035,
            "avg": 248.84801766442666
        },
        "data_sent": {
            "count": 8655454,
            "rate": 78684.94648477124
        },
        "iterations": {
            "count": 80418,
            "rate": 731.0634458241396
        },
        "http_reqs": {
            "count": 80418,
            "rate": 731.0634458241396
        },
        "http_req_failed": {
            "passes": 81,
            "fails": 80337,
            "value": 0.001007237185704693
        },
        "http_req_duration{expected_response:true}": {
            "p(95)": 515.8534106000001,
            "avg": 249.0690814217965,
            "min": 2.488386,
            "med": 212.234219,
            "max": 2203.28494,
            "p(90)": 450.7825462000002
        },
        "http_req_connecting": {
            "avg": 0.02525366978785843,
            "min": 0,
            "med": 0,
            "max": 98.595311,
            "p(90)": 0,
            "p(95)": 0
        },
        "http_req_waiting": {
            "avg": 19.662016703586456,
            "min": 1.91088,
            "med": 17.001639,
            "max": 1715.047404,
            "p(90)": 20.620052100000002,
            "p(95)": 55.99516454999998
        }
    },
    "root_group": {
        "name": "",
        "path": "",
        "id": "d41d8cd98f00b204e9800998ecf8427e",
        "groups": {},
        "checks": {}
    }
}