{
    "root_group": {
        "name": "",
        "path": "",
        "id": "d41d8cd98f00b204e9800998ecf8427e",
        "groups": {},
        "checks": {}
    },
    "metrics": {
        "data_sent": {
            "count": 113598684,
            "rate": 1032698.7249726966
        },
        "http_req_tls_handshaking": {
            "max": 0,
            "p(90)": 0,
            "p(95)": 0,
            "avg": 0,
            "min": 0,
            "med": 0
        },
        "http_req_waiting": {
            "p(90)": 25.299785999999997,
            "p(95)": 30.85199275,
            "avg": 18.897465190473937,
            "min": 0.799784,
            "med": 18.1192135,
            "max": 1137.511035
        },
        "http_req_failed": {
            "passes": 1055446,
            "fails": 0,
            "value": 1
        },
        "http_reqs": {
            "count": 1055446,
            "rate": 9594.809553229796
        },
        "http_req_connecting": {
            "p(90)": 0,
            "p(95)": 0,
            "avg": 0.0005316011553409648,
            "min": 0,
            "med": 0,
            "max": 1.150905
        },
        "http_req_sending": {
            "max": 1.077828,
            "p(90)": 0.00427,
            "p(95)": 0.005081,
            "avg": 0.0033030288001471998,
            "min": 0.001903,
            "med": 0.002842
        },
        "iteration_duration": {
            "max": 1137.569469,
            "p(90)": 25.35388,
            "p(95)": 30.9020125,
            "avg": 18.947515247799128,
            "min": 0.835913,
            "med": 18.168934999999998
        },
        "vus": {
            "value": 1,
            "min": 1,
            "max": 200
        },
        "vus_max": {
            "value": 200,
            "min": 200,
            "max": 200
        },
        "http_req_blocked": {
            "avg": 0.0012131488271313047,
            "min": 0.000361,
            "med": 0.000538,
            "max": 1.375675,
            "p(90)": 0.000849,
            "p(95)": 0.001046
        },
        "iterations": {
            "count": 1055446,
            "rate": 9594.809553229796
        },
        "http_req_duration": {
            "min": 0.807167,
            "med": 18.131339500000003,
            "max": 1137.526985,
            "p(90)": 25.312326,
            "p(95)": 30.864992,
            "avg": 18.909730337287506
        },
        "http_req_receiving": {
            "p(95)": 0.021606,
            "avg": 0.008962118014564513,
            "min": 0.002995,
            "med": 0.006985,
            "max": 1.473313,
            "p(90)": 0.015366
        },
        "data_received": {
            "count": 125593339,
            "rate": 1141739.2920710566
        }
    }
}