{
    "root_group": {
        "groups": {},
        "checks": {},
        "name": "",
        "path": "",
        "id": "d41d8cd98f00b204e9800998ecf8427e"
    },
    "metrics": {
        "http_req_duration{expected_response:true}": {
            "max": 2283.435084,
            "p(90)": 452.0342716,
            "p(95)": 515.6347985000001,
            "avg": 248.89879249372638,
            "min": 2.515201,
            "med": 211.253858
        },
        "http_req_blocked": {
            "med": 0.000599,
            "max": 1015.708328,
            "p(90)": 0.001004,
            "p(95)": 0.001179,
            "avg": 0.04414147493662619,
            "min": 0.000378
        },
        "http_req_waiting": {
            "min": 1.889213,
            "med": 16.938499999999998,
            "max": 764.392082,
            "p(90)": 21.803746,
            "p(95)": 56.327416,
            "avg": 19.701888720413503
        },
        "iterations": {
            "count": 80476,
            "rate": 731.5672793831628
        },
        "http_req_tls_handshaking": {
            "med": 0,
            "max": 0,
            "p(90)": 0,
            "p(95)": 0,
            "avg": 0,
            "min": 0
        },
        "http_req_receiving": {
            "max": 2173.897967,
            "p(90)": 431.7129645,
            "p(95)": 494.39052749999996,
            "avg": 228.98009849567404,
            "min": 0.005561,
            "med": 189.527427
        },
        "data_received": {
            "rate": 11657408.78396882,
            "count": 1282372320
        },
        "http_req_duration": {
            "p(90)": 451.946379,
            "p(95)": 515.61595675,
            "avg": 248.68586954027444,
            "min": 2.515201,
            "med": 211.072257,
            "max": 2283.435084
        },
        "vus": {
            "value": 1,
            "min": 1,
            "max": 200
        },
        "http_req_failed": {
            "passes": 81,
            "fails": 80395,
            "value": 0.0010065112580148119
        },
        "vus_max": {
            "value": 200,
            "min": 200,
            "max": 200
        },
        "http_req_sending": {
            "med": 0.00346,
            "max": 0.273386,
            "p(90)": 0.005083,
            "p(95)": 0.005748,
            "avg": 0.003882324183607529,
            "min": 0.001948
        },
        "iteration_duration": {
            "p(90)": 452.00091699999996,
            "p(95)": 515.6598682499999,
            "avg": 248.7710926788495,
            "min": 2.562631,
            "med": 211.142725,
            "max": 2283.488857
        },
        "data_sent": {
            "count": 8661694,
            "rate": 78739.15098202525
        },
        "http_reqs": {
            "count": 80476,
            "rate": 731.5672793831628
        },
        "http_req_connecting": {
            "p(90)": 0,
            "p(95)": 0,
            "avg": 0.04336947217804067,
            "min": 0,
            "med": 0,
            "max": 1015.67732
        }
    }
}