{
    "root_group": {
        "groups": {},
        "checks": {},
        "name": "",
        "path": "",
        "id": "d41d8cd98f00b204e9800998ecf8427e"
    },
    "metrics": {
        "http_req_failed": {
            "passes": 1031833,
            "fails": 0,
            "value": 1
        },
        "http_req_blocked": {
            "avg": 0.0012209207371739394,
            "min": 0.00038,
            "med": 0.000538,
            "max": 2.00016,
            "p(90)": 0.000848,
            "p(95)": 0.001052
        },
        "http_req_duration": {
            "avg": 19.343277975412143,
            "min": 0.79871,
            "med": 18.86811,
            "max": 1046.098132,
            "p(90)": 25.488708400000004,
            "p(95)": 29.583959999999983
        },
        "data_sent": {
            "count": 111057199,
            "rate": 1009593.5127713449
        },
        "vus": {
            "value": 1,
            "min": 1,
            "max": 200
        },
        "http_req_sending": {
            "p(95)": 0.005097,
            "avg": 0.0032962527909073543,
            "min": 0.001889,
            "med": 0.002827,
            "max": 1.316691,
            "p(90)": 0.004257
        },
        "iteration_duration": {
            "min": 0.835487,
            "med": 18.905581,
            "max": 1046.128996,
            "p(90)": 25.529711000000002,
            "p(95)": 29.624309799999995,
            "avg": 19.3812330909336
        },
        "vus_max": {
            "max": 200,
            "value": 200,
            "min": 200
        },
        "data_received": {
            "rate": 1116194.7496111477,
            "count": 122783537
        },
        "iterations": {
            "count": 1031833,
            "rate": 9380.13845517025
        },
        "http_reqs": {
            "count": 1031833,
            "rate": 9380.13845517025
        },
        "http_req_connecting": {
            "p(90)": 0,
            "p(95)": 0,
            "avg": 0.0005348767484660799,
            "min": 0,
            "med": 0,
            "max": 1.97123
        },
        "http_req_waiting": {
            "med": 18.855225,
            "max": 1046.051729,
            "p(90)": 25.4765738,
            "p(95)": 29.57107339999998,
            "avg": 19.33091408129089,
            "min": 0.790598
        },
        "http_req_receiving": {
            "avg": 0.00906764132955576,
            "min": 0.00296,
            "med": 0.007011,
            "max": 2.395656,
            "p(90)": 0.015621800000000047,
            "p(95)": 0.021766
        },
        "http_req_tls_handshaking": {
            "p(90)": 0,
            "p(95)": 0,
            "avg": 0,
            "min": 0,
            "med": 0,
            "max": 0
        }
    }
}