{
    "root_group": {
        "id": "d41d8cd98f00b204e9800998ecf8427e",
        "groups": {},
        "checks": {},
        "name": "",
        "path": ""
    },
    "metrics": {
        "http_reqs": {
            "count": 1052439,
            "rate": 9567.46374450625
        },
        "data_received": {
            "rate": 1138485.4136000352,
            "count": 125235536
        },
        "vus_max": {
            "min": 200,
            "max": 200,
            "value": 200
        },
        "data_sent": {
            "rate": 1029755.4447527854,
            "count": 113275035
        },
        "iteration_duration": {
            "p(95)": 28.983745799999998,
            "avg": 19.003366869260752,
            "min": 0.817211,
            "med": 18.623679,
            "max": 1145.149941,
            "p(90)": 24.633356400000007
        },
        "iterations": {
            "count": 1052439,
            "rate": 9567.46374450625
        },
        "http_req_duration": {
            "avg": 18.966881223197884,
            "min": 0.77538,
            "med": 18.587636,
            "max": 1145.118426,
            "p(90)": 24.594566600000004,
            "p(95)": 28.945525999999997
        },
        "http_req_connecting": {
            "avg": 0.0005315728569541796,
            "min": 0,
            "med": 0,
            "max": 1.203056,
            "p(90)": 0,
            "p(95)": 0
        },
        "http_req_receiving": {
            "min": 0.00258,
            "med": 0.006543,
            "max": 4.142519,
            "p(90)": 0.01564,
            "p(95)": 0.021224099999999975,
            "avg": 0.008726260178500067
        },
        "http_req_blocked": {
            "avg": 0.0011850589221801611,
            "min": 0.000335,
            "med": 0.000511,
            "max": 1.316519,
            "p(90)": 0.000813,
            "p(95)": 0.00101
        },
        "http_req_tls_handshaking": {
            "max": 0,
            "p(90)": 0,
            "p(95)": 0,
            "avg": 0,
            "min": 0,
            "med": 0
        },
        "http_req_waiting": {
            "avg": 18.955013119373092,
            "min": 0.764728,
            "med": 18.576065,
            "max": 1145.103107,
            "p(90)": 24.581963400000003,
            "p(95)": 28.9330377
        },
        "http_req_sending": {
            "p(95)": 0.004811,
            "avg": 0.0031418436450951852,
            "min": 0.001788,
            "med": 0.002689,
            "max": 8.39409,
            "p(90)": 0.003997
        },
        "vus": {
            "value": 1,
            "min": 1,
            "max": 200
        },
        "http_req_failed": {
            "fails": 0,
            "passes": 1052439,
            "value": 1
        }
    }
}