{
    "root_group": {
        "groups": {},
        "checks": {},
        "name": "",
        "path": "",
        "id": "d41d8cd98f00b204e9800998ecf8427e"
    },
    "metrics": {
        "http_reqs": {
            "count": 80416,
            "rate": 731.0409761444253
        },
        "http_req_duration{expected_response:true}": {
            "avg": 249.1094020874454,
            "min": 2.488927,
            "med": 211.331132,
            "max": 2412.844586,
            "p(90)": 452.4406022000003,
            "p(95)": 516.0041228
        },
        "http_req_connecting": {
            "avg": 0.02062342314962197,
            "min": 0,
            "med": 0,
            "max": 122.229531,
            "p(90)": 0,
            "p(95)": 0
        },
        "http_req_sending": {
            "p(95)": 0.005807,
            "avg": 0.003895971995622771,
            "min": 0.002045,
            "med": 0.003435,
            "max": 0.232169,
            "p(90)": 0.0051175000000000005
        },
        "data_sent": {
            "rate": 78682.52134254779,
            "count": 8655238
        },
        "iterations": {
            "count": 80416,
            "rate": 731.0409761444253
        },
        "http_req_tls_handshaking": {
            "p(95)": 0,
            "avg": 0,
            "min": 0,
            "med": 0,
            "max": 0,
            "p(90)": 0
        },
        "vus": {
            "min": 1,
            "max": 200,
            "value": 1
        },
        "vus_max": {
            "value": 200,
            "min": 200,
            "max": 200
        },
        "data_received": {
            "count": 1281458819,
            "rate": 11649409.395277586
        },
        "http_req_receiving": {
            "avg": 229.24458279535267,
            "min": 0.005717,
            "med": 189.604935,
            "max": 2403.810556,
            "p(90)": 431.90658099999996,
            "p(95)": 495.05751975
        },
        "iteration_duration": {
            "p(95)": 516.028987,
            "avg": 248.96334014414953,
            "min": 2.513311,
            "med": 211.201191,
            "max": 2412.904046,
            "p(90)": 452.36566500000004
        },
        "http_req_blocked": {
            "avg": 0.021402233535615826,
            "min": 0.000373,
            "med": 0.000593,
            "max": 122.261211,
            "p(90)": 0.00101,
            "p(95)": 0.001184
        },
        "http_req_failed": {
            "passes": 81,
            "fails": 80335,
            "value": 0.0010072622363708715
        },
        "http_req_duration": {
            "avg": 248.90047759551496,
            "min": 2.488927,
            "med": 211.1484035,
            "max": 2412.844586,
            "p(90)": 452.315074,
            "p(95)": 515.98734425
        },
        "http_req_waiting": {
            "avg": 19.65199882816852,
            "min": 1.879823,
            "med": 17.048512,
            "max": 792.297311,
            "p(90)": 21.464647999999997,
            "p(95)": 56.66637025
        }
    }
}