{
    "metrics": {
        "http_req_receiving": {
            "min": 0.003054,
            "med": 0.007053,
            "max": 3.431776,
            "p(90)": 0.015548,
            "p(95)": 0.021729,
            "avg": 0.009042833348735894
        },
        "iterations": {
            "count": 1049623,
            "rate": 9541.970651540878
        },
        "http_req_duration": {
            "max": 1114.866928,
            "p(90)": 25.3583706,
            "p(95)": 29.788017399999994,
            "avg": 19.014859140347923,
            "min": 0.798817,
            "med": 18.543951
        },
        "data_sent": {
            "count": 112971987,
            "rate": 1027011.9694407018
        },
        "http_req_tls_handshaking": {
            "max": 0,
            "p(90)": 0,
            "p(95)": 0,
            "avg": 0,
            "min": 0,
            "med": 0
        },
        "http_req_waiting": {
            "avg": 19.00251276659977,
            "min": 0.792051,
            "med": 18.531742,
            "max": 1114.856629,
            "p(90)": 25.345708600000005,
            "p(95)": 29.774648799999994
        },
        "data_received": {
            "count": 124900427,
            "rate": 1135451.689605624
        },
        "http_reqs": {
            "rate": 9541.970651540878,
            "count": 1049623
        },
        "vus": {
            "min": 1,
            "max": 200,
            "value": 1
        },
        "http_req_connecting": {
            "max": 1.143391,
            "p(90)": 0,
            "p(95)": 0,
            "avg": 0.0005302272434959981,
            "min": 0,
            "med": 0
        },
        "http_req_sending": {
            "med": 0.002846,
            "max": 0.516447,
            "p(90)": 0.004277,
            "p(95)": 0.005101,
            "avg": 0.00330354040164913,
            "min": 0.001934
        },
        "iteration_duration": {
            "max": 1114.898733,
            "p(90)": 25.397716200000005,
            "p(95)": 29.828810199999992,
            "avg": 19.0527075384399,
            "min": 0.825204,
            "med": 18.581293
        },
        "http_req_blocked": {
            "avg": 0.001218464788786543,
            "min": 0.000389,
            "med": 0.000541,
            "max": 1.257912,
            "p(90)": 0.000852,
            "p(95)": 0.001053
        },
        "http_req_failed": {
            "passes": 1049623,
            "fails": 0,
            "value": 1
        },
        "vus_max": {
            "value": 200,
            "min": 200,
            "max": 200
        }
    },
    "root_group": {
        "groups": {},
        "checks": {},
        "name": "",
        "path": "",
        "id": "d41d8cd98f00b204e9800998ecf8427e"
    }
}