{
    "metrics": {
        "data_received": {
            "rate": 11652668.451785868,
            "count": 1281812480
        },
        "vus_max": {
            "value": 200,
            "min": 200,
            "max": 200
        },
        "http_reqs": {
            "count": 80440,
            "rate": 731.2619161436587
        },
        "http_req_duration": {
            "max": 2476.670712,
            "p(90)": 452.0902679,
            "p(95)": 515.93315515,
            "avg": 248.8043074245904,
            "min": 2.459895,
            "med": 210.6713095
        },
        "http_req_receiving": {
            "avg": 229.0213034517171,
            "min": 0.005351,
            "med": 189.004715,
            "max": 2458.850135,
            "p(90)": 431.75677970000004,
            "p(95)": 495.10071805
        },
        "http_req_duration{expected_response:true}": {
            "p(95)": 515.9497115999999,
            "avg": 249.01136506406309,
            "min": 2.459895,
            "med": 210.85483,
            "max": 2476.670712,
            "p(90)": 452.156027
        },
        "http_req_sending": {
            "max": 0.249838,
            "p(90)": 0.004699,
            "p(95)": 0.005337,
            "avg": 0.0035070777722525743,
            "min": 0.001893,
            "med": 0.003152
        },
        "http_req_tls_handshaking": {
            "avg": 0,
            "min": 0,
            "med": 0,
            "max": 0,
            "p(90)": 0,
            "p(95)": 0
        },
        "http_req_blocked": {
            "avg": 0.019399174726504834,
            "min": 0.000356,
            "med": 0.000541,
            "max": 96.776243,
            "p(90)": 0.000969,
            "p(95)": 0.001105
        },
        "data_sent": {
            "count": 8657811,
            "rate": 78706.20911822037
        },
        "http_req_connecting": {
            "p(95)": 0,
            "avg": 0.01869741746643462,
            "min": 0,
            "med": 0,
            "max": 96.748978,
            "p(90)": 0
        },
        "vus": {
            "value": 1,
            "min": 1,
            "max": 200
        },
        "iteration_duration": {
            "p(95)": 515.9698808,
            "avg": 248.86149842069827,
            "min": 2.483728,
            "med": 210.7367405,
            "max": 2476.704185,
            "p(90)": 452.1281829
        },
        "http_req_failed": {
            "passes": 81,
            "fails": 80359,
            "value": 0.0010069617105917454
        },
        "http_req_waiting": {
            "avg": 19.779496895101897,
            "min": 1.888555,
            "med": 17.041664500000003,
            "max": 531.806978,
            "p(90)": 25.94990310000007,
            "p(95)": 56.904819300000014
        },
        "iterations": {
            "count": 80440,
            "rate": 731.2619161436587
        }
    },
    "root_group": {
        "name": "",
        "path": "",
        "id": "d41d8cd98f00b204e9800998ecf8427e",
        "groups": {},
        "checks": {}
    }
}