{
    "metrics": {
        "http_req_connecting": {
            "avg": 0.03376989002910664,
            "min": 0,
            "med": 0,
            "max": 1013.608563,
            "p(90)": 0,
            "p(95)": 0
        },
        "http_req_receiving": {
            "p(90)": 430.57711699999993,
            "p(95)": 494.23476254999986,
            "avg": 229.23695233543552,
            "min": 0.005416,
            "med": 189.90815800000001,
            "max": 2447.764591
        },
        "http_req_duration{expected_response:true}": {
            "min": 2.707763,
            "med": 211.294475,
            "max": 2457.923473,
            "p(90)": 452.1007788,
            "p(95)": 515.6946944,
            "avg": 249.12871447284596
        },
        "http_req_failed": {
            "passes": 81,
            "fails": 80313,
            "value": 0.0010075378759608926
        },
        "http_req_duration": {
            "avg": 248.91562074974118,
            "min": 2.707763,
            "med": 211.096142,
            "max": 2457.923473,
            "p(90)": 452.0319691,
            "p(95)": 515.65741585
        },
        "data_received": {
            "rate": 11646627.134981787,
            "count": 1281152663
        },
        "http_reqs": {
            "count": 80394,
            "rate": 730.8410378644513
        },
        "http_req_sending": {
            "med": 0.0031695,
            "max": 0.214705,
            "p(90)": 0.00479,
            "p(95)": 0.005427,
            "avg": 0.0035468430479886543,
            "min": 0.001899
        },
        "iteration_duration": {
            "avg": 248.9880447203895,
            "min": 2.732761,
            "med": 211.144231,
            "max": 2493.861508,
            "p(90)": 452.0836053,
            "p(95)": 515.7075490499999
        },
        "vus": {
            "value": 1,
            "min": 1,
            "max": 200
        },
        "http_req_waiting": {
            "avg": 19.67512157126161,
            "min": 1.967902,
            "med": 17.001251500000002,
            "max": 818.806226,
            "p(90)": 22.079853899999925,
            "p(95)": 56.53203114999998
        },
        "iterations": {
            "count": 80394,
            "rate": 730.8410378644513
        },
        "http_req_blocked": {
            "min": 0.000356,
            "med": 0.000544,
            "max": 1013.628251,
            "p(90)": 0.000976,
            "p(95)": 0.001111,
            "avg": 0.034486637684403215
        },
        "vus_max": {
            "max": 200,
            "value": 200,
            "min": 200
        },
        "http_req_tls_handshaking": {
            "avg": 0,
            "min": 0,
            "med": 0,
            "max": 0,
            "p(90)": 0,
            "p(95)": 0
        },
        "data_sent": {
            "count": 8652877,
            "rate": 78661.06434800409
        }
    },
    "root_group": {
        "name": "",
        "path": "",
        "id": "d41d8cd98f00b204e9800998ecf8427e",
        "groups": {},
        "checks": {}
    }
}