{
    "root_group": {
        "checks": {},
        "name": "",
        "path": "",
        "id": "d41d8cd98f00b204e9800998ecf8427e",
        "groups": {}
    },
    "metrics": {
        "http_req_failed": {
            "passes": 81,
            "fails": 80238,
            "value": 0.001008478691218765
        },
        "http_req_receiving": {
            "p(90)": 431.55168679999997,
            "p(95)": 494.87597869999996,
            "avg": 229.40829484468242,
            "min": 0.006247,
            "med": 190.425362,
            "max": 1895.641802
        },
        "http_req_connecting": {
            "min": 0,
            "med": 0,
            "max": 1027.597671,
            "p(90)": 0,
            "p(95)": 0,
            "avg": 0.05702214626676126
        },
        "http_req_blocked": {
            "p(95)": 0.001175,
            "avg": 0.057799939254720906,
            "min": 0.000376,
            "med": 0.000595,
            "max": 1027.625171,
            "p(90)": 0.001003
        },
        "vus": {
            "max": 200,
            "value": 1,
            "min": 1
        },
        "http_reqs": {
            "rate": 730.1600019579215,
            "count": 80319
        },
        "iteration_duration": {
            "p(90)": 452.2368132,
            "p(95)": 515.9486618999999,
            "avg": 249.22958695134218,
            "min": 2.804143,
            "med": 211.327703,
            "max": 1905.508973
        },
        "data_received": {
            "count": 1279943960,
            "rate": 11635651.394310558
        },
        "iterations": {
            "count": 80319,
            "rate": 730.1600019579215
        },
        "vus_max": {
            "min": 200,
            "max": 200,
            "value": 200
        },
        "http_req_tls_handshaking": {
            "max": 0,
            "p(90)": 0,
            "p(95)": 0,
            "avg": 0,
            "min": 0,
            "med": 0
        },
        "http_req_duration{expected_response:true}": {
            "max": 1905.461998,
            "p(90)": 452.23440890000006,
            "p(95)": 515.9257240999999,
            "avg": 249.34554166821403,
            "min": 2.773009,
            "med": 211.40250650000002
        },
        "http_req_waiting": {
            "min": 2.021641,
            "med": 17.031937,
            "max": 874.643204,
            "p(90)": 23.756999999999966,
            "p(95)": 56.73317079999997,
            "avg": 19.71794968146996
        },
        "http_req_duration": {
            "med": 211.24979,
            "max": 1905.461998,
            "p(90)": 452.1385242,
            "p(95)": 515.8990746,
            "avg": 249.13011960442944,
            "min": 2.773009
        },
        "data_sent": {
            "count": 8644809,
            "rate": 78587.80308975282
        },
        "http_req_sending": {
            "min": 0.001994,
            "med": 0.003435,
            "max": 0.333058,
            "p(90)": 0.005058199999999997,
            "p(95)": 0.005732,
            "avg": 0.003875078275376943
        }
    }
}