{
    "root_group": {
        "name": "",
        "path": "",
        "id": "d41d8cd98f00b204e9800998ecf8427e",
        "groups": {},
        "checks": {}
    },
    "metrics": {
        "http_req_connecting": {
            "min": 0,
            "med": 0,
            "max": 1011.917348,
            "p(90)": 0,
            "p(95)": 0,
            "avg": 0.04289284091135581
        },
        "http_req_waiting": {
            "min": 1.879122,
            "med": 17.0832035,
            "max": 427.024232,
            "p(90)": 27.7775995,
            "p(95)": 56.74045,
            "avg": 19.783148632704584
        },
        "iteration_duration": {
            "p(95)": 513.54615225,
            "avg": 249.3806343700994,
            "min": 2.730399,
            "med": 212.2933405,
            "max": 2276.644426,
            "p(90)": 450.79761199999996
        },
        "http_req_duration": {
            "avg": 249.29181343420203,
            "min": 2.702203,
            "med": 212.21370050000002,
            "max": 2276.596356,
            "p(90)": 450.735148,
            "p(95)": 513.42914825
        },
        "http_req_receiving": {
            "min": 0.005003,
            "med": 190.97359649999999,
            "max": 2224.248159,
            "p(90)": 430.6700455,
            "p(95)": 493.978072,
            "avg": 229.50434739113737
        },
        "vus": {
            "value": 1,
            "min": 1,
            "max": 200
        },
        "vus_max": {
            "max": 200,
            "value": 200,
            "min": 200
        },
        "iterations": {
            "rate": 729.7678670436476,
            "count": 80276
        },
        "http_req_sending": {
            "min": 0.002013,
            "med": 0.003771,
            "max": 0.170697,
            "p(90)": 0.0057215,
            "p(95)": 0.0068312500000000005,
            "avg": 0.004317410359260604
        },
        "http_req_failed": {
            "passes": 81,
            "fails": 80195,
            "value": 0.0010090188848472768
        },
        "data_sent": {
            "count": 8640185,
            "rate": 78545.63478888482
        },
        "http_req_tls_handshaking": {
            "min": 0,
            "med": 0,
            "max": 0,
            "p(90)": 0,
            "p(95)": 0,
            "avg": 0
        },
        "http_req_duration{expected_response:true}": {
            "avg": 249.49660930909667,
            "min": 2.702203,
            "med": 212.326946,
            "max": 2276.596356,
            "p(90)": 450.846013,
            "p(95)": 513.5726145
        },
        "http_req_blocked": {
            "avg": 0.043745855822411424,
            "min": 0.000379,
            "med": 0.000646,
            "max": 1011.967564,
            "p(90)": 0.001102,
            "p(95)": 0.001325
        },
        "http_reqs": {
            "count": 80276,
            "rate": 729.7678670436476
        },
        "data_received": {
            "count": 1279298646,
            "rate": 11629765.362041537
        }
    }
}