{
    "metrics": {
        "http_req_duration": {
            "avg": 248.79566036390668,
            "min": 2.329197,
            "med": 211.103698,
            "max": 2444.170024,
            "p(90)": 451.98689600000006,
            "p(95)": 515.9254633999999
        },
        "http_req_duration{expected_response:true}": {
            "med": 211.338503,
            "max": 2444.170024,
            "p(90)": 452.0930060000003,
            "p(95)": 515.9486581,
            "avg": 249.01362297798562,
            "min": 2.329197
        },
        "data_sent": {
            "rate": 78699.25002625585,
            "count": 8657060
        },
        "http_req_tls_handshaking": {
            "max": 0,
            "p(90)": 0,
            "p(95)": 0,
            "avg": 0,
            "min": 0,
            "med": 0
        },
        "http_req_sending": {
            "min": 0.002027,
            "med": 0.003427,
            "max": 0.146873,
            "p(90)": 0.005052,
            "p(95)": 0.005734,
            "avg": 0.0038647851752389964
        },
        "http_req_blocked": {
            "med": 0.0006,
            "max": 1029.032557,
            "p(90)": 0.001006,
            "p(95)": 0.001178,
            "avg": 0.033326258475997426,
            "min": 0.000374
        },
        "iterations": {
            "count": 80433,
            "rate": 731.1970550466136
        },
        "vus": {
            "value": 1,
            "min": 1,
            "max": 200
        },
        "vus_max": {
            "max": 200,
            "value": 200,
            "min": 200
        },
        "http_req_connecting": {
            "med": 0,
            "max": 1028.993744,
            "p(90)": 0,
            "p(95)": 0,
            "avg": 0.03254196629492869,
            "min": 0
        },
        "data_received": {
            "count": 1281689711,
            "rate": 11651532.8555039
        },
        "iteration_duration": {
            "avg": 248.8697810418081,
            "min": 2.35364,
            "med": 211.166944,
            "max": 2444.209765,
            "p(90)": 452.0267556,
            "p(95)": 515.9614605999999
        },
        "http_req_failed": {
            "passes": 81,
            "fails": 80352,
            "value": 0.0010070493454179255
        },
        "http_req_receiving": {
            "avg": 229.0425470403064,
            "min": 0.005854,
            "med": 189.223734,
            "max": 2433.069,
            "p(90)": 431.22695780000004,
            "p(95)": 494.64555859999996
        },
        "http_reqs": {
            "rate": 731.1970550466136,
            "count": 80433
        },
        "http_req_waiting": {
            "p(90)": 24.561948800000017,
            "p(95)": 56.05303599999997,
            "avg": 19.749248538423267,
            "min": 1.772896,
            "med": 16.958635,
            "max": 838.364051
        }
    },
    "root_group": {
        "name": "",
        "path": "",
        "id": "d41d8cd98f00b204e9800998ecf8427e",
        "groups": {},
        "checks": {}
    }
}