{
    "root_group": {
        "path": "",
        "id": "d41d8cd98f00b204e9800998ecf8427e",
        "groups": {},
        "checks": {},
        "name": ""
    },
    "metrics": {
        "vus_max": {
            "value": 200,
            "min": 200,
            "max": 200
        },
        "vus": {
            "max": 200,
            "value": 1,
            "min": 1
        },
        "http_reqs": {
            "count": 1041228,
            "rate": 9465.603577826008
        },
        "http_req_tls_handshaking": {
            "avg": 0,
            "min": 0,
            "med": 0,
            "max": 0,
            "p(90)": 0,
            "p(95)": 0
        },
        "http_req_waiting": {
            "avg": 19.156155278680497,
            "min": 0.803317,
            "med": 18.211311000000002,
            "max": 1097.552245,
            "p(90)": 26.438362000000005,
            "p(95)": 30.343434699999985
        },
        "http_req_failed": {
            "passes": 1041228,
            "fails": 0,
            "value": 1
        },
        "data_sent": {
            "count": 112068407,
            "rate": 1018792.3435217468
        },
        "http_req_duration": {
            "p(90)": 26.451339700000005,
            "p(95)": 30.356731349999993,
            "avg": 19.168552495584123,
            "min": 0.813094,
            "med": 18.223767,
            "max": 1097.564389
        },
        "http_req_connecting": {
            "avg": 0.0005412976082087688,
            "min": 0,
            "med": 0,
            "max": 1.374515,
            "p(90)": 0,
            "p(95)": 0
        },
        "iteration_duration": {
            "avg": 19.206395064791806,
            "min": 0.84282,
            "med": 18.261027,
            "max": 1097.606922,
            "p(90)": 26.4900547,
            "p(95)": 30.39623324999998
        },
        "http_req_sending": {
            "avg": 0.0033146831337614187,
            "min": 0.00191,
            "med": 0.002849,
            "max": 5.70478,
            "p(90)": 0.00429,
            "p(95)": 0.005115
        },
        "iterations": {
            "rate": 9465.603577826008,
            "count": 1041228
        },
        "http_req_receiving": {
            "avg": 0.009082533769741477,
            "min": 0.003003,
            "med": 0.007063,
            "max": 3.915967,
            "p(90)": 0.015673,
            "p(95)": 0.021837
        },
        "data_received": {
            "count": 123901437,
            "rate": 1126364.1444188822
        },
        "http_req_blocked": {
            "med": 0.000537,
            "max": 1.450603,
            "p(90)": 0.000847,
            "p(95)": 0.001046,
            "avg": 0.0012257080168805374,
            "min": 0.00038
        }
    }
}