{
    "metrics": {
        "http_req_receiving": {
            "med": 189.482513,
            "max": 2080.167215,
            "p(90)": 430.60253120000027,
            "p(95)": 493.4333642,
            "avg": 229.07814122236692,
            "min": 0.005625
        },
        "vus": {
            "value": 1,
            "min": 1,
            "max": 200
        },
        "http_reqs": {
            "count": 80465,
            "rate": 731.4937346231641
        },
        "http_req_sending": {
            "avg": 0.0038626484309948403,
            "min": 0.002046,
            "med": 0.003427,
            "max": 0.367077,
            "p(90)": 0.005026,
            "p(95)": 0.005687
        },
        "vus_max": {
            "min": 200,
            "max": 200,
            "value": 200
        },
        "http_req_connecting": {
            "p(95)": 0,
            "avg": 0.0474075402473125,
            "min": 0,
            "med": 0,
            "max": 1013.131653,
            "p(90)": 0
        },
        "http_req_tls_handshaking": {
            "max": 0,
            "p(90)": 0,
            "p(95)": 0,
            "avg": 0,
            "min": 0,
            "med": 0
        },
        "iteration_duration": {
            "avg": 248.80428008003418,
            "min": 2.160393,
            "med": 210.620687,
            "max": 2125.49586,
            "p(90)": 451.51093460000004,
            "p(95)": 513.8284656000001
        },
        "data_received": {
            "count": 1282188541,
            "rate": 11656159.62650986
        },
        "http_req_duration": {
            "p(90)": 451.4545100000001,
            "p(95)": 513.7544754,
            "avg": 248.71534752713404,
            "min": 2.125001,
            "med": 210.573757,
            "max": 2125.451879
        },
        "http_req_blocked": {
            "max": 1013.200272,
            "p(90)": 0.000995,
            "p(95)": 0.001156,
            "avg": 0.04817822653327428,
            "min": 0.000377,
            "med": 0.000594
        },
        "http_req_duration{expected_response:true}": {
            "max": 2125.451879,
            "p(90)": 451.53036099999997,
            "p(95)": 513.7978638,
            "avg": 248.92906449558174,
            "min": 2.125001,
            "med": 210.78112900000002
        },
        "http_req_failed": {
            "passes": 81,
            "fails": 80384,
            "value": 0.0010066488535388058
        },
        "iterations": {
            "count": 80465,
            "rate": 731.4937346231641
        },
        "http_req_waiting": {
            "p(90)": 21.939151000000038,
            "p(95)": 55.96175200000001,
            "avg": 19.633343656335136,
            "min": 1.518137,
            "med": 16.934746,
            "max": 863.819294
        },
        "data_sent": {
            "count": 8660511,
            "rate": 78731.24383439997
        }
    },
    "root_group": {
        "name": "",
        "path": "",
        "id": "d41d8cd98f00b204e9800998ecf8427e",
        "groups": {},
        "checks": {}
    }
}