{
    "metrics": {
        "http_reqs": {
            "count": 1029402,
            "rate": 9358.038998171814
        },
        "data_sent": {
            "count": 110795555,
            "rate": 1007214.9893958727
        },
        "http_req_duration": {
            "avg": 19.390831169906317,
            "min": 0.833368,
            "med": 18.714658999999997,
            "max": 1191.800278,
            "p(90)": 26.049644500000003,
            "p(95)": 30.652224999999994
        },
        "http_req_tls_handshaking": {
            "avg": 0,
            "min": 0,
            "med": 0,
            "max": 0,
            "p(90)": 0,
            "p(95)": 0
        },
        "http_req_failed": {
            "passes": 1029402,
            "fails": 0,
            "value": 1
        },
        "iteration_duration": {
            "min": 0.868176,
            "med": 18.7509565,
            "max": 1191.831091,
            "p(90)": 26.087716999999998,
            "p(95)": 30.689507949999992,
            "avg": 19.42719735487439
        },
        "iterations": {
            "count": 1029402,
            "rate": 9358.038998171814
        },
        "vus": {
            "value": 1,
            "min": 1,
            "max": 200
        },
        "http_req_blocked": {
            "min": 0.000347,
            "med": 0.00051,
            "max": 1.261059,
            "p(90)": 0.000813,
            "p(95)": 0.001012,
            "avg": 0.0011765540877134203
        },
        "vus_max": {
            "min": 200,
            "max": 200,
            "value": 200
        },
        "http_req_waiting": {
            "avg": 19.379289088974467,
            "min": 0.824573,
            "med": 18.703073500000002,
            "max": 1191.779795,
            "p(90)": 26.037349900000002,
            "p(95)": 30.6406845
        },
        "http_req_connecting": {
            "med": 0,
            "max": 1.149885,
            "p(90)": 0,
            "p(95)": 0,
            "avg": 0.0005262538434936015,
            "min": 0
        },
        "http_req_sending": {
            "med": 0.002694,
            "max": 0.743991,
            "p(90)": 0.004022,
            "p(95)": 0.004858,
            "avg": 0.0031280702844953363,
            "min": 0.001836
        },
        "data_received": {
            "count": 122494243,
            "rate": 1113564.8687738462
        },
        "http_req_receiving": {
            "avg": 0.008414010646958073,
            "min": 0.00292,
            "med": 0.006496,
            "max": 1.265778,
            "p(90)": 0.014737,
            "p(95)": 0.020675
        }
    },
    "root_group": {
        "groups": {},
        "checks": {},
        "name": "",
        "path": "",
        "id": "d41d8cd98f00b204e9800998ecf8427e"
    }
}