{
    "root_group": {
        "name": "",
        "path": "",
        "id": "d41d8cd98f00b204e9800998ecf8427e",
        "groups": {},
        "checks": {}
    },
    "metrics": {
        "http_reqs": {
            "count": 1012057,
            "rate": 9200.287658156034
        },
        "http_req_duration": {
            "max": 1320.57267,
            "p(90)": 26.6477666,
            "p(95)": 31.031163199999998,
            "avg": 19.722123025313067,
            "min": 0.798928,
            "med": 18.87092
        },
        "http_req_failed": {
            "passes": 1012057,
            "fails": 0,
            "value": 1
        },
        "http_req_sending": {
            "min": 0.001893,
            "med": 0.002843,
            "max": 5.391779,
            "p(90)": 0.004283,
            "p(95)": 0.005131,
            "avg": 0.0033183285081769143
        },
        "vus": {
            "value": 1,
            "min": 1,
            "max": 200
        },
        "http_req_tls_handshaking": {
            "min": 0,
            "med": 0,
            "max": 0,
            "p(90)": 0,
            "p(95)": 0,
            "avg": 0
        },
        "iterations": {
            "count": 1012057,
            "rate": 9200.287658156034
        },
        "http_req_waiting": {
            "avg": 19.709670469825326,
            "min": 0.791077,
            "med": 18.858797,
            "max": 1320.563098,
            "p(90)": 26.6348478,
            "p(95)": 31.0187022
        },
        "iteration_duration": {
            "avg": 19.76009193730345,
            "min": 0.82797,
            "med": 18.908398,
            "max": 1320.623524,
            "p(90)": 26.6877594,
            "p(95)": 31.070189399999997
        },
        "vus_max": {
            "max": 200,
            "value": 200,
            "min": 200
        },
        "http_req_connecting": {
            "avg": 0.00053157146287215,
            "min": 0,
            "med": 0,
            "max": 1.368489,
            "p(90)": 0,
            "p(95)": 0
        },
        "http_req_receiving": {
            "avg": 0.009134226979310104,
            "min": 0.00298,
            "med": 0.007077,
            "max": 4.350936,
            "p(90)": 0.015862,
            "p(95)": 0.021893
        },
        "http_req_blocked": {
            "p(90)": 0.000854,
            "p(95)": 0.001058,
            "avg": 0.0012223514772392997,
            "min": 0.000379,
            "med": 0.000538,
            "max": 1.436598
        },
        "data_sent": {
            "count": 108928699,
            "rate": 990236.0885095341
        },
        "data_received": {
            "count": 120430288,
            "rate": 1094793.3687080636
        }
    }
}