{
    "root_group": {
        "groups": {},
        "checks": {},
        "name": "",
        "path": "",
        "id": "d41d8cd98f00b204e9800998ecf8427e"
    },
    "metrics": {
        "data_sent": {
            "count": 115003493,
            "rate": 1045467.2128005491
        },
        "http_req_sending": {
            "max": 4.352627,
            "p(90)": 0.003992,
            "p(95)": 0.004773,
            "avg": 0.003130337364225441,
            "min": 0.001794,
            "med": 0.002688
        },
        "vus": {
            "min": 1,
            "max": 200,
            "value": 1
        },
        "data_received": {
            "count": 127146417,
            "rate": 1155855.4156139097
        },
        "http_reqs": {
            "count": 1068498,
            "rate": 9713.440842557375
        },
        "http_req_blocked": {
            "avg": 0.0011876398289938975,
            "min": 0.000347,
            "med": 0.00051,
            "max": 1.67846,
            "p(90)": 0.000807,
            "p(95)": 0.001005
        },
        "http_req_waiting": {
            "p(95)": 29.90140989999999,
            "avg": 18.668432909609095,
            "min": 0.796592,
            "med": 17.9010815,
            "max": 1247.824781,
            "p(90)": 25.429028700000003
        },
        "http_req_tls_handshaking": {
            "avg": 0,
            "min": 0,
            "med": 0,
            "max": 0,
            "p(90)": 0,
            "p(95)": 0
        },
        "iteration_duration": {
            "p(95)": 29.948816049999998,
            "avg": 18.7164120272409,
            "min": 0.836896,
            "med": 17.9480345,
            "max": 1247.863194,
            "p(90)": 25.478462699999998
        },
        "http_req_failed": {
            "passes": 1068498,
            "fails": 0,
            "value": 1
        },
        "http_req_connecting": {
            "avg": 0.0005348057609841102,
            "min": 0,
            "med": 0,
            "max": 1.615187,
            "p(90)": 0,
            "p(95)": 0
        },
        "http_req_duration": {
            "avg": 18.68014706125547,
            "min": 0.808477,
            "med": 17.912614,
            "max": 1247.834673,
            "p(90)": 25.440950200000007,
            "p(95)": 29.912917299999997
        },
        "vus_max": {
            "min": 200,
            "max": 200,
            "value": 200
        },
        "http_req_receiving": {
            "avg": 0.008583814283227353,
            "min": 0.002776,
            "med": 0.006495,
            "max": 3.109308,
            "p(90)": 0.015536,
            "p(95)": 0.021142
        },
        "iterations": {
            "count": 1068498,
            "rate": 9713.440842557375
        }
    }
}