{
    "root_group": {
        "groups": {},
        "checks": {},
        "name": "",
        "path": "",
        "id": "d41d8cd98f00b204e9800998ecf8427e"
    },
    "metrics": {
        "vus": {
            "max": 200,
            "value": 1,
            "min": 1
        },
        "http_req_duration": {
            "p(95)": 514.3449285000004,
            "avg": 248.8395561699986,
            "min": 2.399393,
            "med": 211.704158,
            "max": 2051.853726,
            "p(90)": 451.37539780000003
        },
        "data_sent": {
            "count": 8657276,
            "rate": 78701.47273274492
        },
        "http_req_blocked": {
            "p(90)": 0.000997,
            "p(95)": 0.001163,
            "avg": 0.020480366258470765,
            "min": 0.000377,
            "med": 0.000594,
            "max": 126.676726
        },
        "http_req_duration{expected_response:true}": {
            "avg": 249.04017962111203,
            "min": 2.399393,
            "med": 211.8842615,
            "max": 2051.853726,
            "p(90)": 451.4793320999999,
            "p(95)": 514.5463834000001
        },
        "data_received": {
            "count": 1281759965,
            "rate": 11652209.879339827
        },
        "http_req_failed": {
            "fails": 80354,
            "passes": 81,
            "value": 0.0010070243053397153
        },
        "http_reqs": {
            "count": 80435,
            "rate": 731.2176438937996
        },
        "http_req_tls_handshaking": {
            "max": 0,
            "p(90)": 0,
            "p(95)": 0,
            "avg": 0,
            "min": 0,
            "med": 0
        },
        "http_req_sending": {
            "p(90)": 0.005026,
            "p(95)": 0.005695,
            "avg": 0.0038471691054888495,
            "min": 0.002013,
            "med": 0.003435,
            "max": 0.235434
        },
        "vus_max": {
            "value": 200,
            "min": 200,
            "max": 200
        },
        "http_req_connecting": {
            "max": 126.648587,
            "p(90)": 0,
            "p(95)": 0,
            "avg": 0.01970795914713745,
            "min": 0,
            "med": 0
        },
        "iterations": {
            "count": 80435,
            "rate": 731.2176438937996
        },
        "http_req_waiting": {
            "min": 1.688741,
            "med": 17.002582,
            "max": 885.774267,
            "p(90)": 21.39919480000007,
            "p(95)": 56.26276680000001,
            "avg": 19.74298820978443
        },
        "http_req_receiving": {
            "p(90)": 431.1145862000002,
            "p(95)": 494.23436950000007,
            "avg": 229.0927207911107,
            "min": 0.00532,
            "med": 190.346852,
            "max": 2033.462393
        },
        "iteration_duration": {
            "avg": 248.90095044060405,
            "min": 2.433031,
            "med": 211.765507,
            "max": 2051.913361,
            "p(90)": 451.4473822000001,
            "p(95)": 514.3932106000002
        }
    }
}