{
    "root_group": {
        "name": "",
        "path": "",
        "id": "d41d8cd98f00b204e9800998ecf8427e",
        "groups": {},
        "checks": {}
    },
    "metrics": {
        "http_req_duration{expected_response:true}": {
            "p(95)": 515.8736805000001,
            "avg": 248.98783026292455,
            "min": 2.580223,
            "med": 211.6803025,
            "max": 2098.283842,
            "p(90)": 451.36856969999997
        },
        "http_req_receiving": {
            "avg": 228.98604881567718,
            "min": 0.005812,
            "med": 190.34111,
            "max": 2080.934283,
            "p(90)": 430.04274760000004,
            "p(95)": 494.22025740000004
        },
        "data_received": {
            "rate": 11653862.2366273,
            "count": 1281945607
        },
        "vus": {
            "value": 1,
            "min": 1,
            "max": 200
        },
        "http_req_sending": {
            "min": 0.001932,
            "med": 0.003473,
            "max": 0.227502,
            "p(90)": 0.005099,
            "p(95)": 0.005796,
            "avg": 0.0038986728945242396
        },
        "http_reqs": {
            "count": 80445,
            "rate": 731.3063381990146
        },
        "http_req_failed": {
            "passes": 81,
            "fails": 80364,
            "value": 0.0010068991236248368
        },
        "http_req_blocked": {
            "med": 0.000602,
            "max": 1020.248339,
            "p(90)": 0.001004,
            "p(95)": 0.001164,
            "avg": 0.03475334668406818,
            "min": 0.000373
        },
        "http_req_tls_handshaking": {
            "min": 0,
            "med": 0,
            "max": 0,
            "p(90)": 0,
            "p(95)": 0,
            "avg": 0
        },
        "http_req_waiting": {
            "avg": 19.7787182264403,
            "min": 2.04144,
            "med": 17.041136,
            "max": 760.696357,
            "p(90)": 22.896277200000018,
            "p(95)": 57.3303274
        },
        "data_sent": {
            "count": 8658351,
            "rate": 78711.0070812577
        },
        "vus_max": {
            "value": 200,
            "min": 200,
            "max": 200
        },
        "http_req_connecting": {
            "avg": 0.03397935124619305,
            "min": 0,
            "med": 0,
            "max": 1020.228814,
            "p(90)": 0,
            "p(95)": 0
        },
        "iteration_duration": {
            "p(95)": 515.9059034,
            "avg": 248.8447159739939,
            "min": 2.610809,
            "med": 211.557183,
            "max": 2098.330135,
            "p(90)": 451.3588168
        },
        "iterations": {
            "count": 80445,
            "rate": 731.3063381990146
        },
        "http_req_duration": {
            "avg": 248.76866571500608,
            "min": 2.580223,
            "med": 211.488313,
            "max": 2098.283842,
            "p(90)": 451.29685560000013,
            "p(95)": 515.8584828
        }
    }
}