{
    "root_group": {
        "name": "",
        "path": "",
        "id": "d41d8cd98f00b204e9800998ecf8427e",
        "groups": {},
        "checks": {}
    },
    "metrics": {
        "vus": {
            "max": 200,
            "value": 1,
            "min": 1
        },
        "data_sent": {
            "count": 8653736,
            "rate": 78667.21380462432
        },
        "data_received": {
            "rate": 11647487.50094623,
            "count": 1281274333
        },
        "vus_max": {
            "value": 200,
            "min": 200,
            "max": 200
        },
        "http_reqs": {
            "rate": 730.8983454451817,
            "count": 80402
        },
        "http_req_duration{expected_response:true}": {
            "min": 2.375299,
            "med": 211.771566,
            "max": 2130.53505,
            "p(90)": 451.34892,
            "p(95)": 515.59077,
            "avg": 249.08694700593767
        },
        "http_req_receiving": {
            "min": 0.005092,
            "med": 190.3458385,
            "max": 2112.515613,
            "p(90)": 430.0805959000004,
            "p(95)": 494.20117139999996,
            "avg": 229.1815539713174
        },
        "http_req_sending": {
            "avg": 0.003924490734061318,
            "min": 0.001942,
            "med": 0.003479,
            "max": 0.331931,
            "p(90)": 0.00513,
            "p(95)": 0.005843
        },
        "iterations": {
            "count": 80402,
            "rate": 730.8983454451817
        },
        "http_req_blocked": {
            "max": 1032.864715,
            "p(90)": 0.001018,
            "p(95)": 0.001189,
            "avg": 0.05650242271336354,
            "min": 0.000365,
            "med": 0.0006
        },
        "http_req_failed": {
            "passes": 81,
            "fails": 80321,
            "value": 0.0010074376259297032
        },
        "http_req_waiting": {
            "p(90)": 21.86031950000001,
            "p(95)": 56.50178209999999,
            "avg": 19.70108624950862,
            "min": 1.566266,
            "med": 17.036172999999998,
            "max": 1732.748644
        },
        "http_req_tls_handshaking": {
            "p(90)": 0,
            "p(95)": 0,
            "avg": 0,
            "min": 0,
            "med": 0,
            "max": 0
        },
        "http_req_duration": {
            "avg": 248.88656471156082,
            "min": 2.375299,
            "med": 211.626063,
            "max": 2130.53505,
            "p(90)": 451.2631417000001,
            "p(95)": 515.5476940999998
        },
        "iteration_duration": {
            "min": 2.411042,
            "med": 211.71486950000002,
            "max": 2130.576668,
            "p(90)": 451.3211888,
            "p(95)": 515.6063202,
            "avg": 248.98498086337466
        },
        "http_req_connecting": {
            "avg": 0.055720134088704264,
            "min": 0,
            "med": 0,
            "max": 1032.845131,
            "p(90)": 0,
            "p(95)": 0
        }
    }
}