{
    "metrics": {
        "iteration_duration": {
            "avg": 248.85780360166643,
            "min": 2.612313,
            "med": 211.2491395,
            "max": 2068.039626,
            "p(90)": 451.22391970000007,
            "p(95)": 515.6020889
        },
        "vus_max": {
            "min": 200,
            "max": 200,
            "value": 200
        },
        "http_reqs": {
            "count": 80450,
            "rate": 731.3427604504822
        },
        "http_req_sending": {
            "p(95)": 0.005744550000000003,
            "avg": 0.003893537302672491,
            "min": 0.002047,
            "med": 0.003473,
            "max": 0.337694,
            "p(90)": 0.00509
        },
        "vus": {
            "value": 1,
            "min": 1,
            "max": 200
        },
        "http_req_blocked": {
            "p(90)": 0.001001,
            "p(95)": 0.001166,
            "avg": 0.02009743510254919,
            "min": 0.000366,
            "med": 0.000599,
            "max": 131.122737
        },
        "http_req_receiving": {
            "min": 0.005351,
            "med": 189.997873,
            "max": 2048.704849,
            "p(90)": 430.9554060000002,
            "p(95)": 494.2599580500001,
            "avg": 229.0505408275188
        },
        "http_req_duration{expected_response:true}": {
            "max": 2068.003118,
            "p(90)": 451.3118243999999,
            "p(95)": 515.5990044,
            "avg": 249.006168719444,
            "min": 2.558711,
            "med": 211.329786
        },
        "data_sent": {
            "count": 8658891,
            "rate": 78714.94401963748
        },
        "data_received": {
            "count": 1281985601,
            "rate": 11654081.893015666
        },
        "http_req_waiting": {
            "max": 447.671981,
            "p(90)": 24.072433400000136,
            "p(95)": 56.53155270000001,
            "avg": 19.741987846625225,
            "min": 1.853603,
            "med": 16.9727825
        },
        "http_req_connecting": {
            "avg": 0.01932104237414543,
            "min": 0,
            "med": 0,
            "max": 131.100866,
            "p(90)": 0,
            "p(95)": 0
        },
        "http_req_failed": {
            "passes": 81,
            "fails": 80369,
            "value": 0.0010068365444375388
        },
        "http_req_duration": {
            "avg": 248.79642221144795,
            "min": 2.558711,
            "med": 211.16780749999998,
            "max": 2068.003118,
            "p(90)": 451.1774217,
            "p(95)": 515.5644154
        },
        "http_req_tls_handshaking": {
            "min": 0,
            "med": 0,
            "max": 0,
            "p(90)": 0,
            "p(95)": 0,
            "avg": 0
        },
        "iterations": {
            "count": 80450,
            "rate": 731.3427604504822
        }
    },
    "root_group": {
        "path": "",
        "id": "d41d8cd98f00b204e9800998ecf8427e",
        "groups": {},
        "checks": {},
        "name": ""
    }
}