{
    "root_group": {
        "name": "",
        "path": "",
        "id": "d41d8cd98f00b204e9800998ecf8427e",
        "groups": {},
        "checks": {}
    },
    "metrics": {
        "http_req_failed": {
            "passes": 81,
            "fails": 80369,
            "value": 0.0010068365444375388
        },
        "http_req_sending": {
            "p(95)": 0.005962,
            "avg": 0.003987079502796781,
            "min": 0.002014,
            "med": 0.003524,
            "max": 0.241888,
            "p(90)": 0.005197
        },
        "http_req_connecting": {
            "avg": 0.04650642264760722,
            "min": 0,
            "med": 0,
            "max": 1023.68857,
            "p(90)": 0,
            "p(95)": 0
        },
        "iteration_duration": {
            "max": 2252.886217,
            "p(90)": 451.6636843000001,
            "p(95)": 514.62028165,
            "avg": 248.82158360725626,
            "min": 2.598741,
            "med": 211.56893150000002
        },
        "vus": {
            "min": 1,
            "max": 200,
            "value": 1
        },
        "http_req_waiting": {
            "max": 809.269001,
            "p(90)": 21.003083000000018,
            "p(95)": 55.761506,
            "avg": 19.505556687246926,
            "min": 1.895032,
            "med": 16.9892695
        },
        "http_req_blocked": {
            "p(95)": 0.001197,
            "avg": 0.04728442365444228,
            "min": 0.000385,
            "med": 0.000599,
            "max": 1023.717552,
            "p(90)": 0.001018
        },
        "iterations": {
            "rate": 731.351087602324,
            "count": 80450
        },
        "vus_max": {
            "value": 200,
            "min": 200,
            "max": 200
        },
        "data_sent": {
            "count": 8658891,
            "rate": 78715.84027694189
        },
        "http_req_duration": {
            "min": 2.566571,
            "med": 211.4669075,
            "max": 2252.847401,
            "p(90)": 451.6142612000001,
            "p(95)": 514.5625955,
            "avg": 248.7320580510743
        },
        "http_req_duration{expected_response:true}": {
            "p(90)": 451.73103819999994,
            "p(95)": 514.6295813999998,
            "avg": 248.9563732977755,
            "min": 2.566571,
            "med": 211.708715,
            "max": 2252.847401
        },
        "http_reqs": {
            "count": 80450,
            "rate": 731.351087602324
        },
        "http_req_tls_handshaking": {
            "avg": 0,
            "min": 0,
            "med": 0,
            "max": 0,
            "p(90)": 0,
            "p(95)": 0
        },
        "http_req_receiving": {
            "min": 0.005035,
            "med": 190.1894465,
            "max": 2241.334831,
            "p(90)": 431.1550761000003,
            "p(95)": 494.13080120000006,
            "avg": 229.22251428432907
        },
        "data_received": {
            "rate": 11654098.453346487,
            "count": 1281972826
        }
    }
}