{
    "root_group": {
        "path": "",
        "id": "d41d8cd98f00b204e9800998ecf8427e",
        "groups": {},
        "checks": {},
        "name": ""
    },
    "metrics": {
        "data_sent": {
            "count": 110943127,
            "rate": 1008555.2973989338
        },
        "iterations": {
            "count": 1030773,
            "rate": 9370.490968456217
        },
        "http_reqs": {
            "count": 1030773,
            "rate": 9370.490968456217
        },
        "iteration_duration": {
            "avg": 19.401114317638434,
            "min": 0.837674,
            "med": 18.658026,
            "max": 1134.1318,
            "p(90)": 25.648243200000003,
            "p(95)": 30.506665999999996
        },
        "http_req_duration": {
            "max": 1134.095645,
            "p(90)": 25.6090668,
            "p(95)": 30.470157599999983,
            "avg": 19.362939710094928,
            "min": 0.808946,
            "med": 18.620011
        },
        "vus": {
            "min": 1,
            "max": 200,
            "value": 1
        },
        "http_req_sending": {
            "avg": 0.00334601507315404,
            "min": 0.001889,
            "med": 0.002856,
            "max": 0.992963,
            "p(90)": 0.004316,
            "p(95)": 0.00517
        },
        "data_received": {
            "count": 122657392,
            "rate": 1115046.6532887395
        },
        "http_req_receiving": {
            "min": 0.003023,
            "med": 0.007109,
            "max": 4.256241,
            "p(90)": 0.015585,
            "p(95)": 0.021733,
            "avg": 0.00915308742177021
        },
        "http_req_failed": {
            "passes": 1030773,
            "fails": 0,
            "value": 1
        },
        "http_req_tls_handshaking": {
            "avg": 0,
            "min": 0,
            "med": 0,
            "max": 0,
            "p(90)": 0,
            "p(95)": 0
        },
        "vus_max": {
            "max": 200,
            "value": 200,
            "min": 200
        },
        "http_req_connecting": {
            "avg": 0.0005333438196382717,
            "min": 0,
            "med": 0,
            "max": 1.174518,
            "p(90)": 0,
            "p(95)": 0
        },
        "http_req_blocked": {
            "avg": 0.0012247316800113423,
            "min": 0.000389,
            "med": 0.000541,
            "max": 1.29478,
            "p(90)": 0.00086,
            "p(95)": 0.001061
        },
        "http_req_waiting": {
            "p(95)": 30.4552268,
            "avg": 19.35044060759835,
            "min": 0.799672,
            "med": 18.607512,
            "max": 1134.084814,
            "p(90)": 25.596038000000004
        }
    }
}