{
    "metrics": {
        "data_sent": {
            "count": 111934188,
            "rate": 1017573.978053245
        },
        "http_req_duration": {
            "max": 1137.466412,
            "p(90)": 25.854879,
            "p(95)": 30.97121,
            "avg": 19.193439865943798,
            "min": 0.787257,
            "med": 18.787651
        },
        "http_req_connecting": {
            "med": 0,
            "max": 1.457006,
            "p(90)": 0,
            "p(95)": 0,
            "avg": 0.0005372258050868238,
            "min": 0
        },
        "iterations": {
            "count": 1039981,
            "rate": 9454.284005435335
        },
        "http_req_receiving": {
            "avg": 0.008628950845256125,
            "min": 0.002752,
            "med": 0.006519,
            "max": 5.382585,
            "p(90)": 0.01583,
            "p(95)": 0.021261
        },
        "iteration_duration": {
            "p(90)": 25.893118,
            "p(95)": 31.009027,
            "avg": 19.229718118387485,
            "min": 0.813505,
            "med": 18.823859,
            "max": 1137.50743
        },
        "http_req_waiting": {
            "med": 18.776218,
            "max": 1137.45718,
            "p(90)": 25.842294,
            "p(95)": 30.959857,
            "avg": 19.181697317571842,
            "min": 0.781074
        },
        "vus": {
            "value": 1,
            "min": 1,
            "max": 200
        },
        "http_req_sending": {
            "avg": 0.0031135975253395658,
            "min": 0.001794,
            "med": 0.002682,
            "max": 0.868832,
            "p(90)": 0.003989,
            "p(95)": 0.004794
        },
        "data_received": {
            "count": 123753089,
            "rate": 1125017.5243162282
        },
        "vus_max": {
            "max": 200,
            "value": 200,
            "min": 200
        },
        "http_reqs": {
            "count": 1039981,
            "rate": 9454.284005435335
        },
        "http_req_blocked": {
            "avg": 0.001184404002573469,
            "min": 0.000356,
            "med": 0.000507,
            "max": 1.482766,
            "p(90)": 0.000805,
            "p(95)": 0.001004
        },
        "http_req_tls_handshaking": {
            "avg": 0,
            "min": 0,
            "med": 0,
            "max": 0,
            "p(90)": 0,
            "p(95)": 0
        },
        "http_req_failed": {
            "fails": 0,
            "passes": 1039981,
            "value": 1
        }
    },
    "root_group": {
        "checks": {},
        "name": "",
        "path": "",
        "id": "d41d8cd98f00b204e9800998ecf8427e",
        "groups": {}
    }
}