{
    "metrics": {
        "http_req_waiting": {
            "avg": 18.847358209763705,
            "min": 0.83616,
            "med": 18.093658,
            "max": 1220.546543,
            "p(90)": 25.555192,
            "p(95)": 30.595105500000003
        },
        "http_req_receiving": {
            "min": 0.002906,
            "med": 0.007027,
            "max": 1.00775,
            "p(90)": 0.015469,
            "p(95)": 0.021631,
            "avg": 0.00900119765722227
        },
        "data_sent": {
            "count": 113898458,
            "rate": 1035430.4250769591
        },
        "http_req_tls_handshaking": {
            "p(95)": 0,
            "avg": 0,
            "min": 0,
            "med": 0,
            "max": 0,
            "p(90)": 0
        },
        "http_reqs": {
            "count": 1058231,
            "rate": 9620.187958643088
        },
        "iteration_duration": {
            "max": 1220.612475,
            "p(90)": 25.606809,
            "p(95)": 30.648609,
            "avg": 18.897531165290093,
            "min": 0.877149,
            "med": 18.143442
        },
        "iterations": {
            "count": 1058231,
            "rate": 9620.187958643088
        },
        "http_req_duration": {
            "p(95)": 30.609444500000002,
            "avg": 18.8596574147986,
            "min": 0.844126,
            "med": 18.106278,
            "max": 1220.559929,
            "p(90)": 25.56718
        },
        "vus": {
            "max": 200,
            "value": 1,
            "min": 1
        },
        "http_req_connecting": {
            "med": 0,
            "max": 1.470127,
            "p(90)": 0,
            "p(95)": 0,
            "avg": 0.000533404363508535,
            "min": 0
        },
        "http_req_failed": {
            "passes": 1058231,
            "fails": 0,
            "value": 1
        },
        "data_received": {
            "count": 125924749,
            "rate": 1144759.2765898497
        },
        "http_req_sending": {
            "avg": 0.0032980073764615125,
            "min": 0.001964,
            "med": 0.002841,
            "max": 1.264593,
            "p(90)": 0.004277,
            "p(95)": 0.005102
        },
        "http_req_blocked": {
            "max": 1.532214,
            "p(90)": 0.000847,
            "p(95)": 0.00105,
            "avg": 0.001214927423218871,
            "min": 0.000372,
            "med": 0.000537
        },
        "vus_max": {
            "value": 200,
            "min": 200,
            "max": 200
        }
    },
    "root_group": {
        "name": "",
        "path": "",
        "id": "d41d8cd98f00b204e9800998ecf8427e",
        "groups": {},
        "checks": {}
    }
}