{
    "root_group": {
        "name": "",
        "path": "",
        "id": "d41d8cd98f00b204e9800998ecf8427e",
        "groups": {},
        "checks": {}
    },
    "metrics": {
        "iterations": {
            "count": 1046895,
            "rate": 9517.176417781604
        },
        "http_req_tls_handshaking": {
            "avg": 0,
            "min": 0,
            "med": 0,
            "max": 0,
            "p(90)": 0,
            "p(95)": 0
        },
        "http_req_waiting": {
            "avg": 19.05444110967518,
            "min": 0.842982,
            "med": 18.450617,
            "max": 1109.385161,
            "p(90)": 25.4748296,
            "p(95)": 30.1639976
        },
        "http_req_blocked": {
            "med": 0.000514,
            "max": 5.393503,
            "p(90)": 0.000814,
            "p(95)": 0.001009,
            "avg": 0.0011920953677306207,
            "min": 0.00034
        },
        "http_reqs": {
            "count": 1046895,
            "rate": 9517.176417781604
        },
        "data_sent": {
            "rate": 1024343.1537043976,
            "count": 112678349
        },
        "http_req_connecting": {
            "avg": 0.0005341045147794194,
            "min": 0,
            "med": 0,
            "max": 5.338043,
            "p(90)": 0,
            "p(95)": 0
        },
        "vus_max": {
            "value": 200,
            "min": 200,
            "max": 200
        },
        "http_req_receiving": {
            "p(90)": 0.015702,
            "p(95)": 0.021226,
            "avg": 0.008611809188123022,
            "min": 0.002905,
            "med": 0.006512,
            "max": 1.131948
        },
        "http_req_duration": {
            "min": 0.850599,
            "med": 18.462736,
            "max": 1109.394959,
            "p(90)": 25.487441,
            "p(95)": 30.17657569999998,
            "avg": 19.066172535079854
        },
        "http_req_sending": {
            "p(90)": 0.004009,
            "p(95)": 0.004809,
            "avg": 0.0031196162155708697,
            "min": 0.001823,
            "med": 0.00269,
            "max": 0.875957
        },
        "iteration_duration": {
            "avg": 19.102529744640318,
            "min": 0.879573,
            "med": 18.498903,
            "max": 1109.430994,
            "p(90)": 25.5249508,
            "p(95)": 30.214666099999985
        },
        "data_received": {
            "count": 124575805,
            "rate": 1132501.2666715952
        },
        "vus": {
            "value": 1,
            "min": 1,
            "max": 200
        },
        "http_req_failed": {
            "passes": 1046895,
            "fails": 0,
            "value": 1
        }
    }
}