{
    "root_group": {
        "name": "",
        "path": "",
        "id": "d41d8cd98f00b204e9800998ecf8427e",
        "groups": {},
        "checks": {}
    },
    "metrics": {
        "vus_max": {
            "value": 200,
            "min": 200,
            "max": 200
        },
        "http_req_duration": {
            "avg": 18.869448129959224,
            "min": 0.786672,
            "med": 18.31875,
            "max": 1294.522664,
            "p(90)": 24.8075118,
            "p(95)": 29.258325199999998
        },
        "http_req_connecting": {
            "max": 4.123442,
            "p(90)": 0,
            "p(95)": 0,
            "avg": 0.0005184119583395177,
            "min": 0,
            "med": 0
        },
        "iterations": {
            "count": 1057789,
            "rate": 9616.113713632789
        },
        "http_req_waiting": {
            "avg": 18.857983768180773,
            "min": 0.779832,
            "med": 18.307012,
            "max": 1294.514001,
            "p(90)": 24.7954484,
            "p(95)": 29.2474414
        },
        "http_req_sending": {
            "avg": 0.0031186784207436966,
            "min": 0.001822,
            "med": 0.002681,
            "max": 6.40439,
            "p(90)": 0.003986,
            "p(95)": 0.004808
        },
        "http_reqs": {
            "count": 1057789,
            "rate": 9616.113713632789
        },
        "http_req_blocked": {
            "p(95)": 0.001008,
            "avg": 0.0011696695995140384,
            "min": 0.000344,
            "med": 0.000511,
            "max": 4.179214,
            "p(90)": 0.000811
        },
        "data_received": {
            "count": 125872191,
            "rate": 1144274.8053157157
        },
        "http_req_failed": {
            "passes": 1057789,
            "fails": 0,
            "value": 1
        },
        "iteration_duration": {
            "min": 0.810161,
            "med": 18.354456,
            "max": 1294.574012,
            "p(90)": 24.846119,
            "p(95)": 29.298166399999992,
            "avg": 18.905638604448264
        },
        "vus": {
            "value": 1,
            "min": 1,
            "max": 200
        },
        "http_req_receiving": {
            "min": 0.002854,
            "med": 0.00645,
            "max": 3.072978,
            "p(90)": 0.014586,
            "p(95)": 0.02062,
            "avg": 0.008345683358401162
        },
        "http_req_tls_handshaking": {
            "med": 0,
            "max": 0,
            "p(90)": 0,
            "p(95)": 0,
            "avg": 0,
            "min": 0
        },
        "data_sent": {
            "count": 113850882,
            "rate": 1034991.8818492048
        }
    }
}