{
    "metrics": {
        "data_received": {
            "count": 124494672,
            "rate": 1131740.8447544635
        },
        "iterations": {
            "count": 1046213,
            "rate": 9510.784400581428
        },
        "vus_max": {
            "max": 200,
            "value": 200,
            "min": 200
        },
        "http_req_failed": {
            "passes": 1046213,
            "fails": 0,
            "value": 1
        },
        "http_req_duration": {
            "min": 0.786879,
            "med": 18.464115,
            "max": 1274.660886,
            "p(90)": 24.8388668,
            "p(95)": 28.744141199999984,
            "avg": 19.07901099377028
        },
        "http_req_receiving": {
            "med": 0.006942,
            "max": 3.618697,
            "p(90)": 0.01565,
            "p(95)": 0.021738,
            "avg": 0.008985226230222852,
            "min": 0.003052
        },
        "http_req_blocked": {
            "max": 1.258913,
            "p(90)": 0.000846,
            "p(95)": 0.00105,
            "avg": 0.0012150233308135289,
            "min": 0.000379,
            "med": 0.000537
        },
        "http_req_connecting": {
            "avg": 0.000528886592883094,
            "min": 0,
            "med": 0,
            "max": 1.123904,
            "p(90)": 0,
            "p(95)": 0
        },
        "http_req_tls_handshaking": {
            "avg": 0,
            "min": 0,
            "med": 0,
            "max": 0,
            "p(90)": 0,
            "p(95)": 0
        },
        "data_sent": {
            "count": 112604947,
            "rate": 1023655.195792729
        },
        "iteration_duration": {
            "max": 1274.709602,
            "p(90)": 24.8790154,
            "p(95)": 28.783032199999994,
            "avg": 19.1166056744682,
            "min": 0.814073,
            "med": 18.501393
        },
        "http_reqs": {
            "count": 1046213,
            "rate": 9510.784400581428
        },
        "vus": {
            "value": 1,
            "min": 1,
            "max": 200
        },
        "http_req_waiting": {
            "med": 18.452127,
            "max": 1274.647051,
            "p(90)": 24.826567000000004,
            "p(95)": 28.73121359999999,
            "avg": 19.066734600482935,
            "min": 0.778005
        },
        "http_req_sending": {
            "avg": 0.003291167057760061,
            "min": 0.001942,
            "med": 0.002815,
            "max": 2.535555,
            "p(90)": 0.004244,
            "p(95)": 0.005081
        }
    },
    "root_group": {
        "name": "",
        "path": "",
        "id": "d41d8cd98f00b204e9800998ecf8427e",
        "groups": {},
        "checks": {}
    }
}