{
    "root_group": {
        "name": "",
        "path": "",
        "id": "d41d8cd98f00b204e9800998ecf8427e",
        "groups": {},
        "checks": {}
    },
    "metrics": {
        "vus_max": {
            "value": 200,
            "min": 200,
            "max": 200
        },
        "http_req_sending": {
            "max": 1.245563,
            "p(90)": 0.003999,
            "p(95)": 0.004779,
            "avg": 0.0031235987984820895,
            "min": 0.00185,
            "med": 0.002699
        },
        "http_req_receiving": {
            "avg": 0.008572800889928497,
            "min": 0.002796,
            "med": 0.006508,
            "max": 0.86069,
            "p(90)": 0.01557,
            "p(95)": 0.021143
        },
        "iterations": {
            "count": 1048174,
            "rate": 9528.715680275824
        },
        "http_reqs": {
            "count": 1048174,
            "rate": 9528.715680275824
        },
        "http_req_failed": {
            "passes": 1048174,
            "fails": 0,
            "value": 1
        },
        "vus": {
            "value": 1,
            "min": 1,
            "max": 200
        },
        "data_received": {
            "count": 124727976,
            "rate": 1133874.1665794672
        },
        "data_sent": {
            "count": 112816020,
            "rate": 1025585.2356195735
        },
        "http_req_blocked": {
            "max": 5.906964,
            "p(90)": 0.000808,
            "p(95)": 0.001006,
            "avg": 0.0011925961596074605,
            "min": 0.00035,
            "med": 0.000512
        },
        "http_req_duration": {
            "p(90)": 25.085838600000002,
            "p(95)": 30.387872399999996,
            "avg": 19.043018098937882,
            "min": 0.829271,
            "med": 18.059256499999996,
            "max": 1204.850111
        },
        "http_req_connecting": {
            "p(95)": 0,
            "avg": 0.0005363308525111289,
            "min": 0,
            "med": 0,
            "max": 3.09648,
            "p(90)": 0
        },
        "http_req_waiting": {
            "min": 0.82128,
            "med": 18.047686,
            "max": 1204.840592,
            "p(90)": 25.073001600000005,
            "p(95)": 30.37532275,
            "avg": 19.031321699251077
        },
        "http_req_tls_handshaking": {
            "avg": 0,
            "min": 0,
            "med": 0,
            "max": 0,
            "p(90)": 0,
            "p(95)": 0
        },
        "iteration_duration": {
            "p(90)": 25.124868300000006,
            "p(95)": 30.422908249999995,
            "avg": 19.07921914849902,
            "min": 0.856334,
            "med": 18.095072000000002,
            "max": 1204.876612
        }
    }
}