{
    "root_group": {
        "name": "",
        "path": "",
        "id": "d41d8cd98f00b204e9800998ecf8427e",
        "groups": {},
        "checks": {}
    },
    "metrics": {
        "http_req_blocked": {
            "min": 0.00034,
            "med": 0.00051,
            "max": 1.516972,
            "p(90)": 0.000809,
            "p(95)": 0.001008,
            "avg": 0.0011806787283194485
        },
        "http_req_connecting": {
            "med": 0,
            "max": 1.481118,
            "p(90)": 0,
            "p(95)": 0,
            "avg": 0.0005312929503234135,
            "min": 0
        },
        "iterations": {
            "count": 1048502,
            "rate": 9531.634294115795
        },
        "vus_max": {
            "value": 200,
            "min": 200,
            "max": 200
        },
        "data_sent": {
            "count": 112851305,
            "rate": 1025899.2056035383
        },
        "http_reqs": {
            "count": 1048502,
            "rate": 9531.634294115795
        },
        "http_req_receiving": {
            "min": 0.002805,
            "med": 0.006519,
            "max": 4.395763,
            "p(90)": 0.015624,
            "p(95)": 0.021165,
            "avg": 0.008618760030977859
        },
        "data_received": {
            "count": 124767038,
            "rate": 1134221.7546328462
        },
        "http_req_tls_handshaking": {
            "med": 0,
            "max": 0,
            "p(90)": 0,
            "p(95)": 0,
            "avg": 0,
            "min": 0
        },
        "http_req_sending": {
            "avg": 0.0031246168419326614,
            "min": 0.001822,
            "med": 0.002691,
            "max": 0.330765,
            "p(90)": 0.003996,
            "p(95)": 0.004798949999999954
        },
        "iteration_duration": {
            "p(90)": 26.0071368,
            "p(95)": 31.04519754999999,
            "avg": 19.073402017004113,
            "min": 0.827746,
            "med": 18.398149,
            "max": 1416.017069
        },
        "vus": {
            "value": 1,
            "min": 1,
            "max": 200
        },
        "http_req_failed": {
            "passes": 1048502,
            "fails": 0,
            "value": 1
        },
        "http_req_duration": {
            "avg": 19.03707360447331,
            "min": 0.799948,
            "med": 18.3622485,
            "max": 1415.98381,
            "p(90)": 25.969926100000002,
            "p(95)": 31.00836459999999
        },
        "http_req_waiting": {
            "avg": 19.025330227601394,
            "min": 0.793331,
            "med": 18.3504945,
            "max": 1415.972134,
            "p(90)": 25.956127000000002,
            "p(95)": 30.9956611
        }
    }
}