{
    "root_group": {
        "path": "",
        "id": "d41d8cd98f00b204e9800998ecf8427e",
        "groups": {},
        "checks": {},
        "name": ""
    },
    "metrics": {
        "http_req_failed": {
            "passes": 81,
            "fails": 80316,
            "value": 0.0010075002798611888
        },
        "data_received": {
            "count": 1281138431,
            "rate": 11646368.63676968
        },
        "vus": {
            "value": 1,
            "min": 1,
            "max": 200
        },
        "http_reqs": {
            "count": 80397,
            "rate": 730.8602073231943
        },
        "http_req_sending": {
            "avg": 0.003896925755936175,
            "min": 0.00204,
            "med": 0.003473,
            "max": 0.182439,
            "p(90)": 0.005093,
            "p(95)": 0.005757
        },
        "http_req_receiving": {
            "avg": 229.42506953652622,
            "min": 0.005863,
            "med": 190.595407,
            "max": 2104.064325,
            "p(90)": 430.87905420000004,
            "p(95)": 494.12638919999995
        },
        "iteration_duration": {
            "avg": 248.99457066818314,
            "min": 2.823241,
            "med": 211.819629,
            "max": 2120.563067,
            "p(90)": 451.1480620000001,
            "p(95)": 515.6411028
        },
        "iterations": {
            "count": 80397,
            "rate": 730.8602073231943
        },
        "http_req_duration{expected_response:true}": {
            "min": 2.780981,
            "med": 211.91501449999998,
            "max": 2120.520893,
            "p(90)": 451.248715,
            "p(95)": 515.6345225,
            "avg": 249.149685616565
        },
        "http_req_waiting": {
            "avg": 19.504197250332517,
            "min": 1.91251,
            "med": 16.956333,
            "max": 814.701983,
            "p(90)": 20.951026600000002,
            "p(95)": 55.740034399999985
        },
        "http_req_connecting": {
            "min": 0,
            "med": 0,
            "max": 94.440422,
            "p(90)": 0,
            "p(95)": 0,
            "avg": 0.019444678769108284
        },
        "http_req_duration": {
            "p(90)": 451.09868940000024,
            "p(95)": 515.5930564,
            "avg": 248.93316371261406,
            "min": 2.780981,
            "med": 211.762373,
            "max": 2120.520893
        },
        "http_req_tls_handshaking": {
            "max": 0,
            "p(90)": 0,
            "p(95)": 0,
            "avg": 0,
            "min": 0,
            "med": 0
        },
        "vus_max": {
            "value": 200,
            "min": 200,
            "max": 200
        },
        "data_sent": {
            "count": 8653201,
            "rate": 78663.13764032579
        },
        "http_req_blocked": {
            "avg": 0.020216761160243218,
            "min": 0.000376,
            "med": 0.000597,
            "max": 94.472101,
            "p(90)": 0.001002,
            "p(95)": 0.001167
        }
    }
}