{
    "root_group": {
        "name": "",
        "path": "",
        "id": "d41d8cd98f00b204e9800998ecf8427e",
        "groups": {},
        "checks": {}
    },
    "metrics": {
        "data_received": {
            "count": 1281643322,
            "rate": 11650816.393840447
        },
        "iteration_duration": {
            "med": 211.45476200000002,
            "max": 1981.781387,
            "p(90)": 452.41588990000014,
            "p(95)": 515.49376075,
            "avg": 248.92306689306304,
            "min": 2.635143
        },
        "http_req_tls_handshaking": {
            "avg": 0,
            "min": 0,
            "med": 0,
            "max": 0,
            "p(90)": 0,
            "p(95)": 0
        },
        "http_req_receiving": {
            "p(90)": 431.92161880000003,
            "p(95)": 494.4127034,
            "avg": 229.33024968537873,
            "min": 0.005434,
            "med": 189.9933545,
            "max": 1964.862759
        },
        "http_req_failed": {
            "fails": 80349,
            "passes": 81,
            "value": 0.0010070869078701978
        },
        "iterations": {
            "count": 80430,
            "rate": 731.1512855965922
        },
        "http_reqs": {
            "count": 80430,
            "rate": 731.1512855965922
        },
        "http_req_duration": {
            "avg": 248.812930320004,
            "min": 2.598492,
            "med": 211.399986,
            "max": 1981.745433,
            "p(90)": 452.32556560000006,
            "p(95)": 515.4165677000001
        },
        "http_req_blocked": {
            "p(95)": 0.001161,
            "avg": 0.06901367012308633,
            "min": 0.000378,
            "med": 0.0005995,
            "max": 1013.44302,
            "p(90)": 0.000996
        },
        "data_sent": {
            "count": 8656741,
            "rate": 78694.3592095826
        },
        "vus_max": {
            "max": 200,
            "value": 200,
            "min": 200
        },
        "http_req_duration{expected_response:true}": {
            "avg": 249.02255042356373,
            "min": 2.598492,
            "med": 211.551131,
            "max": 1981.745433,
            "p(90)": 452.4175204,
            "p(95)": 515.4563115999999
        },
        "http_req_waiting": {
            "med": 16.9531875,
            "max": 858.704706,
            "p(90)": 20.619247600000005,
            "p(95)": 55.138286950000015,
            "avg": 19.478813474549046,
            "min": 1.963528
        },
        "vus": {
            "value": 1,
            "min": 1,
            "max": 200
        },
        "http_req_connecting": {
            "avg": 0.06824257488499319,
            "min": 0,
            "med": 0,
            "max": 1013.419047,
            "p(90)": 0,
            "p(95)": 0
        },
        "http_req_sending": {
            "p(90)": 0.005059,
            "p(95)": 0.005728,
            "avg": 0.0038671600770856835,
            "min": 0.001959,
            "med": 0.00345,
            "max": 0.363286
        }
    }
}