{
    "root_group": {
        "groups": {},
        "checks": {},
        "name": "",
        "path": "",
        "id": "d41d8cd98f00b204e9800998ecf8427e"
    },
    "metrics": {
        "data_sent": {
            "rate": 78618.88038285196,
            "count": 8648569
        },
        "http_reqs": {
            "count": 80354,
            "rate": 730.4493395709379
        },
        "iterations": {
            "count": 80354,
            "rate": 730.4493395709379
        },
        "http_req_connecting": {
            "avg": 0.04370879961171813,
            "min": 0,
            "med": 0,
            "max": 1049.083925,
            "p(90)": 0,
            "p(95)": 0
        },
        "data_received": {
            "count": 1280454314,
            "rate": 11639831.34644272
        },
        "http_req_duration": {
            "max": 2055.488527,
            "p(90)": 451.9087488999999,
            "p(95)": 515.3280762499995,
            "avg": 249.0287978948268,
            "min": 2.423071,
            "med": 211.30483650000002
        },
        "http_req_blocked": {
            "avg": 0.04448829265499973,
            "min": 0.000373,
            "med": 0.000601,
            "max": 1049.104529,
            "p(90)": 0.001011,
            "p(95)": 0.001182
        },
        "http_req_receiving": {
            "avg": 229.4178016891509,
            "min": 0.005498,
            "med": 189.82759199999998,
            "max": 2038.605485,
            "p(90)": 431.6071171,
            "p(95)": 494.8440333499998
        },
        "http_req_duration{expected_response:true}": {
            "p(95)": 515.4247084,
            "avg": 249.242390210979,
            "min": 2.423071,
            "med": 211.483749,
            "max": 2055.488527,
            "p(90)": 451.9975532
        },
        "iteration_duration": {
            "avg": 249.1153453861036,
            "min": 2.449056,
            "med": 211.368393,
            "max": 2061.730867,
            "p(90)": 451.97978649999993,
            "p(95)": 515.41827035
        },
        "http_req_failed": {
            "passes": 81,
            "fails": 80273,
            "value": 0.0010080394255419767
        },
        "vus_max": {
            "min": 200,
            "max": 200,
            "value": 200
        },
        "http_req_waiting": {
            "min": 1.899445,
            "med": 16.985039,
            "max": 836.124361,
            "p(90)": 22.24791319999988,
            "p(95)": 55.973652899999934,
            "avg": 19.60706638579312
        },
        "http_req_tls_handshaking": {
            "med": 0,
            "max": 0,
            "p(90)": 0,
            "p(95)": 0,
            "avg": 0,
            "min": 0
        },
        "vus": {
            "max": 200,
            "value": 1,
            "min": 1
        },
        "http_req_sending": {
            "avg": 0.003929819884511068,
            "min": 0.001951,
            "med": 0.003495,
            "max": 0.251127,
            "p(90)": 0.005135,
            "p(95)": 0.005829
        }
    }
}