{
    "metrics": {
        "http_req_tls_handshaking": {
            "avg": 0,
            "min": 0,
            "med": 0,
            "max": 0,
            "p(90)": 0,
            "p(95)": 0
        },
        "data_received": {
            "count": 123579334,
            "rate": 1123444.0875495635
        },
        "http_req_connecting": {
            "avg": 0.0005337508456738002,
            "min": 0,
            "med": 0,
            "max": 1.860561,
            "p(90)": 0,
            "p(95)": 0
        },
        "vus": {
            "value": 1,
            "min": 1,
            "max": 200
        },
        "http_req_sending": {
            "med": 0.002706,
            "max": 0.87307,
            "p(90)": 0.00404,
            "p(95)": 0.004869,
            "avg": 0.0031429516061785546,
            "min": 0.001786
        },
        "http_req_waiting": {
            "avg": 19.20817518585903,
            "min": 0.786328,
            "med": 18.664112,
            "max": 1335.469381,
            "p(90)": 25.495493,
            "p(95)": 29.749386
        },
        "vus_max": {
            "value": 200,
            "min": 200,
            "max": 200
        },
        "http_reqs": {
            "count": 1038521,
            "rate": 9441.062995581933
        },
        "http_req_failed": {
            "passes": 1038521,
            "fails": 0,
            "value": 1
        },
        "data_sent": {
            "count": 111777037,
            "rate": 1016150.8989962577
        },
        "iterations": {
            "rate": 9441.062995581933,
            "count": 1038521
        },
        "http_req_duration": {
            "p(95)": 29.762067,
            "avg": 19.2200427098449,
            "min": 0.794397,
            "med": 18.676037,
            "max": 1335.479222,
            "p(90)": 25.507767
        },
        "iteration_duration": {
            "avg": 19.25657667683145,
            "min": 0.830392,
            "med": 18.712708,
            "max": 1335.511688,
            "p(90)": 25.546709,
            "p(95)": 29.800087
        },
        "http_req_blocked": {
            "avg": 0.0011844817524155617,
            "min": 0.000354,
            "med": 0.00051,
            "max": 1.907143,
            "p(90)": 0.000814,
            "p(95)": 0.001012
        },
        "http_req_receiving": {
            "min": 0.002882,
            "med": 0.006571,
            "max": 2.995532,
            "p(90)": 0.015833,
            "p(95)": 0.02133,
            "avg": 0.008724572380336817
        }
    },
    "root_group": {
        "name": "",
        "path": "",
        "id": "d41d8cd98f00b204e9800998ecf8427e",
        "groups": {},
        "checks": {}
    }
}