{
    "metrics": {
        "http_reqs": {
            "count": 1032437,
            "rate": 9385.683804616147
        },
        "vus": {
            "value": 1,
            "min": 1,
            "max": 200
        },
        "http_req_blocked": {
            "p(90)": 0.000813,
            "p(95)": 0.001015,
            "avg": 0.0011903449111184197,
            "min": 0.000343,
            "med": 0.000512,
            "max": 1.040575
        },
        "vus_max": {
            "value": 200,
            "min": 200,
            "max": 200
        },
        "http_req_sending": {
            "avg": 0.003145695805167882,
            "min": 0.001806,
            "med": 0.0027,
            "max": 6.146734,
            "p(90)": 0.004017,
            "p(95)": 0.004841
        },
        "http_req_duration": {
            "med": 18.677413,
            "max": 1136.94706,
            "p(90)": 25.478163600000002,
            "p(95)": 30.097234399999994,
            "avg": 19.333551465387256,
            "min": 0.834602
        },
        "data_sent": {
            "count": 111122199,
            "rate": 1010190.2813320643
        },
        "iterations": {
            "count": 1032437,
            "rate": 9385.683804616147
        },
        "http_req_connecting": {
            "avg": 0.0005358520190578218,
            "min": 0,
            "med": 0,
            "max": 0.949377,
            "p(90)": 0,
            "p(95)": 0
        },
        "iteration_duration": {
            "med": 18.713146,
            "max": 1136.9803,
            "p(90)": 25.5176484,
            "p(95)": 30.13326659999999,
            "avg": 19.370131239978573,
            "min": 0.864127
        },
        "http_req_tls_handshaking": {
            "avg": 0,
            "min": 0,
            "med": 0,
            "max": 0,
            "p(90)": 0,
            "p(95)": 0
        },
        "http_req_waiting": {
            "avg": 19.321720634634502,
            "min": 0.825845,
            "med": 18.665653,
            "max": 1136.936766,
            "p(90)": 25.466144,
            "p(95)": 30.084854999999987
        },
        "http_req_failed": {
            "passes": 1032437,
            "fails": 0,
            "value": 1
        },
        "http_req_receiving": {
            "min": 0.002876,
            "med": 0.006551,
            "max": 3.14046,
            "p(90)": 0.015825,
            "p(95)": 0.021273,
            "avg": 0.008685134946732972
        },
        "data_received": {
            "count": 122855358,
            "rate": 1116854.145958464
        }
    },
    "root_group": {
        "checks": {},
        "name": "",
        "path": "",
        "id": "d41d8cd98f00b204e9800998ecf8427e",
        "groups": {}
    }
}