{
    "metrics": {
        "http_req_waiting": {
            "p(95)": 56.36977159999996,
            "avg": 19.679704915702512,
            "min": 1.72395,
            "med": 17.012756,
            "max": 752.350029,
            "p(90)": 23.08097640000003
        },
        "iteration_duration": {
            "avg": 248.82957978680665,
            "min": 2.520564,
            "med": 211.203797,
            "max": 2164.304838,
            "p(90)": 450.79066700000004,
            "p(95)": 515.7359448
        },
        "http_req_receiving": {
            "max": 2153.575979,
            "p(90)": 429.9137096,
            "p(95)": 494.3601229999998,
            "avg": 229.0724485016468,
            "min": 0.004898,
            "med": 190.009952
        },
        "data_sent": {
            "count": 8659215,
            "rate": 78718.16546257793
        },
        "vus": {
            "value": 1,
            "min": 1,
            "max": 200
        },
        "vus_max": {
            "value": 200,
            "min": 200,
            "max": 200
        },
        "http_req_sending": {
            "med": 0.003421,
            "max": 0.171382,
            "p(90)": 0.005014,
            "p(95)": 0.005691,
            "avg": 0.0038321291437236394,
            "min": 0.001997
        },
        "iterations": {
            "rate": 731.3725973960437,
            "count": 80453
        },
        "http_req_duration{expected_response:true}": {
            "min": 2.494123,
            "med": 211.314709,
            "max": 2164.260343,
            "p(90)": 450.86736010000004,
            "p(95)": 515.7199054499999,
            "avg": 248.97047017356599
        },
        "http_req_tls_handshaking": {
            "min": 0,
            "med": 0,
            "max": 0,
            "p(90)": 0,
            "p(95)": 0,
            "avg": 0
        },
        "http_reqs": {
            "count": 80453,
            "rate": 731.3725973960437
        },
        "data_received": {
            "count": 1282064444,
            "rate": 11654839.501788555
        },
        "http_req_connecting": {
            "avg": 0.03208401347370514,
            "min": 0,
            "med": 0,
            "max": 1007.07491,
            "p(90)": 0,
            "p(95)": 0
        },
        "http_req_duration": {
            "med": 211.135432,
            "max": 2164.260343,
            "p(90)": 450.7120110000001,
            "p(95)": 515.6813248,
            "avg": 248.7559855464912,
            "min": 2.494123
        },
        "http_req_blocked": {
            "avg": 0.03285697345033586,
            "min": 0.000372,
            "med": 0.000598,
            "max": 1007.099027,
            "p(90)": 0.001002,
            "p(95)": 0.0011653999999999942
        },
        "http_req_failed": {
            "passes": 81,
            "fails": 80372,
            "value": 0.0010067990006587698
        }
    },
    "root_group": {
        "name": "",
        "path": "",
        "id": "d41d8cd98f00b204e9800998ecf8427e",
        "groups": {},
        "checks": {}
    }
}