{
    "metrics": {
        "iteration_duration": {
            "p(95)": 515.935915,
            "avg": 248.8566095995202,
            "min": 2.561072,
            "med": 211.382753,
            "max": 2117.418683,
            "p(90)": 451.855674
        },
        "data_received": {
            "count": 1281842348,
            "rate": 11652816.612841995
        },
        "http_req_failed": {
            "passes": 81,
            "fails": 80360,
            "value": 0.0010069491925759253
        },
        "http_req_tls_handshaking": {
            "p(90)": 0,
            "p(95)": 0,
            "avg": 0,
            "min": 0,
            "med": 0,
            "max": 0
        },
        "http_req_receiving": {
            "avg": 229.11767093036852,
            "min": 0.005594,
            "med": 189.792903,
            "max": 2106.914087,
            "p(90)": 431.137135,
            "p(95)": 495.247714
        },
        "http_req_sending": {
            "p(90)": 0.004987,
            "p(95)": 0.005639,
            "avg": 0.0038265447222188085,
            "min": 0.001966,
            "med": 0.003421,
            "max": 0.125427
        },
        "iterations": {
            "count": 80441,
            "rate": 731.2632654211725
        },
        "http_req_duration": {
            "p(90)": 451.82318,
            "p(95)": 515.88786,
            "avg": 248.79546723383973,
            "min": 2.532813,
            "med": 211.285616,
            "max": 2117.378195
        },
        "data_sent": {
            "count": 8657919,
            "rate": 78706.35769933258
        },
        "http_req_duration{expected_response:true}": {
            "med": 211.4545095,
            "max": 2117.378195,
            "p(90)": 451.9152188,
            "p(95)": 515.9255651,
            "avg": 249.00245447031241,
            "min": 2.532813
        },
        "vus_max": {
            "value": 200,
            "min": 200,
            "max": 200
        },
        "http_reqs": {
            "count": 80441,
            "rate": 731.2632654211725
        },
        "http_req_blocked": {
            "med": 0.000596,
            "max": 81.747242,
            "p(90)": 0.000995,
            "p(95)": 0.001161,
            "avg": 0.020573015551771608,
            "min": 0.000373
        },
        "http_req_connecting": {
            "max": 81.725844,
            "p(90)": 0,
            "p(95)": 0,
            "avg": 0.019795501510423787,
            "min": 0,
            "med": 0
        },
        "http_req_waiting": {
            "avg": 19.673969758742604,
            "min": 1.950976,
            "med": 17.055401,
            "max": 832.509678,
            "p(90)": 21.392431,
            "p(95)": 56.567572
        },
        "vus": {
            "value": 1,
            "min": 1,
            "max": 200
        }
    },
    "root_group": {
        "name": "",
        "path": "",
        "id": "d41d8cd98f00b204e9800998ecf8427e",
        "groups": {},
        "checks": {}
    }
}