{
    "root_group": {
        "name": "",
        "path": "",
        "id": "d41d8cd98f00b204e9800998ecf8427e",
        "groups": {},
        "checks": {}
    },
    "metrics": {
        "http_req_waiting": {
            "p(95)": 30.29691659999996,
            "avg": 19.376210401648674,
            "min": 0.8133,
            "med": 18.69362,
            "max": 1258.932748,
            "p(90)": 25.7395674
        },
        "vus": {
            "min": 1,
            "max": 200,
            "value": 1
        },
        "http_req_duration": {
            "max": 1258.948471,
            "p(90)": 25.753173,
            "p(95)": 30.310921599999993,
            "avg": 19.388719160264255,
            "min": 0.822703,
            "med": 18.70592
        },
        "vus_max": {
            "value": 200,
            "min": 200,
            "max": 200
        },
        "http_req_blocked": {
            "med": 0.000539,
            "max": 1.070605,
            "p(90)": 0.000854,
            "p(95)": 0.001056,
            "avg": 0.0012145613075264221,
            "min": 0.000382
        },
        "data_sent": {
            "count": 110798020,
            "rate": 1007239.9608510426
        },
        "data_received": {
            "rate": 1113592.7653253207,
            "count": 122497000
        },
        "iteration_duration": {
            "p(90)": 25.792489,
            "p(95)": 30.35020919999999,
            "avg": 19.42656636768878,
            "min": 0.863132,
            "med": 18.743078,
            "max": 1258.998324
        },
        "http_req_connecting": {
            "avg": 0.0005276887000024279,
            "min": 0,
            "med": 0,
            "max": 0.965912,
            "p(90)": 0,
            "p(95)": 0
        },
        "iterations": {
            "count": 1029425,
            "rate": 9358.271896005765
        },
        "http_req_sending": {
            "p(95)": 0.005145,
            "avg": 0.0033053508191466826,
            "min": 0.001937,
            "med": 0.002836,
            "max": 1.969507,
            "p(90)": 0.004292
        },
        "http_req_receiving": {
            "max": 4.132502,
            "p(90)": 0.01598,
            "p(95)": 0.022022,
            "avg": 0.009203407796585293,
            "min": 0.00257,
            "med": 0.007058
        },
        "http_req_failed": {
            "passes": 1029425,
            "fails": 0,
            "value": 1
        },
        "http_req_tls_handshaking": {
            "avg": 0,
            "min": 0,
            "med": 0,
            "max": 0,
            "p(90)": 0,
            "p(95)": 0
        },
        "http_reqs": {
            "count": 1029425,
            "rate": 9358.271896005765
        }
    }
}