{
    "root_group": {
        "name": "",
        "path": "",
        "id": "d41d8cd98f00b204e9800998ecf8427e",
        "groups": {},
        "checks": {}
    },
    "metrics": {
        "data_received": {
            "rate": 1114846.017058423,
            "count": 122633448
        },
        "iterations": {
            "count": 1030572,
            "rate": 9368.806864925897
        },
        "iteration_duration": {
            "avg": 19.405061453188424,
            "min": 0.879345,
            "med": 18.435262,
            "max": 1254.222991,
            "p(90)": 26.681992400000002,
            "p(95)": 31.050697099999997
        },
        "http_req_duration": {
            "p(90)": 26.642890599999998,
            "p(95)": 31.013159849999994,
            "avg": 19.367333535512778,
            "min": 0.851683,
            "med": 18.397634500000002,
            "max": 1254.190345
        },
        "http_req_connecting": {
            "p(90)": 0,
            "p(95)": 0,
            "avg": 0.0005337771751997922,
            "min": 0,
            "med": 0,
            "max": 1.636795
        },
        "http_req_blocked": {
            "p(90)": 0.000854,
            "p(95)": 0.001061,
            "avg": 0.001219968609665752,
            "min": 0.000361,
            "med": 0.000538,
            "max": 1.671353
        },
        "data_sent": {
            "rate": 1008373.9977517363,
            "count": 110921489
        },
        "http_req_waiting": {
            "avg": 19.35499542089393,
            "min": 0.840171,
            "med": 18.385315,
            "max": 1254.170074,
            "p(90)": 26.6300404,
            "p(95)": 31.000774599999996
        },
        "vus_max": {
            "max": 200,
            "value": 200,
            "min": 200
        },
        "vus": {
            "max": 200,
            "value": 1,
            "min": 1
        },
        "http_req_tls_handshaking": {
            "min": 0,
            "med": 0,
            "max": 0,
            "p(90)": 0,
            "p(95)": 0,
            "avg": 0
        },
        "http_req_sending": {
            "med": 0.002829,
            "max": 1.283637,
            "p(90)": 0.004284,
            "p(95)": 0.005144,
            "avg": 0.0033003277704034516,
            "min": 0.001953
        },
        "http_req_receiving": {
            "avg": 0.009037786849438722,
            "min": 0.003173,
            "med": 0.007008,
            "max": 2.981076,
            "p(90)": 0.015702,
            "p(95)": 0.021783
        },
        "http_req_failed": {
            "passes": 1030572,
            "fails": 0,
            "value": 1
        },
        "http_reqs": {
            "count": 1030572,
            "rate": 9368.806864925897
        }
    }
}