{
    "metrics": {
        "http_reqs": {
            "count": 80472,
            "rate": 731.541855489634
        },
        "http_req_sending": {
            "med": 0.003459,
            "max": 0.255078,
            "p(90)": 0.005069,
            "p(95)": 0.005736,
            "avg": 0.003886454294661557,
            "min": 0.001947
        },
        "http_req_connecting": {
            "avg": 0.03300245704095835,
            "min": 0,
            "med": 0,
            "max": 1008.392828,
            "p(90)": 0,
            "p(95)": 0
        },
        "iteration_duration": {
            "p(95)": 515.3067433,
            "avg": 248.76869011265953,
            "min": 2.391558,
            "med": 211.4660685,
            "max": 3302.515207,
            "p(90)": 450.53189790000005
        },
        "iterations": {
            "count": 80472,
            "rate": 731.541855489634
        },
        "http_req_tls_handshaking": {
            "min": 0,
            "med": 0,
            "max": 0,
            "p(90)": 0,
            "p(95)": 0,
            "avg": 0
        },
        "data_received": {
            "rate": 11657115.00372385,
            "count": 1282320829
        },
        "vus": {
            "value": 1,
            "min": 1,
            "max": 200
        },
        "http_req_waiting": {
            "max": 843.613471,
            "p(90)": 22.261936300000194,
            "p(95)": 55.89755614999999,
            "avg": 19.62486112089941,
            "min": 1.78364,
            "med": 16.9869855
        },
        "vus_max": {
            "value": 200,
            "min": 200,
            "max": 200
        },
        "http_req_receiving": {
            "p(90)": 429.93892100000005,
            "p(95)": 494.10568349999994,
            "avg": 229.06508474225953,
            "min": 0.005802,
            "med": 190.526046,
            "max": 3277.204525
        },
        "data_sent": {
            "count": 8661267,
            "rate": 78736.44661585566
        },
        "http_req_failed": {
            "passes": 81,
            "fails": 80391,
            "value": 0.0010065612883984492
        },
        "http_req_duration{expected_response:true}": {
            "med": 211.623813,
            "max": 3293.930115,
            "p(90)": 450.63453,
            "p(95)": 515.3878855,
            "avg": 248.89117082049822,
            "min": 2.360235
        },
        "http_req_duration": {
            "avg": 248.69383231744797,
            "min": 2.360235,
            "med": 211.4239605,
            "max": 3293.930115,
            "p(90)": 450.48558460000004,
            "p(95)": 515.2563810499998
        },
        "http_req_blocked": {
            "avg": 0.033779449995027494,
            "min": 0.000358,
            "med": 0.000599,
            "max": 1008.437745,
            "p(90)": 0.001,
            "p(95)": 0.001167
        }
    },
    "root_group": {
        "name": "",
        "path": "",
        "id": "d41d8cd98f00b204e9800998ecf8427e",
        "groups": {},
        "checks": {}
    }
}