{
    "root_group": {
        "name": "",
        "path": "",
        "id": "d41d8cd98f00b204e9800998ecf8427e",
        "groups": {},
        "checks": {}
    },
    "metrics": {
        "http_req_waiting": {
            "med": 18.595316500000003,
            "max": 1106.864034,
            "p(90)": 25.3328206,
            "p(95)": 30.04191495,
            "avg": 19.274778268727943,
            "min": 0.795613
        },
        "iterations": {
            "count": 1035018,
            "rate": 9409.152712589794
        },
        "vus_max": {
            "min": 200,
            "max": 200,
            "value": 200
        },
        "http_req_blocked": {
            "p(95)": 0.001065,
            "avg": 0.0012176301310706072,
            "min": 0.000387,
            "med": 0.000547,
            "max": 1.374387,
            "p(90)": 0.000852
        },
        "iteration_duration": {
            "avg": 19.324798731929643,
            "min": 0.836914,
            "med": 18.6450615,
            "max": 1106.917527,
            "p(90)": 25.3845212,
            "p(95)": 30.095112849999982
        },
        "http_req_receiving": {
            "p(95)": 0.021749149999999908,
            "avg": 0.009060976983008909,
            "min": 0.003038,
            "med": 0.006969,
            "max": 4.85802,
            "p(90)": 0.015635
        },
        "http_req_failed": {
            "passes": 1035018,
            "fails": 0,
            "value": 1
        },
        "http_req_tls_handshaking": {
            "p(95)": 0,
            "avg": 0,
            "min": 0,
            "med": 0,
            "max": 0,
            "p(90)": 0
        },
        "http_req_connecting": {
            "avg": 0.0005259716391405752,
            "min": 0,
            "med": 0,
            "max": 1.313483,
            "p(90)": 0,
            "p(95)": 0
        },
        "http_req_sending": {
            "p(90)": 0.004263,
            "p(95)": 0.00511,
            "avg": 0.0033076021875948205,
            "min": 0.001927,
            "med": 0.002828,
            "max": 0.366236
        },
        "data_sent": {
            "rate": 1012716.4032645135,
            "count": 111400010
        },
        "data_received": {
            "count": 123162527,
            "rate": 1119647.2187067894
        },
        "vus": {
            "value": 1,
            "min": 1,
            "max": 200
        },
        "http_reqs": {
            "count": 1035018,
            "rate": 9409.152712589794
        },
        "http_req_duration": {
            "p(95)": 30.054976449999952,
            "avg": 19.287146847898413,
            "min": 0.805663,
            "med": 18.607609500000002,
            "max": 1106.876433,
            "p(90)": 25.3450589
        }
    }
}