{
    "root_group": {
        "name": "",
        "path": "",
        "id": "d41d8cd98f00b204e9800998ecf8427e",
        "groups": {},
        "checks": {}
    },
    "metrics": {
        "http_req_sending": {
            "med": 0.003448,
            "max": 0.300561,
            "p(90)": 0.005066,
            "p(95)": 0.005727449999999997,
            "avg": 0.0038773456719535014,
            "min": 0.001984
        },
        "iteration_duration": {
            "avg": 248.7894456841694,
            "min": 2.735052,
            "med": 211.672552,
            "max": 1993.203535,
            "p(90)": 451.70380050000006,
            "p(95)": 515.3518026999999
        },
        "data_sent": {
            "rate": 78715.91212897847,
            "count": 8659107
        },
        "http_req_waiting": {
            "min": 2.07702,
            "med": 17.008256,
            "max": 836.517368,
            "p(90)": 21.37632240000001,
            "p(95)": 56.547451599999995,
            "avg": 19.762513646459993
        },
        "http_req_failed": {
            "passes": 81,
            "fails": 80371,
            "value": 0.0010068115149405856
        },
        "iterations": {
            "count": 80452,
            "rate": 731.3516928016453
        },
        "http_req_blocked": {
            "med": 0.000598,
            "max": 1011.525537,
            "p(90)": 0.001003,
            "p(95)": 0.001171449999999997,
            "avg": 0.060173562571469746,
            "min": 0.000377
        },
        "vus_max": {
            "value": 200,
            "min": 200,
            "max": 200
        },
        "http_req_tls_handshaking": {
            "max": 0,
            "p(90)": 0,
            "p(95)": 0,
            "avg": 0,
            "min": 0,
            "med": 0
        },
        "http_req_receiving": {
            "avg": 228.9219823291183,
            "min": 0.005357,
            "med": 189.99981,
            "max": 1980.806686,
            "p(90)": 430.7985086000001,
            "p(95)": 494.5367407999999
        },
        "vus": {
            "value": 1,
            "min": 1,
            "max": 200
        },
        "http_reqs": {
            "count": 80452,
            "rate": 731.3516928016453
        },
        "http_req_duration": {
            "max": 1993.149972,
            "p(90)": 451.6203958000002,
            "p(95)": 515.2431659499998,
            "avg": 248.688373321247,
            "min": 2.702225,
            "med": 211.58297199999998
        },
        "http_req_connecting": {
            "p(90)": 0,
            "p(95)": 0,
            "avg": 0.05939332840700045,
            "min": 0,
            "med": 0,
            "max": 1011.492365
        },
        "http_req_duration{expected_response:true}": {
            "min": 2.702225,
            "med": 211.804185,
            "max": 1993.149972,
            "p(90)": 451.690213,
            "p(95)": 515.3324935,
            "avg": 248.894843468788
        },
        "data_received": {
            "rate": 11654291.889173467,
            "count": 1282024914
        }
    }
}