{
    "root_group": {
        "id": "d41d8cd98f00b204e9800998ecf8427e",
        "groups": {},
        "checks": {},
        "name": "",
        "path": ""
    },
    "metrics": {
        "http_req_failed": {
            "fails": 80362,
            "passes": 81,
            "value": 0.0010069241574779658
        },
        "iterations": {
            "count": 80443,
            "rate": 731.2657825051391
        },
        "http_req_duration{expected_response:true}": {
            "p(90)": 452.2978706000004,
            "p(95)": 515.4055125499999,
            "avg": 248.97388077006767,
            "min": 2.525554,
            "med": 212.1327455,
            "max": 2031.52048
        },
        "iteration_duration": {
            "avg": 248.83185158109137,
            "min": 2.551542,
            "med": 212.032009,
            "max": 2031.561041,
            "p(90)": 452.19433300000003,
            "p(95)": 515.3849005
        },
        "http_req_connecting": {
            "avg": 0.0314543206245416,
            "min": 0,
            "med": 0,
            "max": 1018.561406,
            "p(90)": 0,
            "p(95)": 0
        },
        "http_req_sending": {
            "p(90)": 0.005016,
            "p(95)": 0.005682,
            "avg": 0.0038584988998420825,
            "min": 0.001929,
            "med": 0.003433,
            "max": 0.181092
        },
        "http_req_blocked": {
            "avg": 0.032235000534538726,
            "min": 0.000377,
            "med": 0.000599,
            "max": 1018.585806,
            "p(90)": 0.000999,
            "p(95)": 0.00116
        },
        "data_sent": {
            "rate": 78706.6353294896,
            "count": 8658135
        },
        "vus_max": {
            "value": 200,
            "min": 200,
            "max": 200
        },
        "http_req_receiving": {
            "p(90)": 431.08924440000004,
            "p(95)": 494.4677967,
            "avg": 229.1259786051518,
            "min": 0.005078,
            "med": 189.979831,
            "max": 2019.810286
        },
        "http_reqs": {
            "count": 80443,
            "rate": 731.2657825051391
        },
        "http_req_tls_handshaking": {
            "med": 0,
            "max": 0,
            "p(90)": 0,
            "p(95)": 0,
            "avg": 0,
            "min": 0
        },
        "vus": {
            "value": 1,
            "min": 1,
            "max": 200
        },
        "http_req_duration": {
            "med": 211.979583,
            "max": 2031.52048,
            "p(90)": 452.1551,
            "p(95)": 515.3415705,
            "avg": 248.75891234828615,
            "min": 2.525554
        },
        "http_req_waiting": {
            "p(95)": 56.47560929999998,
            "avg": 19.629075244234947,
            "min": 1.921518,
            "med": 16.974836,
            "max": 746.119027,
            "p(90)": 21.306937600000026
        },
        "data_received": {
            "count": 1281839470,
            "rate": 11652540.843523026
        }
    }
}