{
    "metrics": {
        "data_received": {
            "count": 124657826,
            "rate": 1133246.962444656
        },
        "http_req_failed": {
            "fails": 0,
            "passes": 1047584,
            "value": 1
        },
        "http_req_connecting": {
            "avg": 0.0005424130618642521,
            "min": 0,
            "med": 0,
            "max": 9.073756,
            "p(90)": 0,
            "p(95)": 0
        },
        "http_req_receiving": {
            "avg": 0.008686575842128041,
            "min": 0.002654,
            "med": 0.006544,
            "max": 2.183462,
            "p(90)": 0.015525,
            "p(95)": 0.021196
        },
        "vus_max": {
            "value": 200,
            "min": 200,
            "max": 200
        },
        "http_reqs": {
            "count": 1047584,
            "rate": 9523.440477019249
        },
        "vus": {
            "max": 200,
            "value": 1,
            "min": 1
        },
        "http_req_blocked": {
            "p(95)": 0.001007,
            "avg": 0.0011943199285216165,
            "min": 0.000353,
            "med": 0.000511,
            "max": 9.113142,
            "p(90)": 0.000808
        },
        "iteration_duration": {
            "avg": 19.08993305575682,
            "min": 0.863991,
            "med": 18.580807,
            "max": 1165.353627,
            "p(90)": 24.9132001,
            "p(95)": 29.359973199999985
        },
        "http_req_sending": {
            "p(90)": 0.00402,
            "p(95)": 0.0048,
            "avg": 0.0031417163731024263,
            "min": 0.001763,
            "med": 0.002704,
            "max": 3.351511
        },
        "http_req_waiting": {
            "med": 18.5321225,
            "max": 1165.300526,
            "p(90)": 24.861454400000003,
            "p(95)": 29.310043,
            "avg": 19.04160127612873,
            "min": 0.821935
        },
        "http_req_duration": {
            "max": 1165.311918,
            "p(90)": 24.87440070000001,
            "p(95)": 29.3222372,
            "avg": 19.053429568343745,
            "min": 0.831612,
            "med": 18.5439825
        },
        "http_req_tls_handshaking": {
            "max": 0,
            "p(90)": 0,
            "p(95)": 0,
            "avg": 0,
            "min": 0,
            "med": 0
        },
        "data_sent": {
            "rate": 1025017.4083094039,
            "count": 112752512
        },
        "iterations": {
            "count": 1047584,
            "rate": 9523.440477019249
        }
    },
    "root_group": {
        "path": "",
        "id": "d41d8cd98f00b204e9800998ecf8427e",
        "groups": {},
        "checks": {},
        "name": ""
    }
}