{
    "root_group": {
        "name": "",
        "path": "",
        "id": "d41d8cd98f00b204e9800998ecf8427e",
        "groups": {},
        "checks": {}
    },
    "metrics": {
        "data_received": {
            "count": 1281726050,
            "rate": 11651840.390259994
        },
        "http_req_failed": {
            "fails": 80352,
            "passes": 81,
            "value": 0.0010070493454179255
        },
        "data_sent": {
            "count": 8657060,
            "rate": 78699.09593310067
        },
        "http_req_duration{expected_response:true}": {
            "max": 2247.554137,
            "p(90)": 451.1401965,
            "p(95)": 516.1738793,
            "avg": 249.01144636582586,
            "min": 2.470728,
            "med": 211.399688
        },
        "vus": {
            "value": 1,
            "min": 1,
            "max": 200
        },
        "vus_max": {
            "value": 200,
            "min": 200,
            "max": 200
        },
        "http_req_sending": {
            "avg": 0.0038864374323971627,
            "min": 0.002038,
            "med": 0.003452,
            "max": 0.287834,
            "p(90)": 0.005065,
            "p(95)": 0.005748
        },
        "http_req_receiving": {
            "max": 2070.080261,
            "p(90)": 430.0872024,
            "p(95)": 495.1913379999998,
            "avg": 229.04165515287198,
            "min": 0.005425,
            "med": 189.395689
        },
        "http_reqs": {
            "count": 80433,
            "rate": 731.1956233625604
        },
        "http_req_waiting": {
            "avg": 19.75730432826071,
            "min": 1.83796,
            "med": 17.049863,
            "max": 775.760283,
            "p(90)": 22.28742400000001,
            "p(95)": 56.784079399999975
        },
        "iteration_duration": {
            "p(90)": 451.14816400000007,
            "p(95)": 516.2096124,
            "avg": 248.8772487907953,
            "min": 2.503972,
            "med": 211.267797,
            "max": 2247.600298
        },
        "iterations": {
            "count": 80433,
            "rate": 731.1956233625604
        },
        "http_req_blocked": {
            "avg": 0.03327471070331637,
            "min": 0.000372,
            "med": 0.000598,
            "max": 1024.21748,
            "p(90)": 0.001004,
            "p(95)": 0.001168
        },
        "http_req_duration": {
            "avg": 248.8028459185639,
            "min": 2.470728,
            "med": 211.20815,
            "max": 2247.554137,
            "p(90)": 451.0825056,
            "p(95)": 516.1520363999999
        },
        "http_req_connecting": {
            "p(95)": 0,
            "avg": 0.032501080713140125,
            "min": 0,
            "med": 0,
            "max": 1024.196769,
            "p(90)": 0
        },
        "http_req_tls_handshaking": {
            "max": 0,
            "p(90)": 0,
            "p(95)": 0,
            "avg": 0,
            "min": 0,
            "med": 0
        }
    }
}