{
    "root_group": {
        "name": "",
        "path": "",
        "id": "d41d8cd98f00b204e9800998ecf8427e",
        "groups": {},
        "checks": {}
    },
    "metrics": {
        "http_req_duration": {
            "p(95)": 515.7808686,
            "avg": 248.7286702187547,
            "min": 2.577266,
            "med": 211.785676,
            "max": 2278.679797,
            "p(90)": 451.92837860000003
        },
        "http_req_blocked": {
            "p(90)": 0.001001,
            "p(95)": 0.001163,
            "avg": 0.061300521462400656,
            "min": 0.000373,
            "med": 0.000593,
            "max": 1026.793786
        },
        "http_req_receiving": {
            "avg": 228.99061013046332,
            "min": 0.005873,
            "med": 190.216353,
            "max": 2269.627485,
            "p(90)": 429.58416200000005,
            "p(95)": 494.3303836999999
        },
        "data_sent": {
            "count": 8658135,
            "rate": 78706.30912284346
        },
        "iterations": {
            "count": 80443,
            "rate": 731.2627517091032
        },
        "data_received": {
            "count": 1281853889,
            "rate": 11652623.623673351
        },
        "iteration_duration": {
            "avg": 248.83100432443126,
            "min": 2.618934,
            "med": 211.861578,
            "max": 2278.718737,
            "p(90)": 451.9981204,
            "p(95)": 515.8992047999999
        },
        "vus_max": {
            "value": 200,
            "min": 200,
            "max": 200
        },
        "http_req_duration{expected_response:true}": {
            "p(95)": 515.84696305,
            "avg": 248.94418566489486,
            "min": 2.577266,
            "med": 211.9310045,
            "max": 2278.679797,
            "p(90)": 451.98544920000006
        },
        "http_req_connecting": {
            "p(90)": 0,
            "p(95)": 0,
            "avg": 0.06053264680581281,
            "min": 0,
            "med": 0,
            "max": 1026.772792
        },
        "http_req_failed": {
            "passes": 81,
            "fails": 80362,
            "value": 0.0010069241574779658
        },
        "http_req_tls_handshaking": {
            "med": 0,
            "max": 0,
            "p(90)": 0,
            "p(95)": 0,
            "avg": 0,
            "min": 0
        },
        "vus": {
            "min": 1,
            "max": 200,
            "value": 1
        },
        "http_req_sending": {
            "avg": 0.003850818343423283,
            "min": 0.002037,
            "med": 0.003428,
            "max": 0.216707,
            "p(90)": 0.005049,
            "p(95)": 0.005724
        },
        "http_req_waiting": {
            "p(95)": 56.664793799999984,
            "avg": 19.734209269942593,
            "min": 2.000903,
            "med": 16.999563,
            "max": 489.675066,
            "p(90)": 23.297518600000025
        },
        "http_reqs": {
            "count": 80443,
            "rate": 731.2627517091032
        }
    }
}