{
    "metrics": {
        "http_req_blocked": {
            "p(90)": 0.001018,
            "p(95)": 0.001193,
            "avg": 0.03551534800895841,
            "min": 0.000369,
            "med": 0.0006,
            "max": 1029.00141
        },
        "http_req_waiting": {
            "avg": 19.619306805811416,
            "min": 1.92856,
            "med": 16.9744885,
            "max": 795.072504,
            "p(90)": 21.083747500000023,
            "p(95)": 56.43177400000001
        },
        "http_req_sending": {
            "avg": 0.003921121652563424,
            "min": 0.002062,
            "med": 0.003457,
            "max": 0.219426,
            "p(90)": 0.005136,
            "p(95)": 0.005881
        },
        "data_received": {
            "count": 1280556358,
            "rate": 11641158.22776536
        },
        "http_req_failed": {
            "passes": 81,
            "fails": 80279,
            "value": 0.0010079641612742657
        },
        "http_req_duration": {
            "avg": 249.02905685287723,
            "min": 2.513373,
            "med": 210.7051405,
            "max": 2171.949235,
            "p(90)": 453.5999952,
            "p(95)": 515.7501831000001
        },
        "http_req_receiving": {
            "min": 0.006073,
            "med": 189.64857849999999,
            "max": 2157.910675,
            "p(90)": 433.0579238000003,
            "p(95)": 495.1769385,
            "avg": 229.40582892540843
        },
        "vus_max": {
            "min": 200,
            "max": 200,
            "value": 200
        },
        "iterations": {
            "rate": 730.5289371600031,
            "count": 80360
        },
        "http_req_connecting": {
            "min": 0,
            "med": 0,
            "max": 1028.979818,
            "p(90)": 0,
            "p(95)": 0,
            "avg": 0.03473762677949227
        },
        "vus": {
            "value": 1,
            "min": 1,
            "max": 200
        },
        "http_req_tls_handshaking": {
            "p(90)": 0,
            "p(95)": 0,
            "avg": 0,
            "min": 0,
            "med": 0,
            "max": 0
        },
        "data_sent": {
            "count": 8649212,
            "rate": 78627.4222204025
        },
        "iteration_duration": {
            "max": 2171.996908,
            "p(90)": 453.6693395000002,
            "p(95)": 515.8034259000001,
            "avg": 249.10608638001358,
            "min": 2.542806,
            "med": 210.797586
        },
        "http_req_duration{expected_response:true}": {
            "avg": 249.2386351999429,
            "min": 2.513373,
            "med": 210.886319,
            "max": 2171.949235,
            "p(90)": 453.6834338,
            "p(95)": 515.7769372999999
        },
        "http_reqs": {
            "count": 80360,
            "rate": 730.5289371600031
        }
    },
    "root_group": {
        "name": "",
        "path": "",
        "id": "d41d8cd98f00b204e9800998ecf8427e",
        "groups": {},
        "checks": {}
    }
}