{
    "root_group": {
        "groups": {},
        "checks": {},
        "name": "",
        "path": "",
        "id": "d41d8cd98f00b204e9800998ecf8427e"
    },
    "metrics": {
        "http_req_tls_handshaking": {
            "avg": 0,
            "min": 0,
            "med": 0,
            "max": 0,
            "p(90)": 0,
            "p(95)": 0
        },
        "vus": {
            "max": 200,
            "value": 1,
            "min": 1
        },
        "http_req_connecting": {
            "max": 1.550567,
            "p(90)": 0,
            "p(95)": 0,
            "avg": 0.000530734023644438,
            "min": 0,
            "med": 0
        },
        "http_req_waiting": {
            "avg": 19.194919892214234,
            "min": 0.811185,
            "med": 18.634713,
            "max": 1039.45524,
            "p(90)": 25.3152888,
            "p(95)": 29.25934439999998
        },
        "http_req_sending": {
            "max": 0.881346,
            "p(90)": 0.004289,
            "p(95)": 0.005109,
            "avg": 0.0033041867352489682,
            "min": 0.001934,
            "med": 0.002851
        },
        "vus_max": {
            "value": 200,
            "min": 200,
            "max": 200
        },
        "http_req_failed": {
            "passes": 1039145,
            "fails": 0,
            "value": 1
        },
        "data_sent": {
            "count": 111844216,
            "rate": 1016750.7656710311
        },
        "data_received": {
            "count": 123653610,
            "rate": 1124107.326618366
        },
        "http_req_blocked": {
            "p(95)": 0.001044,
            "avg": 0.0012131582502927355,
            "min": 0.000359,
            "med": 0.000537,
            "max": 1.576696,
            "p(90)": 0.000847
        },
        "http_reqs": {
            "count": 1039145,
            "rate": 9446.634901470663
        },
        "iteration_duration": {
            "max": 1039.515724,
            "p(90)": 25.3672202,
            "p(95)": 29.311869999999978,
            "avg": 19.244912139532996,
            "min": 0.843948,
            "med": 18.684087
        },
        "http_req_receiving": {
            "min": 0.003127,
            "med": 0.007006,
            "max": 4.335771,
            "p(90)": 0.015595,
            "p(95)": 0.021781799999999928,
            "avg": 0.009044000400329755
        },
        "iterations": {
            "count": 1039145,
            "rate": 9446.634901470663
        },
        "http_req_duration": {
            "p(90)": 25.327789199999998,
            "p(95)": 29.27287139999999,
            "avg": 19.207268079351035,
            "min": 0.81839,
            "med": 18.646897,
            "max": 1039.467556
        }
    }
}