{
    "metrics": {
        "data_received": {
            "count": 1280799298,
            "rate": 11643181.522453953
        },
        "vus_max": {
            "value": 200,
            "min": 200,
            "max": 200
        },
        "http_req_tls_handshaking": {
            "p(95)": 0,
            "avg": 0,
            "min": 0,
            "med": 0,
            "max": 0,
            "p(90)": 0
        },
        "http_req_sending": {
            "max": 0.216694,
            "p(90)": 0.005051,
            "p(95)": 0.005722,
            "avg": 0.0038875155639603756,
            "min": 0.001992,
            "med": 0.003451
        },
        "http_reqs": {
            "count": 80378,
            "rate": 730.6809473374678
        },
        "http_req_receiving": {
            "p(95)": 495.1600093499999,
            "avg": 229.39912446529,
            "min": 0.005916,
            "med": 189.849383,
            "max": 2338.819107,
            "p(90)": 430.9698311
        },
        "http_req_duration": {
            "avg": 248.99057169115085,
            "min": 2.69765,
            "med": 211.5636175,
            "max": 2471.446964,
            "p(90)": 451.98844520000006,
            "p(95)": 515.85855315
        },
        "data_sent": {
            "count": 8651156,
            "rate": 78643.84360949785
        },
        "iteration_duration": {
            "p(90)": 452.03724800000003,
            "p(95)": 515.8987235,
            "avg": 249.06337825651303,
            "min": 2.727912,
            "med": 211.623014,
            "max": 2471.497454
        },
        "iterations": {
            "count": 80378,
            "rate": 730.6809473374678
        },
        "http_req_blocked": {
            "med": 0.000598,
            "max": 1014.159238,
            "p(90)": 0.000997,
            "p(95)": 0.001168,
            "avg": 0.03194056760556252,
            "min": 0.000371
        },
        "http_req_waiting": {
            "p(90)": 21.263727800000026,
            "p(95)": 55.69113114999996,
            "avg": 19.58755971029369,
            "min": 1.882865,
            "med": 16.968609,
            "max": 541.345339
        },
        "http_req_failed": {
            "passes": 81,
            "fails": 80297,
            "value": 0.0010077384358904177
        },
        "http_req_duration{expected_response:true}": {
            "p(90)": 452.0701682,
            "p(95)": 515.8697908,
            "avg": 249.19803503811255,
            "min": 2.69765,
            "med": 211.743544,
            "max": 2471.446964
        },
        "http_req_connecting": {
            "avg": 0.031166256948418725,
            "min": 0,
            "med": 0,
            "max": 1014.127742,
            "p(90)": 0,
            "p(95)": 0
        },
        "vus": {
            "value": 1,
            "min": 1,
            "max": 200
        }
    },
    "root_group": {
        "checks": {},
        "name": "",
        "path": "",
        "id": "d41d8cd98f00b204e9800998ecf8427e",
        "groups": {}
    }
}