{
    "metrics": {
        "http_req_waiting": {
            "max": 807.801665,
            "p(90)": 21.745751400000007,
            "p(95)": 56.2908436,
            "avg": 19.616214460406088,
            "min": 1.660262,
            "med": 16.997373
        },
        "vus_max": {
            "value": 200,
            "min": 200,
            "max": 200
        },
        "http_req_tls_handshaking": {
            "p(95)": 0,
            "avg": 0,
            "min": 0,
            "med": 0,
            "max": 0,
            "p(90)": 0
        },
        "vus": {
            "value": 1,
            "min": 1,
            "max": 200
        },
        "http_req_blocked": {
            "p(95)": 0.001172,
            "avg": 0.046888983124462054,
            "min": 0.000374,
            "med": 0.000596,
            "max": 1026.036661,
            "p(90)": 0.001003
        },
        "data_sent": {
            "count": 8648466,
            "rate": 78621.34659073263
        },
        "http_req_sending": {
            "avg": 0.003883841934961959,
            "min": 0.001929,
            "med": 0.003458,
            "max": 0.174502,
            "p(90)": 0.005059,
            "p(95)": 0.005744399999999994
        },
        "iterations": {
            "count": 80353,
            "rate": 730.4718620163552
        },
        "data_received": {
            "count": 1280417099,
            "rate": 11639996.794943685
        },
        "iteration_duration": {
            "avg": 249.1301788720013,
            "min": 2.421794,
            "med": 212.148876,
            "max": 1781.42909,
            "p(90)": 450.59041260000015,
            "p(95)": 514.9630242
        },
        "http_req_duration{expected_response:true}": {
            "max": 1781.359251,
            "p(90)": 450.71596020000067,
            "p(95)": 514.9764297999999,
            "avg": 249.23941588909136,
            "min": 2.397613,
            "med": 212.2150775
        },
        "http_req_failed": {
            "passes": 81,
            "fails": 80272,
            "value": 0.0010080519706793772
        },
        "http_req_connecting": {
            "avg": 0.046116728211765594,
            "min": 0,
            "med": 0,
            "max": 1026.013561,
            "p(90)": 0,
            "p(95)": 0
        },
        "http_req_receiving": {
            "med": 190.83534,
            "max": 1764.587939,
            "p(90)": 430.45807540000004,
            "p(95)": 493.7897206,
            "avg": 229.42181500794044,
            "min": 0.005956
        },
        "http_req_duration": {
            "max": 1781.359251,
            "p(90)": 450.49434640000004,
            "p(95)": 514.8385763999996,
            "avg": 249.04191331028258,
            "min": 2.397613,
            "med": 212.074861
        },
        "http_reqs": {
            "count": 80353,
            "rate": 730.4718620163552
        }
    },
    "root_group": {
        "name": "",
        "path": "",
        "id": "d41d8cd98f00b204e9800998ecf8427e",
        "groups": {},
        "checks": {}
    }
}