{
    "root_group": {
        "groups": {},
        "checks": {},
        "name": "",
        "path": "",
        "id": "d41d8cd98f00b204e9800998ecf8427e"
    },
    "metrics": {
        "iterations": {
            "count": 1065403,
            "rate": 9685.308708873188
        },
        "vus_max": {
            "value": 200,
            "min": 200,
            "max": 200
        },
        "http_reqs": {
            "count": 1065403,
            "rate": 9685.308708873188
        },
        "http_req_failed": {
            "passes": 1065403,
            "fails": 0,
            "value": 1
        },
        "vus": {
            "value": 1,
            "min": 1,
            "max": 200
        },
        "http_req_blocked": {
            "med": 0.000547,
            "max": 1.211963,
            "p(90)": 0.00085,
            "p(95)": 0.001058,
            "avg": 0.001211116918199529,
            "min": 0.00039
        },
        "data_sent": {
            "count": 114670379,
            "rate": 1042439.3589829287
        },
        "http_req_receiving": {
            "min": 0.003033,
            "med": 0.006983,
            "max": 3.431909,
            "p(90)": 0.014568,
            "p(95)": 0.020819,
            "avg": 0.008869099035764124
        },
        "http_req_duration": {
            "min": 0.785326,
            "med": 18.171046,
            "max": 1155.651979,
            "p(90)": 25.176179000000005,
            "p(95)": 30.541085699999996,
            "avg": 18.732705966782508
        },
        "http_req_connecting": {
            "avg": 0.0005205418588083565,
            "min": 0,
            "med": 0,
            "max": 1.088905,
            "p(90)": 0,
            "p(95)": 0
        },
        "data_received": {
            "count": 126778172,
            "rate": 1152508.2371333882
        },
        "http_req_tls_handshaking": {
            "max": 0,
            "p(90)": 0,
            "p(95)": 0,
            "avg": 0,
            "min": 0,
            "med": 0
        },
        "iteration_duration": {
            "avg": 18.770477116865525,
            "min": 0.817955,
            "med": 18.20901,
            "max": 1155.697763,
            "p(90)": 25.215900800000004,
            "p(95)": 30.578985099999993
        },
        "http_req_waiting": {
            "avg": 18.720527311003146,
            "min": 0.775885,
            "med": 18.159263,
            "max": 1155.633999,
            "p(90)": 25.1645502,
            "p(95)": 30.52726459999999
        },
        "http_req_sending": {
            "avg": 0.0033095567442555573,
            "min": 0.001899,
            "med": 0.002848,
            "max": 1.099061,
            "p(90)": 0.004293,
            "p(95)": 0.005131
        }
    }
}