{
    "root_group": {
        "checks": {},
        "name": "",
        "path": "",
        "id": "d41d8cd98f00b204e9800998ecf8427e",
        "groups": {}
    },
    "metrics": {
        "data_received": {
            "count": 1282056230,
            "rate": 11654697.879864221
        },
        "http_req_receiving": {
            "avg": 229.2376445072073,
            "min": 0.005029,
            "med": 190.849276,
            "max": 1890.867334,
            "p(90)": 430.2438063999999,
            "p(95)": 493.75185784999996
        },
        "vus_max": {
            "value": 200,
            "min": 200,
            "max": 200
        },
        "http_reqs": {
            "count": 80454,
            "rate": 731.377486638473
        },
        "http_req_tls_handshaking": {
            "min": 0,
            "med": 0,
            "max": 0,
            "p(90)": 0,
            "p(95)": 0,
            "avg": 0
        },
        "http_req_blocked": {
            "avg": 0.07254434302831239,
            "min": 0.000379,
            "med": 0.000598,
            "max": 1027.740869,
            "p(90)": 0.000988,
            "p(95)": 0.001145
        },
        "http_req_connecting": {
            "max": 1027.709112,
            "p(90)": 0,
            "p(95)": 0,
            "avg": 0.07177746117035821,
            "min": 0,
            "med": 0
        },
        "http_req_waiting": {
            "min": 1.922307,
            "med": 16.957542,
            "max": 753.243315,
            "p(90)": 20.885659099999998,
            "p(95)": 55.76959104999997,
            "avg": 19.477558006948154
        },
        "http_req_sending": {
            "p(90)": 0.005021,
            "p(95)": 0.005701,
            "avg": 0.003868651788599673,
            "min": 0.00202,
            "med": 0.003465,
            "max": 0.234321
        },
        "http_req_failed": {
            "passes": 81,
            "fails": 80373,
            "value": 0.0010067864866880453
        },
        "data_sent": {
            "count": 8659323,
            "rate": 78718.69505221272
        },
        "http_req_duration": {
            "med": 211.787805,
            "max": 1907.958821,
            "p(90)": 451.0859568999999,
            "p(95)": 513.6214680999996,
            "avg": 248.71907116594184,
            "min": 2.494748
        },
        "iterations": {
            "count": 80454,
            "rate": 731.377486638473
        },
        "vus": {
            "value": 1,
            "min": 1,
            "max": 200
        },
        "http_req_duration{expected_response:true}": {
            "min": 2.494748,
            "med": 211.95847,
            "max": 1907.958821,
            "p(90)": 451.2416718,
            "p(95)": 513.6721606,
            "avg": 248.93497598112165
        },
        "iteration_duration": {
            "med": 211.868671,
            "max": 1907.993045,
            "p(90)": 451.27881859999997,
            "p(95)": 513.7449221999993,
            "avg": 248.83246378605043,
            "min": 2.540306
        }
    }
}