{
    "metrics": {
        "iteration_duration": {
            "min": 0.812137,
            "med": 18.295983,
            "max": 1099.946213,
            "p(90)": 25.2573238,
            "p(95)": 30.645500599999995,
            "avg": 18.981064930706232
        },
        "http_req_duration": {
            "min": 0.784095,
            "med": 18.258341,
            "max": 1099.913516,
            "p(90)": 25.216605800000004,
            "p(95)": 30.607283599999988,
            "avg": 18.943197351217542
        },
        "http_req_tls_handshaking": {
            "min": 0,
            "med": 0,
            "max": 0,
            "p(90)": 0,
            "p(95)": 0,
            "avg": 0
        },
        "http_req_waiting": {
            "med": 18.245784,
            "max": 1099.901529,
            "p(90)": 25.20364440000001,
            "p(95)": 30.593975199999996,
            "avg": 18.930855236321417,
            "min": 0.775916
        },
        "http_reqs": {
            "count": 1053589,
            "rate": 9578.05742826809
        },
        "vus_max": {
            "value": 200,
            "min": 200,
            "max": 200
        },
        "http_req_blocked": {
            "p(95)": 0.001059,
            "avg": 0.001210085093903234,
            "min": 0.000358,
            "med": 0.000539,
            "max": 1.758548,
            "p(90)": 0.000854
        },
        "http_req_sending": {
            "avg": 0.0033169621038186634,
            "min": 0.001946,
            "med": 0.002859,
            "max": 1.469079,
            "p(90)": 0.004313,
            "p(95)": 0.005174
        },
        "iterations": {
            "count": 1053589,
            "rate": 9578.05742826809
        },
        "http_req_failed": {
            "passes": 1053589,
            "fails": 0,
            "value": 1
        },
        "vus": {
            "value": 1,
            "min": 1,
            "max": 200
        },
        "data_sent": {
            "count": 113398845,
            "rate": 1030895.9657981165
        },
        "data_received": {
            "rate": 1139745.879527829,
            "count": 125372366
        },
        "http_req_receiving": {
            "avg": 0.009025152790129744,
            "min": 0.003022,
            "med": 0.007069,
            "max": 0.908049,
            "p(90)": 0.015457,
            "p(95)": 0.021645
        },
        "http_req_connecting": {
            "avg": 0.0005241407569744929,
            "min": 0,
            "med": 0,
            "max": 1.383552,
            "p(90)": 0,
            "p(95)": 0
        }
    },
    "root_group": {
        "name": "",
        "path": "",
        "id": "d41d8cd98f00b204e9800998ecf8427e",
        "groups": {},
        "checks": {}
    }
}