{
    "root_group": {
        "checks": {},
        "name": "",
        "path": "",
        "id": "d41d8cd98f00b204e9800998ecf8427e",
        "groups": {}
    },
    "metrics": {
        "http_req_connecting": {
            "avg": 0.000548965406064416,
            "min": 0,
            "med": 0,
            "max": 9.886983,
            "p(90)": 0,
            "p(95)": 0
        },
        "http_req_sending": {
            "avg": 0.0032937605674853085,
            "min": 0.001888,
            "med": 0.002834,
            "max": 0.903654,
            "p(90)": 0.004262,
            "p(95)": 0.005082
        },
        "iterations": {
            "count": 1049895,
            "rate": 9544.437310226858
        },
        "data_received": {
            "rate": 1135745.403833402,
            "count": 124932815
        },
        "http_reqs": {
            "count": 1049895,
            "rate": 9544.437310226858
        },
        "http_req_receiving": {
            "max": 1.338456,
            "p(90)": 0.015494,
            "p(95)": 0.021686,
            "avg": 0.009015590279027751,
            "min": 0.002843,
            "med": 0.007025
        },
        "vus_max": {
            "value": 200,
            "min": 200,
            "max": 200
        },
        "http_req_blocked": {
            "p(90)": 0.000846,
            "p(95)": 0.001047,
            "avg": 0.0012302182913533268,
            "min": 0.000358,
            "med": 0.000536,
            "max": 9.953138
        },
        "vus": {
            "value": 1,
            "min": 1,
            "max": 200
        },
        "http_req_duration": {
            "p(95)": 30.24028749999999,
            "avg": 19.011054382375452,
            "min": 0.840459,
            "med": 18.237896,
            "max": 1116.105912,
            "p(90)": 25.5664254
        },
        "http_req_waiting": {
            "p(90)": 25.553481799999997,
            "p(95)": 30.226861799999973,
            "avg": 18.99874503153021,
            "min": 0.832141,
            "med": 18.225513,
            "max": 1116.095905
        },
        "http_req_failed": {
            "passes": 1049895,
            "fails": 0,
            "value": 1
        },
        "http_req_tls_handshaking": {
            "avg": 0,
            "min": 0,
            "med": 0,
            "max": 0,
            "p(90)": 0,
            "p(95)": 0
        },
        "data_sent": {
            "count": 113001242,
            "rate": 1027277.2708192479
        },
        "iteration_duration": {
            "avg": 19.048870806499156,
            "min": 0.867859,
            "med": 18.275499,
            "max": 1116.135356,
            "p(90)": 25.6049716,
            "p(95)": 30.2770488
        }
    }
}