{
    "metrics": {
        "data_sent": {
            "count": 8449986,
            "rate": 76475.34143415096
        },
        "iteration_duration": {
            "p(90)": 473.14339499999994,
            "p(95)": 556.2062512,
            "avg": 255.0443034415673,
            "min": 4.249376,
            "med": 209.651703,
            "max": 7458.56638
        },
        "vus": {
            "max": 200,
            "value": 2,
            "min": 2
        },
        "http_req_waiting": {
            "max": 1000.282695,
            "p(90)": 34.378653799999995,
            "p(95)": 71.08263339999999,
            "avg": 22.419355856449595,
            "min": 4.051441,
            "med": 16.548108
        },
        "http_req_blocked": {
            "avg": 0.23659789788432756,
            "min": 0.000406,
            "med": 0.000773,
            "max": 3213.221973,
            "p(90)": 0.001269,
            "p(95)": 0.001495
        },
        "http_req_connecting": {
            "min": 0,
            "med": 0,
            "max": 3213.193552,
            "p(90)": 0,
            "p(95)": 0,
            "avg": 0.23554369018838614
        },
        "http_req_sending": {
            "avg": 0.005067052656383344,
            "min": 0.001912,
            "med": 0.004227,
            "max": 0.356273,
            "p(90)": 0.006575,
            "p(95)": 0.008542999999999957
        },
        "http_req_duration{expected_response:true}": {
            "p(90)": 473.0753285000001,
            "p(95)": 555.7331514000001,
            "avg": 254.98028204522797,
            "min": 4.219571,
            "med": 209.685754,
            "max": 7458.517269
        },
        "iterations": {
            "count": 78509,
            "rate": 710.5340269976492
        },
        "http_req_tls_handshaking": {
            "p(90)": 0,
            "p(95)": 0,
            "avg": 0,
            "min": 0,
            "med": 0,
            "max": 0
        },
        "vus_max": {
            "value": 200,
            "min": 200,
            "max": 200
        },
        "data_received": {
            "count": 1250981772,
            "rate": 11321824.455283025
        },
        "http_req_duration": {
            "p(95)": 555.6551622,
            "avg": 254.75591131703675,
            "min": 4.219571,
            "med": 209.539707,
            "max": 7458.517269,
            "p(90)": 472.9670962
        },
        "http_reqs": {
            "count": 78509,
            "rate": 710.5340269976492
        },
        "http_req_failed": {
            "passes": 79,
            "fails": 78430,
            "value": 0.0010062540600440713
        },
        "http_req_receiving": {
            "p(90)": 448.4156294,
            "p(95)": 531.1504381999999,
            "avg": 232.33148840792998,
            "min": 0.005992,
            "med": 186.927845,
            "max": 7441.671026
        }
    },
    "root_group": {
        "id": "d41d8cd98f00b204e9800998ecf8427e",
        "groups": {},
        "checks": {},
        "name": "",
        "path": ""
    }
}