{
    "root_group": {
        "groups": {},
        "checks": {},
        "name": "",
        "path": "",
        "id": "d41d8cd98f00b204e9800998ecf8427e"
    },
    "metrics": {
        "data_received": {
            "rate": 11649969.20477879,
            "count": 1281520263
        },
        "iteration_duration": {
            "avg": 248.9144539212756,
            "min": 2.515952,
            "med": 210.88342749999998,
            "max": 2716.178917,
            "p(90)": 453.2988976000001,
            "p(95)": 515.9910566
        },
        "vus": {
            "min": 1,
            "max": 200,
            "value": 1
        },
        "iterations": {
            "count": 80422,
            "rate": 731.095598280618
        },
        "http_reqs": {
            "count": 80422,
            "rate": 731.095598280618
        },
        "http_req_failed": {
            "passes": 81,
            "fails": 80341,
            "value": 0.0010071870881102187
        },
        "http_req_tls_handshaking": {
            "max": 0,
            "p(90)": 0,
            "p(95)": 0,
            "avg": 0,
            "min": 0,
            "med": 0
        },
        "http_req_blocked": {
            "max": 1014.679166,
            "p(90)": 0.000976,
            "p(95)": 0.00111,
            "avg": 0.04828388117679139,
            "min": 0.00036,
            "med": 0.000544
        },
        "http_req_duration": {
            "min": 2.492646,
            "med": 210.8130575,
            "max": 2716.144493,
            "p(90)": 453.2383773000001,
            "p(95)": 515.9419719499999,
            "avg": 248.82852451329305
        },
        "http_req_connecting": {
            "avg": 0.047576249608316135,
            "min": 0,
            "med": 0,
            "max": 1014.65381,
            "p(90)": 0,
            "p(95)": 0
        },
        "data_sent": {
            "count": 8655882,
            "rate": 78688.38414160842
        },
        "http_req_receiving": {
            "min": 0.004749,
            "med": 189.5858695,
            "max": 2699.598866,
            "p(90)": 432.38424160000056,
            "p(95)": 494.9074459,
            "avg": 229.03058071302542
        },
        "http_req_waiting": {
            "max": 446.432497,
            "p(90)": 24.276978800000084,
            "p(95)": 56.03492279999999,
            "avg": 19.794450899517543,
            "min": 1.896898,
            "med": 16.998803000000002
        },
        "vus_max": {
            "value": 200,
            "min": 200,
            "max": 200
        },
        "http_req_sending": {
            "med": 0.003119,
            "max": 0.19255,
            "p(90)": 0.004734,
            "p(95)": 0.005361,
            "avg": 0.003492900748551394,
            "min": 0.001853
        },
        "http_req_duration{expected_response:true}": {
            "min": 2.492646,
            "med": 211.038859,
            "max": 2716.144493,
            "p(90)": 453.429665,
            "p(95)": 515.972858,
            "avg": 249.04211597763353
        }
    }
}