{
    "root_group": {
        "id": "d41d8cd98f00b204e9800998ecf8427e",
        "groups": {},
        "checks": {},
        "name": "",
        "path": ""
    },
    "metrics": {
        "iterations": {
            "rate": 730.8999004196893,
            "count": 80402
        },
        "http_req_sending": {
            "avg": 0.0034864001766125047,
            "min": 0.001926,
            "med": 0.003129,
            "max": 0.29202,
            "p(90)": 0.004702900000000008,
            "p(95)": 0.005331
        },
        "http_req_duration": {
            "avg": 248.92010178712044,
            "min": 2.40246,
            "med": 211.110871,
            "max": 2431.193775,
            "p(90)": 452.07603240000014,
            "p(95)": 516.1917597999999
        },
        "iteration_duration": {
            "avg": 248.9939046516271,
            "min": 2.433686,
            "med": 211.1851475,
            "max": 2431.228304,
            "p(90)": 452.1267538,
            "p(95)": 516.2354839
        },
        "vus_max": {
            "value": 200,
            "min": 200,
            "max": 200
        },
        "http_req_waiting": {
            "p(95)": 55.80621315,
            "avg": 19.826456590196624,
            "min": 1.859304,
            "med": 17.01786,
            "max": 857.980586,
            "p(90)": 23.209128900000014
        },
        "http_reqs": {
            "count": 80402,
            "rate": 730.8999004196893
        },
        "http_req_connecting": {
            "avg": 0.03499133190716648,
            "min": 0,
            "med": 0,
            "max": 1006.919934,
            "p(90)": 0,
            "p(95)": 0
        },
        "http_req_duration{expected_response:true}": {
            "max": 2431.193775,
            "p(90)": 452.159533,
            "p(95)": 516.203821,
            "avg": 249.1374551375737,
            "min": 2.40246,
            "med": 211.40569
        },
        "http_req_failed": {
            "passes": 81,
            "fails": 80321,
            "value": 0.0010074376259297032
        },
        "data_sent": {
            "count": 8653736,
            "rate": 78667.38116786
        },
        "http_req_blocked": {
            "max": 1006.944594,
            "p(90)": 0.000965,
            "p(95)": 0.001096,
            "avg": 0.035695217531901476,
            "min": 0.000364,
            "med": 0.000542
        },
        "data_received": {
            "count": 1281265995,
            "rate": 11647436.483627697
        },
        "http_req_tls_handshaking": {
            "avg": 0,
            "min": 0,
            "med": 0,
            "max": 0,
            "p(90)": 0,
            "p(95)": 0
        },
        "http_req_receiving": {
            "min": 0.005412,
            "med": 190.00766,
            "max": 2232.043448,
            "p(90)": 431.3009367000003,
            "p(95)": 495.7169242,
            "avg": 229.09015879674612
        },
        "vus": {
            "value": 1,
            "min": 1,
            "max": 200
        }
    }
}