{
    "root_group": {
        "name": "",
        "path": "",
        "id": "d41d8cd98f00b204e9800998ecf8427e",
        "groups": {},
        "checks": {}
    },
    "metrics": {
        "http_req_receiving": {
            "p(95)": 498.05790965,
            "avg": 231.1535516492007,
            "min": 0.004753,
            "med": 192.152669,
            "max": 3680.114138,
            "p(90)": 434.00802390000007
        },
        "http_req_sending": {
            "avg": 0.0038507152450045204,
            "min": 0.001927,
            "med": 0.003432,
            "max": 0.180777,
            "p(90)": 0.005226,
            "p(95)": 0.005889
        },
        "iterations": {
            "count": 79672,
            "rate": 724.2747916591153
        },
        "vus_max": {
            "value": 200,
            "min": 200,
            "max": 200
        },
        "vus": {
            "min": 1,
            "max": 200,
            "value": 1
        },
        "http_req_blocked": {
            "min": 0.000392,
            "med": 0.000595,
            "max": 1022.856842,
            "p(90)": 0.001034,
            "p(95)": 0.001191,
            "avg": 0.034577564313684334
        },
        "http_req_connecting": {
            "avg": 0.0338010501932925,
            "min": 0,
            "med": 0,
            "max": 1022.829265,
            "p(90)": 0,
            "p(95)": 0
        },
        "iteration_duration": {
            "avg": 251.25649630851342,
            "min": 3.157591,
            "med": 213.793615,
            "max": 3695.823968,
            "p(90)": 454.1028408000001,
            "p(95)": 518.8289783999998
        },
        "http_req_duration{expected_response:true}": {
            "avg": 251.3862719613285,
            "min": 3.131858,
            "med": 213.8869955,
            "max": 3695.785066,
            "p(90)": 454.1666429000001,
            "p(95)": 518.8596233999999
        },
        "http_req_tls_handshaking": {
            "min": 0,
            "med": 0,
            "max": 0,
            "p(90)": 0,
            "p(95)": 0,
            "avg": 0
        },
        "http_req_waiting": {
            "avg": 20.023744051937584,
            "min": 2.497322,
            "med": 17.222966999999997,
            "max": 869.364633,
            "p(90)": 22.562504700000037,
            "p(95)": 57.026223749999964
        },
        "http_req_failed": {
            "passes": 80,
            "fails": 79592,
            "value": 0.0010041168792047394
        },
        "data_received": {
            "count": 1269617967,
            "rate": 11541724.677874217
        },
        "http_req_duration": {
            "avg": 251.18114641638286,
            "min": 3.131858,
            "med": 213.7085095,
            "max": 3695.785066,
            "p(90)": 454.05489930000005,
            "p(95)": 518.75136975
        },
        "http_reqs": {
            "count": 79672,
            "rate": 724.2747916591153
        },
        "data_sent": {
            "count": 8575179,
            "rate": 77954.43799157321
        }
    }
}