{
    "root_group": {
        "groups": {},
        "checks": {},
        "name": "",
        "path": "",
        "id": "d41d8cd98f00b204e9800998ecf8427e"
    },
    "metrics": {
        "data_received": {
            "count": 1281174342,
            "rate": 11646715.046173995
        },
        "http_req_receiving": {
            "p(95)": 493.2775857999997,
            "avg": 229.01608654221874,
            "min": 0.005051,
            "med": 190.470791,
            "max": 2252.821356,
            "p(90)": 431.0885432
        },
        "vus": {
            "value": 1,
            "min": 1,
            "max": 200
        },
        "http_req_blocked": {
            "avg": 0.04782997080809374,
            "min": 0.000355,
            "med": 0.000548,
            "max": 1011.536512,
            "p(90)": 0.000969,
            "p(95)": 0.001105
        },
        "http_reqs": {
            "count": 80399,
            "rate": 730.8796408891421
        },
        "http_req_connecting": {
            "p(90)": 0,
            "p(95)": 0,
            "avg": 0.04712365406286148,
            "min": 0,
            "med": 0,
            "max": 1011.516012
        },
        "http_req_duration{expected_response:true}": {
            "p(90)": 451.69065090000004,
            "p(95)": 513.4566373499999,
            "avg": 249.108424207748,
            "min": 3.375919,
            "med": 211.9676815,
            "max": 2272.27696
        },
        "http_req_failed": {
            "passes": 81,
            "fails": 80318,
            "value": 0.0010074752173534498
        },
        "http_req_waiting": {
            "max": 878.026847,
            "p(90)": 23.251388199999933,
            "p(95)": 55.70630219999993,
            "avg": 19.872068877013447,
            "min": 2.710758,
            "med": 16.99376
        },
        "iteration_duration": {
            "min": 3.402834,
            "med": 211.869294,
            "max": 2272.308254,
            "p(90)": 451.6900444,
            "p(95)": 513.4062695999995,
            "avg": 248.97784520905773
        },
        "http_req_sending": {
            "avg": 0.003524736414632033,
            "min": 0.00199,
            "med": 0.003165,
            "max": 0.214519,
            "p(90)": 0.004732,
            "p(95)": 0.005373
        },
        "iterations": {
            "count": 80399,
            "rate": 730.8796408891421
        },
        "http_req_tls_handshaking": {
            "p(90)": 0,
            "p(95)": 0,
            "avg": 0,
            "min": 0,
            "med": 0,
            "max": 0
        },
        "vus_max": {
            "value": 200,
            "min": 200,
            "max": 200
        },
        "data_sent": {
            "count": 8653412,
            "rate": 78665.19054995452
        },
        "http_req_duration": {
            "med": 211.823056,
            "max": 2272.27696,
            "p(90)": 451.6393986,
            "p(95)": 513.2348231999994,
            "avg": 248.89168015564732,
            "min": 3.375919
        }
    }
}