{
    "metrics": {
        "http_req_waiting": {
            "p(95)": 56.22000199999993,
            "avg": 19.868877301371622,
            "min": 1.894417,
            "med": 17.012717,
            "max": 757.21564,
            "p(90)": 23.428079599999958
        },
        "http_req_connecting": {
            "avg": 0.07440406258005945,
            "min": 0,
            "med": 0,
            "max": 1066.227254,
            "p(90)": 0,
            "p(95)": 0
        },
        "http_req_tls_handshaking": {
            "avg": 0,
            "min": 0,
            "med": 0,
            "max": 0,
            "p(90)": 0,
            "p(95)": 0
        },
        "iterations": {
            "count": 80409,
            "rate": 730.9704753894008
        },
        "http_reqs": {
            "count": 80409,
            "rate": 730.9704753894008
        },
        "http_req_receiving": {
            "med": 189.759117,
            "max": 1902.659763,
            "p(90)": 431.80164360000003,
            "p(95)": 494.15702619999996,
            "avg": 228.96608296027574,
            "min": 0.005378
        },
        "http_req_failed": {
            "passes": 81,
            "fails": 80328,
            "value": 0.0010073499235160243
        },
        "http_req_blocked": {
            "avg": 0.0751036205897331,
            "min": 0.000362,
            "med": 0.000541,
            "max": 1066.261147,
            "p(90)": 0.000967,
            "p(95)": 0.001102
        },
        "http_req_sending": {
            "avg": 0.003488007387232776,
            "min": 0.001899,
            "med": 0.003141,
            "max": 0.23122,
            "p(90)": 0.004702,
            "p(95)": 0.0053485999999999916
        },
        "iteration_duration": {
            "p(90)": 452.1784134,
            "p(95)": 515.4907055999998,
            "avg": 248.9513776478996,
            "min": 2.482467,
            "med": 211.401926,
            "max": 1918.20345
        },
        "vus": {
            "max": 200,
            "value": 1,
            "min": 1
        },
        "http_req_duration": {
            "med": 211.364564,
            "max": 1918.161502,
            "p(90)": 452.1326342,
            "p(95)": 515.1997205999995,
            "avg": 248.83844826903635,
            "min": 2.450986
        },
        "http_req_duration{expected_response:true}": {
            "p(95)": 515.464299,
            "avg": 249.04957037873385,
            "min": 2.450986,
            "med": 211.507274,
            "max": 1918.161502,
            "p(90)": 452.1632349
        },
        "data_received": {
            "count": 1281364235,
            "rate": 11648440.149795743
        },
        "vus_max": {
            "value": 200,
            "min": 200,
            "max": 200
        },
        "data_sent": {
            "count": 8654487,
            "rate": 78674.95524930529
        }
    },
    "root_group": {
        "groups": {},
        "checks": {},
        "name": "",
        "path": "",
        "id": "d41d8cd98f00b204e9800998ecf8427e"
    }
}