{
    "root_group": {
        "name": "",
        "path": "",
        "id": "d41d8cd98f00b204e9800998ecf8427e",
        "groups": {},
        "checks": {}
    },
    "metrics": {
        "http_req_connecting": {
            "max": 1022.01967,
            "p(90)": 0,
            "p(95)": 0,
            "avg": 0.043784457336185904,
            "min": 0,
            "med": 0
        },
        "http_req_waiting": {
            "avg": 19.78122362661099,
            "min": 2.454928,
            "med": 17.0384065,
            "max": 748.856591,
            "p(90)": 23.203346500000002,
            "p(95)": 56.013087999999996
        },
        "http_req_sending": {
            "min": 0.001887,
            "med": 0.003159,
            "max": 0.227218,
            "p(90)": 0.004729,
            "p(95)": 0.005367,
            "avg": 0.0035230593313099806
        },
        "vus": {
            "value": 1,
            "min": 1,
            "max": 200
        },
        "http_req_receiving": {
            "avg": 229.1317009569496,
            "min": 0.004786,
            "med": 190.721464,
            "max": 2080.868959,
            "p(90)": 430.45863599999996,
            "p(95)": 493.836822
        },
        "http_req_failed": {
            "fails": 80315,
            "passes": 81,
            "value": 0.0010075128115826658
        },
        "http_req_blocked": {
            "p(95)": 0.00109425,
            "avg": 0.04448527867057936,
            "min": 0.000366,
            "med": 0.00054,
            "max": 1022.041361,
            "p(90)": 0.000963
        },
        "iterations": {
            "count": 80396,
            "rate": 730.8524187111424
        },
        "vus_max": {
            "value": 200,
            "min": 200,
            "max": 200
        },
        "http_req_tls_handshaking": {
            "avg": 0,
            "min": 0,
            "med": 0,
            "max": 0,
            "p(90)": 0,
            "p(95)": 0
        },
        "http_req_duration{expected_response:true}": {
            "avg": 249.12729626794297,
            "min": 3.321609,
            "med": 212.343531,
            "max": 2091.90527,
            "p(90)": 451.6631568000001,
            "p(95)": 514.0361576000001
        },
        "data_received": {
            "count": 1281157519,
            "rate": 11646562.907496843
        },
        "http_reqs": {
            "count": 80396,
            "rate": 730.8524187111424
        },
        "data_sent": {
            "count": 8653093,
            "rate": 78662.29598963201
        },
        "http_req_duration": {
            "p(90)": 451.534752,
            "p(95)": 513.93152175,
            "avg": 248.91644764289074,
            "min": 3.321609,
            "med": 212.19329599999998,
            "max": 2091.90527
        },
        "iteration_duration": {
            "avg": 248.9993604921029,
            "min": 3.352197,
            "med": 212.26579099999998,
            "max": 2091.974377,
            "p(90)": 451.632653,
            "p(95)": 514.0071185
        }
    }
}