{
    "metrics": {
        "vus": {
            "value": 1,
            "min": 1,
            "max": 200
        },
        "http_req_sending": {
            "max": 0.381263,
            "p(90)": 0.004892,
            "p(95)": 0.005537849999999992,
            "avg": 0.0036762727544016496,
            "min": 0.002031,
            "med": 0.003317
        },
        "http_req_waiting": {
            "avg": 19.935280007074937,
            "min": 2.543491,
            "med": 17.0362675,
            "max": 838.317809,
            "p(90)": 23.98398669999997,
            "p(95)": 56.5873178499999
        },
        "vus_max": {
            "value": 200,
            "min": 200,
            "max": 200
        },
        "data_sent": {
            "count": 8656098,
            "rate": 78690.81654148988
        },
        "data_received": {
            "rate": 11650098.209023062,
            "count": 1281526819
        },
        "http_reqs": {
            "rate": 731.118135392273,
            "count": 80424
        },
        "iteration_duration": {
            "max": 2335.96398,
            "p(90)": 451.13987379999986,
            "p(95)": 514.6196330999994,
            "avg": 248.92664160046886,
            "min": 3.223562,
            "med": 211.6929135
        },
        "iterations": {
            "count": 80424,
            "rate": 731.118135392273
        },
        "http_req_duration": {
            "p(90)": 450.99932699999994,
            "p(95)": 514.4912355499994,
            "avg": 248.85257367355513,
            "min": 3.194749,
            "med": 211.642831,
            "max": 2335.93005
        },
        "http_req_tls_handshaking": {
            "max": 0,
            "p(90)": 0,
            "p(95)": 0,
            "avg": 0,
            "min": 0,
            "med": 0
        },
        "http_req_receiving": {
            "min": 0.006089,
            "med": 190.2672665,
            "max": 2318.616388,
            "p(90)": 430.6885986,
            "p(95)": 493.96159209999973,
            "avg": 228.913617393729
        },
        "http_req_failed": {
            "passes": 81,
            "fails": 80343,
            "value": 0.0010071620411817369
        },
        "http_req_duration{expected_response:true}": {
            "p(90)": 451.17471420000004,
            "p(95)": 514.5995083999999,
            "avg": 249.06699608469938,
            "min": 3.194749,
            "med": 211.840903,
            "max": 2335.93005
        },
        "http_req_blocked": {
            "avg": 0.034977125447625386,
            "min": 0.000392,
            "med": 0.000584,
            "max": 1012.854772,
            "p(90)": 0.000997,
            "p(95)": 0.001134
        },
        "http_req_connecting": {
            "min": 0,
            "med": 0,
            "max": 1012.836182,
            "p(90)": 0,
            "p(95)": 0,
            "avg": 0.03423508164229582
        }
    },
    "root_group": {
        "groups": {},
        "checks": {},
        "name": "",
        "path": "",
        "id": "d41d8cd98f00b204e9800998ecf8427e"
    }
}