{
    "root_group": {
        "id": "d41d8cd98f00b204e9800998ecf8427e",
        "groups": {},
        "checks": {},
        "name": "",
        "path": ""
    },
    "metrics": {
        "data_received": {
            "count": 1281530979,
            "rate": 11650091.774941236
        },
        "iterations": {
            "count": 80423,
            "rate": 731.106267557578
        },
        "http_req_duration": {
            "min": 3.0921,
            "med": 211.449861,
            "max": 2406.913176,
            "p(90)": 451.7613864,
            "p(95)": 515.6185383,
            "avg": 248.82526616255038
        },
        "http_req_tls_handshaking": {
            "avg": 0,
            "min": 0,
            "med": 0,
            "max": 0,
            "p(90)": 0,
            "p(95)": 0
        },
        "http_req_receiving": {
            "avg": 228.904297855774,
            "min": 0.005116,
            "med": 189.809381,
            "max": 2396.744387,
            "p(90)": 431.617664,
            "p(95)": 494.35147609999996
        },
        "vus_max": {
            "value": 200,
            "min": 200,
            "max": 200
        },
        "data_sent": {
            "count": 8655990,
            "rate": 78689.53584068886
        },
        "http_req_sending": {
            "p(95)": 0.00533,
            "avg": 0.00348959571266929,
            "min": 0.001885,
            "med": 0.003143,
            "max": 0.167699,
            "p(90)": 0.004686
        },
        "http_req_duration{expected_response:true}": {
            "p(90)": 451.8114692000001,
            "p(95)": 515.6569628999999,
            "avg": 249.0394165473946,
            "min": 3.0921,
            "med": 211.640612,
            "max": 2406.913176
        },
        "http_reqs": {
            "count": 80423,
            "rate": 731.106267557578
        },
        "http_req_waiting": {
            "med": 17.028116,
            "max": 818.30588,
            "p(90)": 24.30174460000004,
            "p(95)": 56.41492019999989,
            "avg": 19.91747871106549,
            "min": 2.523921
        },
        "vus": {
            "value": 1,
            "min": 1,
            "max": 200
        },
        "http_req_connecting": {
            "p(90)": 0,
            "p(95)": 0,
            "avg": 0.05660673042537582,
            "min": 0,
            "med": 0,
            "max": 1014.283548
        },
        "iteration_duration": {
            "avg": 248.92026660280058,
            "min": 3.120792,
            "med": 211.504909,
            "max": 2406.959389,
            "p(90)": 451.8098584,
            "p(95)": 515.7013168
        },
        "http_req_failed": {
            "passes": 81,
            "fails": 80342,
            "value": 0.0010071745644902577
        },
        "http_req_blocked": {
            "p(90)": 0.000961,
            "p(95)": 0.001095,
            "avg": 0.05731040208646569,
            "min": 0.000361,
            "med": 0.000543,
            "max": 1014.306856
        }
    }
}