{
    "root_group": {
        "name": "",
        "path": "",
        "id": "d41d8cd98f00b204e9800998ecf8427e",
        "groups": {},
        "checks": {}
    },
    "metrics": {
        "http_req_duration{expected_response:true}": {
            "p(95)": 515.30721655,
            "avg": 248.9725404224381,
            "min": 2.609667,
            "med": 211.6463455,
            "max": 2180.355642,
            "p(90)": 450.1457762
        },
        "vus_max": {
            "min": 200,
            "max": 200,
            "value": 200
        },
        "http_req_tls_handshaking": {
            "max": 0,
            "p(90)": 0,
            "p(95)": 0,
            "avg": 0,
            "min": 0,
            "med": 0
        },
        "http_req_sending": {
            "avg": 0.003546746677606606,
            "min": 0.001994,
            "med": 0.003185,
            "max": 0.222033,
            "p(90)": 0.004773,
            "p(95)": 0.005468
        },
        "http_reqs": {
            "count": 80439,
            "rate": 731.2553070067097
        },
        "http_req_blocked": {
            "avg": 0.07189547549074381,
            "min": 0.000371,
            "med": 0.000577,
            "max": 1015.167738,
            "p(90)": 0.001001,
            "p(95)": 0.001118
        },
        "vus": {
            "max": 200,
            "value": 1,
            "min": 1
        },
        "http_req_connecting": {
            "p(95)": 0,
            "avg": 0.07115651884036352,
            "min": 0,
            "med": 0,
            "max": 1015.140702,
            "p(90)": 0
        },
        "http_req_duration": {
            "avg": 248.75714796033392,
            "min": 2.609667,
            "med": 211.505942,
            "max": 2180.355642,
            "p(90)": 450.00760499999996,
            "p(95)": 515.2606268
        },
        "http_req_waiting": {
            "avg": 19.80689134514339,
            "min": 1.853822,
            "med": 17.077188,
            "max": 758.833401,
            "p(90)": 24.795605599999945,
            "p(95)": 56.5558881999999
        },
        "data_received": {
            "count": 1281787669,
            "rate": 11652482.445231913
        },
        "iteration_duration": {
            "avg": 248.86758290678893,
            "min": 2.633586,
            "med": 211.574945,
            "max": 2180.391253,
            "p(90)": 450.1180527999999,
            "p(95)": 515.3404321999999
        },
        "http_req_receiving": {
            "p(95)": 494.1641474,
            "avg": 228.94670986851028,
            "min": 0.005233,
            "med": 190.136748,
            "max": 2161.595205,
            "p(90)": 430.1991103999999
        },
        "http_req_failed": {
            "passes": 81,
            "fails": 80358,
            "value": 0.001006974228918808
        },
        "iterations": {
            "count": 80439,
            "rate": 731.2553070067097
        },
        "data_sent": {
            "rate": 78705.49441487229,
            "count": 8657703
        }
    }
}