{
    "root_group": {
        "name": "",
        "path": "",
        "id": "d41d8cd98f00b204e9800998ecf8427e",
        "groups": {},
        "checks": {}
    },
    "metrics": {
        "http_req_duration{expected_response:true}": {
            "p(95)": 515.73042915,
            "avg": 249.11303936987295,
            "min": 3.311631,
            "med": 211.11066,
            "max": 2279.525033,
            "p(90)": 451.5012696
        },
        "http_req_receiving": {
            "avg": 228.93265965940097,
            "min": 0.005629,
            "med": 189.442481,
            "max": 2206.183791,
            "p(90)": 430.59763380000015,
            "p(95)": 494.5974607
        },
        "http_req_sending": {
            "p(90)": 0.004669,
            "p(95)": 0.005313899999999995,
            "avg": 0.003500088703157868,
            "min": 0.001933,
            "med": 0.003141,
            "max": 0.235424
        },
        "data_received": {
            "count": 1281246692,
            "rate": 11647559.39836008
        },
        "http_req_blocked": {
            "p(90)": 0.00096,
            "p(95)": 0.001092,
            "avg": 0.03185820938273322,
            "min": 0.000355,
            "med": 0.000538,
            "max": 1019.557406
        },
        "http_req_tls_handshaking": {
            "avg": 0,
            "min": 0,
            "med": 0,
            "max": 0,
            "p(90)": 0,
            "p(95)": 0
        },
        "http_req_failed": {
            "fails": 80322,
            "passes": 81,
            "value": 0.0010074250960785045
        },
        "data_sent": {
            "rate": 78670.37834595398,
            "count": 8653844
        },
        "http_req_waiting": {
            "avg": 19.955962821748326,
            "min": 2.451221,
            "med": 17.033044,
            "max": 856.493597,
            "p(90)": 23.27334920000001,
            "p(95)": 56.025737099999965
        },
        "iterations": {
            "count": 80403,
            "rate": 730.9277160704236
        },
        "http_req_connecting": {
            "med": 0,
            "max": 1019.522394,
            "p(90)": 0,
            "p(95)": 0,
            "avg": 0.031160918124945595,
            "min": 0
        },
        "vus": {
            "max": 200,
            "value": 1,
            "min": 1
        },
        "vus_max": {
            "value": 200,
            "min": 200,
            "max": 200
        },
        "http_req_duration": {
            "avg": 248.89212256985357,
            "min": 3.311631,
            "med": 210.832853,
            "max": 2279.525033,
            "p(90)": 451.42810860000003,
            "p(95)": 515.6804837999999
        },
        "http_reqs": {
            "count": 80403,
            "rate": 730.9277160704236
        },
        "iteration_duration": {
            "max": 2279.562448,
            "p(90)": 451.4712458,
            "p(95)": 515.7621322999998,
            "avg": 248.96149786040536,
            "min": 3.340763,
            "med": 210.892883
        }
    }
}