{
    "root_group": {
        "name": "",
        "path": "",
        "id": "d41d8cd98f00b204e9800998ecf8427e",
        "groups": {},
        "checks": {}
    },
    "metrics": {
        "data_sent": {
            "count": 8653412,
            "rate": 78666.74320227565
        },
        "http_req_waiting": {
            "avg": 19.779958103110243,
            "min": 2.613953,
            "med": 17.015084,
            "max": 912.498466,
            "p(90)": 22.86288679999999,
            "p(95)": 55.75578309999998
        },
        "iteration_duration": {
            "p(95)": 513.8396716999999,
            "avg": 249.01909547642757,
            "min": 3.236213,
            "med": 212.162213,
            "max": 2204.115525,
            "p(90)": 450.27438739999997
        },
        "http_req_duration{expected_response:true}": {
            "p(90)": 450.2749783,
            "p(95)": 513.8671178999998,
            "avg": 249.11381988493136,
            "min": 3.203544,
            "med": 212.2286785,
            "max": 2204.077982
        },
        "http_req_tls_handshaking": {
            "avg": 0,
            "min": 0,
            "med": 0,
            "max": 0,
            "p(90)": 0,
            "p(95)": 0
        },
        "http_req_receiving": {
            "avg": 229.12458243571356,
            "min": 0.004837,
            "med": 190.876943,
            "max": 2194.172116,
            "p(90)": 429.58587879999993,
            "p(95)": 493.2717674999998
        },
        "http_req_failed": {
            "passes": 81,
            "fails": 80318,
            "value": 0.0010074752173534498
        },
        "http_req_duration": {
            "avg": 248.9082194547309,
            "min": 3.203544,
            "med": 212.078154,
            "max": 2204.077982,
            "p(90)": 450.19067799999993,
            "p(95)": 513.758483
        },
        "vus_max": {
            "value": 200,
            "min": 200,
            "max": 200
        },
        "http_req_blocked": {
            "avg": 0.07143233099914045,
            "min": 0.00039,
            "med": 0.000582,
            "max": 1020.439762,
            "p(90)": 0.001006,
            "p(95)": 0.001143
        },
        "http_req_sending": {
            "avg": 0.003678915906914284,
            "min": 0.002045,
            "med": 0.003311,
            "max": 0.390713,
            "p(90)": 0.004905,
            "p(95)": 0.005534
        },
        "http_reqs": {
            "count": 80399,
            "rate": 730.8940666086118
        },
        "data_received": {
            "count": 1281214708,
            "rate": 11647311.88359165
        },
        "http_req_connecting": {
            "p(95)": 0,
            "avg": 0.07068615109640666,
            "min": 0,
            "med": 0,
            "max": 1020.417717,
            "p(90)": 0
        },
        "iterations": {
            "count": 80399,
            "rate": 730.8940666086118
        },
        "vus": {
            "max": 200,
            "value": 1,
            "min": 1
        }
    }
}