{
    "root_group": {
        "path": "",
        "id": "d41d8cd98f00b204e9800998ecf8427e",
        "groups": {},
        "checks": {},
        "name": ""
    },
    "metrics": {
        "http_reqs": {
            "count": 80405,
            "rate": 730.9451580787143
        },
        "iteration_duration": {
            "p(90)": 451.5789550000002,
            "p(95)": 514.0482092000001,
            "avg": 248.95798209785534,
            "min": 3.450753,
            "med": 211.739575,
            "max": 2081.94106
        },
        "iterations": {
            "count": 80405,
            "rate": 730.9451580787143
        },
        "http_req_sending": {
            "avg": 0.0034833181394192617,
            "min": 0.001856,
            "med": 0.00311,
            "max": 0.628244,
            "p(90)": 0.004679,
            "p(95)": 0.005311
        },
        "http_req_duration": {
            "avg": 248.8764557214475,
            "min": 3.404999,
            "med": 211.638549,
            "max": 2081.883138,
            "p(90)": 451.5091276,
            "p(95)": 513.9645518000001
        },
        "vus_max": {
            "value": 200,
            "min": 200,
            "max": 200
        },
        "http_req_blocked": {
            "max": 1032.480405,
            "p(90)": 0.000965,
            "p(95)": 0.001099,
            "avg": 0.04401599886822916,
            "min": 0.000362,
            "med": 0.00054
        },
        "http_req_failed": {
            "passes": 81,
            "fails": 80324,
            "value": 0.0010074000373111124
        },
        "http_req_duration{expected_response:true}": {
            "avg": 249.09729963774194,
            "min": 3.404999,
            "med": 211.80652700000002,
            "max": 2081.883138,
            "p(90)": 451.61364139999995,
            "p(95)": 514.0153975999998
        },
        "data_received": {
            "count": 1281292794,
            "rate": 11647966.716689851
        },
        "data_sent": {
            "count": 8654060,
            "rate": 78672.26235585695
        },
        "http_req_waiting": {
            "avg": 19.932334915925093,
            "min": 2.564195,
            "med": 17.044866,
            "max": 737.920136,
            "p(90)": 24.36739380000027,
            "p(95)": 56.314289400000014
        },
        "http_req_receiving": {
            "max": 2063.72773,
            "p(90)": 430.6767120000003,
            "p(95)": 493.72985880000004,
            "avg": 228.9406374873794,
            "min": 0.005423,
            "med": 190.289916
        },
        "vus": {
            "value": 1,
            "min": 1,
            "max": 200
        },
        "http_req_tls_handshaking": {
            "max": 0,
            "p(90)": 0,
            "p(95)": 0,
            "avg": 0,
            "min": 0,
            "med": 0
        },
        "http_req_connecting": {
            "avg": 0.04331405794415769,
            "min": 0,
            "med": 0,
            "max": 1032.456834,
            "p(90)": 0,
            "p(95)": 0
        }
    }
}