{
    "metrics": {
        "vus_max": {
            "min": 200,
            "max": 200,
            "value": 200
        },
        "http_req_receiving": {
            "med": 188.764814,
            "max": 2059.528894,
            "p(90)": 431.4142193999999,
            "p(95)": 493.91256089999996,
            "avg": 228.86299626323284,
            "min": 0.005317
        },
        "http_req_tls_handshaking": {
            "avg": 0,
            "min": 0,
            "med": 0,
            "max": 0,
            "p(90)": 0,
            "p(95)": 0
        },
        "http_req_duration{expected_response:true}": {
            "p(95)": 515.2579641,
            "avg": 249.0557168284149,
            "min": 3.091316,
            "med": 210.761303,
            "max": 2111.379653,
            "p(90)": 452.39451700000006
        },
        "vus": {
            "max": 200,
            "value": 1,
            "min": 1
        },
        "http_req_failed": {
            "fails": 80338,
            "passes": 81,
            "value": 0.0010072246608388564
        },
        "data_received": {
            "count": 1281476232,
            "rate": 11649615.987573612
        },
        "http_reqs": {
            "count": 80419,
            "rate": 731.0712791313654
        },
        "http_req_duration": {
            "med": 210.509585,
            "max": 2111.379653,
            "p(90)": 452.2881456,
            "p(95)": 515.2154902,
            "avg": 248.83258017695053,
            "min": 3.091316
        },
        "iteration_duration": {
            "med": 210.554605,
            "max": 2111.422726,
            "p(90)": 452.35913439999996,
            "p(95)": 515.2820995,
            "avg": 248.915984905956,
            "min": 3.127808
        },
        "data_sent": {
            "count": 8655562,
            "rate": 78685.79294620473
        },
        "http_req_sending": {
            "p(95)": 0.005361099999999992,
            "avg": 0.00351692391101603,
            "min": 0.001913,
            "med": 0.003155,
            "max": 0.196566,
            "p(90)": 0.00473
        },
        "http_req_blocked": {
            "avg": 0.04554896983299777,
            "min": 0.00037,
            "med": 0.000543,
            "max": 1020.425778,
            "p(90)": 0.000971,
            "p(95)": 0.00111
        },
        "http_req_connecting": {
            "p(95)": 0,
            "avg": 0.04484870602718262,
            "min": 0,
            "med": 0,
            "max": 1020.40649,
            "p(90)": 0
        },
        "http_req_waiting": {
            "max": 848.893926,
            "p(90)": 24.55128699999996,
            "p(95)": 56.655986399999854,
            "avg": 19.96606698980312,
            "min": 2.526199,
            "med": 17.044603
        },
        "iterations": {
            "count": 80419,
            "rate": 731.0712791313654
        }
    },
    "root_group": {
        "checks": {},
        "name": "",
        "path": "",
        "id": "d41d8cd98f00b204e9800998ecf8427e",
        "groups": {}
    }
}