{
    "root_group": {
        "name": "",
        "path": "",
        "id": "d41d8cd98f00b204e9800998ecf8427e",
        "groups": {},
        "checks": {}
    },
    "metrics": {
        "http_req_connecting": {
            "p(90)": 0,
            "p(95)": 0,
            "avg": 0.032185865486593475,
            "min": 0,
            "med": 0,
            "max": 1019.782951
        },
        "http_req_failed": {
            "passes": 81,
            "fails": 80253,
            "value": 0.001008290387631638
        },
        "data_received": {
            "count": 1280144643,
            "rate": 11637286.026651446
        },
        "vus_max": {
            "value": 200,
            "min": 200,
            "max": 200
        },
        "http_req_duration": {
            "max": 2449.735021,
            "p(90)": 451.8816039,
            "p(95)": 515.68652935,
            "avg": 249.12827265215128,
            "min": 3.169547,
            "med": 211.66716
        },
        "vus": {
            "value": 1,
            "min": 1,
            "max": 200
        },
        "iteration_duration": {
            "p(90)": 451.9229863,
            "p(95)": 515.7473187999998,
            "avg": 249.19882350776663,
            "min": 3.203734,
            "med": 211.73245550000001,
            "max": 2449.789715
        },
        "http_req_receiving": {
            "med": 190.6684605,
            "max": 2438.513284,
            "p(90)": 430.96651599999996,
            "p(95)": 494.59553784999997,
            "avg": 229.25450737797317,
            "min": 0.00563
        },
        "http_req_waiting": {
            "min": 2.524317,
            "med": 17.0617565,
            "max": 826.313719,
            "p(90)": 25.266233899999996,
            "p(95)": 56.664485549999995,
            "avg": 19.870264159396978
        },
        "http_req_duration{expected_response:true}": {
            "avg": 249.3432143530574,
            "min": 3.169547,
            "med": 211.852296,
            "max": 2449.735021,
            "p(90)": 451.93170820000006,
            "p(95)": 515.7439604
        },
        "http_req_blocked": {
            "p(95)": 0.001101,
            "avg": 0.03288310862150344,
            "min": 0.000362,
            "med": 0.000541,
            "max": 1019.803932,
            "p(90)": 0.000961
        },
        "http_req_tls_handshaking": {
            "avg": 0,
            "min": 0,
            "med": 0,
            "max": 0,
            "p(90)": 0,
            "p(95)": 0
        },
        "http_reqs": {
            "count": 80334,
            "rate": 730.2844571330345
        },
        "iterations": {
            "count": 80334,
            "rate": 730.2844571330345
        },
        "data_sent": {
            "count": 8646419,
            "rate": 78601.15773594935
        },
        "http_req_sending": {
            "p(90)": 0.00465,
            "p(95)": 0.005331,
            "avg": 0.0035011147832798395,
            "min": 0.001893,
            "med": 0.003161,
            "max": 0.257508
        }
    }
}