{
    "root_group": {
        "groups": {},
        "checks": {},
        "name": "",
        "path": "",
        "id": "d41d8cd98f00b204e9800998ecf8427e"
    },
    "metrics": {
        "http_reqs": {
            "count": 80394,
            "rate": 730.849421376235
        },
        "iterations": {
            "rate": 730.849421376235,
            "count": 80394
        },
        "http_req_failed": {
            "passes": 81,
            "fails": 80313,
            "value": 0.0010075378759608926
        },
        "http_req_blocked": {
            "med": 0.000539,
            "max": 77.001621,
            "p(90)": 0.000968,
            "p(95)": 0.001103,
            "avg": 0.018109048461328187,
            "min": 0.000358
        },
        "http_req_sending": {
            "avg": 0.003504746933850787,
            "min": 0.001907,
            "med": 0.003153,
            "max": 0.170223,
            "p(90)": 0.004732,
            "p(95)": 0.005371
        },
        "vus_max": {
            "value": 200,
            "min": 200,
            "max": 200
        },
        "http_req_duration{expected_response:true}": {
            "p(90)": 451.71314540000003,
            "p(95)": 515.7181827999999,
            "avg": 249.15556141288667,
            "min": 3.11905,
            "med": 211.810329,
            "max": 2236.502241
        },
        "vus": {
            "value": 1,
            "min": 1,
            "max": 200
        },
        "http_req_connecting": {
            "avg": 0.017409546881608076,
            "min": 0,
            "med": 0,
            "max": 76.978557,
            "p(90)": 0,
            "p(95)": 0
        },
        "iteration_duration": {
            "avg": 249.0088909730934,
            "min": 3.151051,
            "med": 211.755566,
            "max": 2236.538962,
            "p(90)": 451.6658356,
            "p(95)": 515.7086079999998
        },
        "http_req_waiting": {
            "avg": 19.87990736776378,
            "min": 2.295693,
            "med": 17.004219,
            "max": 1030.830771,
            "p(90)": 23.04829339999998,
            "p(95)": 56.30333299999997
        },
        "data_sent": {
            "count": 8652877,
            "rate": 78661.96667275831
        },
        "data_received": {
            "rate": 11646599.335118858,
            "count": 1281134909
        },
        "http_req_tls_handshaking": {
            "p(90)": 0,
            "p(95)": 0,
            "avg": 0,
            "min": 0,
            "med": 0,
            "max": 0
        },
        "http_req_duration": {
            "p(95)": 515.6446181499997,
            "avg": 248.95297232538718,
            "min": 3.11905,
            "med": 211.6988205,
            "max": 2236.502241,
            "p(90)": 451.6330642
        },
        "http_req_receiving": {
            "p(95)": 494.65807455,
            "avg": 229.06956021068433,
            "min": 0.005286,
            "med": 190.269545,
            "max": 2219.454194,
            "p(90)": 431.2335172999999
        }
    }
}