{
    "metrics": {
        "http_req_duration": {
            "p(95)": 515.9291619499999,
            "avg": 248.8222529951849,
            "min": 2.597539,
            "med": 210.813982,
            "max": 2261.976054,
            "p(90)": 451.2341059
        },
        "http_reqs": {
            "count": 80434,
            "rate": 731.2087569228515
        },
        "iterations": {
            "count": 80434,
            "rate": 731.2087569228515
        },
        "http_req_duration{expected_response:true}": {
            "avg": 249.04632805077227,
            "min": 2.597539,
            "med": 211.027958,
            "max": 2261.976054,
            "p(90)": 451.3343588,
            "p(95)": 515.956829
        },
        "http_req_tls_handshaking": {
            "avg": 0,
            "min": 0,
            "med": 0,
            "max": 0,
            "p(90)": 0,
            "p(95)": 0
        },
        "http_req_failed": {
            "passes": 81,
            "fails": 80353,
            "value": 0.0010070368252231643
        },
        "vus_max": {
            "max": 200,
            "value": 200,
            "min": 200
        },
        "http_req_receiving": {
            "avg": 228.9872010277502,
            "min": 0.0054,
            "med": 189.0912115,
            "max": 2244.622077,
            "p(90)": 430.50989749999997,
            "p(95)": 494.61878584999994
        },
        "data_sent": {
            "count": 8657168,
            "rate": 78700.51286461309
        },
        "iteration_duration": {
            "med": 210.87478249999998,
            "max": 2262.013257,
            "p(90)": 451.3127202,
            "p(95)": 515.9770429999999,
            "avg": 248.89501034721616,
            "min": 2.624294
        },
        "http_req_sending": {
            "min": 0.00197,
            "med": 0.003155,
            "max": 0.132448,
            "p(90)": 0.004752,
            "p(95)": 0.005374,
            "avg": 0.003518944115672498
        },
        "http_req_waiting": {
            "max": 842.286759,
            "p(90)": 22.74342729999999,
            "p(95)": 56.280518299999976,
            "avg": 19.83153302332358,
            "min": 1.975839,
            "med": 17.031919000000002
        },
        "data_received": {
            "count": 1281733691,
            "rate": 11651974.275831716
        },
        "http_req_blocked": {
            "p(90)": 0.000968,
            "p(95)": 0.001107,
            "avg": 0.03481182650371687,
            "min": 0.000361,
            "med": 0.000539,
            "max": 1022.915607
        },
        "http_req_connecting": {
            "avg": 0.034109122721734574,
            "min": 0,
            "med": 0,
            "max": 1022.84679,
            "p(90)": 0,
            "p(95)": 0
        },
        "vus": {
            "value": 1,
            "min": 1,
            "max": 200
        }
    },
    "root_group": {
        "id": "d41d8cd98f00b204e9800998ecf8427e",
        "groups": {},
        "checks": {},
        "name": "",
        "path": ""
    }
}