{
    "metrics": {
        "http_req_receiving": {
            "avg": 229.00499983392532,
            "min": 0.005255,
            "med": 189.9287235,
            "max": 2129.703571,
            "p(90)": 430.3088382000001,
            "p(95)": 494.74859035
        },
        "vus": {
            "value": 1,
            "min": 1,
            "max": 200
        },
        "http_req_tls_handshaking": {
            "min": 0,
            "med": 0,
            "max": 0,
            "p(90)": 0,
            "p(95)": 0,
            "avg": 0
        },
        "iteration_duration": {
            "avg": 248.94091020725895,
            "min": 2.462151,
            "med": 211.4920255,
            "max": 2217.408232,
            "p(90)": 450.90496570000016,
            "p(95)": 515.43204235
        },
        "data_received": {
            "count": 1281509972,
            "rate": 11649827.144351682
        },
        "http_req_blocked": {
            "med": 0.000538,
            "max": 1014.641916,
            "p(90)": 0.000966,
            "p(95)": 0.001101,
            "avg": 0.06186416655890044,
            "min": 0.000358
        },
        "http_req_failed": {
            "passes": 81,
            "fails": 80341,
            "value": 0.0010071870881102187
        },
        "http_req_duration{expected_response:true}": {
            "p(95)": 515.388646,
            "avg": 249.05592551872564,
            "min": 2.421022,
            "med": 211.603969,
            "max": 2217.374868,
            "p(90)": 450.969076
        },
        "iterations": {
            "count": 80422,
            "rate": 731.0925541538048
        },
        "http_req_duration": {
            "p(95)": 515.1063577499999,
            "avg": 248.84163248244184,
            "min": 2.421022,
            "med": 211.427125,
            "max": 2217.374868,
            "p(90)": 450.8143127
        },
        "data_sent": {
            "count": 8655882,
            "rate": 78688.0564998874
        },
        "http_reqs": {
            "count": 80422,
            "rate": 731.0925541538048
        },
        "http_req_sending": {
            "avg": 0.0034770655542015914,
            "min": 0.001913,
            "med": 0.003118,
            "max": 0.264322,
            "p(90)": 0.004681,
            "p(95)": 0.005299
        },
        "http_req_waiting": {
            "avg": 19.83315558296255,
            "min": 1.828031,
            "med": 17.037923499999998,
            "max": 795.968888,
            "p(90)": 22.824096600000008,
            "p(95)": 56.03196989999998
        },
        "vus_max": {
            "value": 200,
            "min": 200,
            "max": 200
        },
        "http_req_connecting": {
            "p(95)": 0,
            "avg": 0.06115723637810547,
            "min": 0,
            "med": 0,
            "max": 1014.608169,
            "p(90)": 0
        }
    },
    "root_group": {
        "checks": {},
        "name": "",
        "path": "",
        "id": "d41d8cd98f00b204e9800998ecf8427e",
        "groups": {}
    }
}