{
    "metrics": {
        "http_req_failed": {
            "passes": 76,
            "fails": 75586,
            "value": 0.001004467235864767
        },
        "data_sent": {
            "rate": 74029.18366620384,
            "count": 8143575
        },
        "iteration_duration": {
            "p(90)": 495.3944892,
            "p(95)": 601.8283100499998,
            "avg": 264.6080235905228,
            "min": 3.825798,
            "med": 211.5735575,
            "max": 4602.038457
        },
        "http_req_receiving": {
            "avg": 238.96576819563344,
            "min": 0.006785,
            "med": 186.598702,
            "max": 4465.545285,
            "p(90)": 467.2811475000003,
            "p(95)": 566.51385695
        },
        "vus_max": {
            "value": 200,
            "min": 200,
            "max": 200
        },
        "http_req_tls_handshaking": {
            "max": 0,
            "p(90)": 0,
            "p(95)": 0,
            "avg": 0,
            "min": 0,
            "med": 0
        },
        "http_req_sending": {
            "max": 0.70419,
            "p(90)": 0.007401900000000008,
            "p(95)": 0.013659949999999997,
            "avg": 0.005651889019587062,
            "min": 0.002117,
            "med": 0.004571
        },
        "http_req_duration": {
            "med": 211.453483,
            "max": 4524.965209,
            "p(90)": 495.19896120000027,
            "p(95)": 601.5253703999999,
            "avg": 264.42910861795855,
            "min": 3.783204
        },
        "http_req_duration{expected_response:true}": {
            "med": 211.61854799999998,
            "max": 4524.965209,
            "p(90)": 495.359958,
            "p(95)": 601.6993995,
            "avg": 264.6473399340351,
            "min": 3.783204
        },
        "iterations": {
            "count": 75662,
            "rate": 687.8055515608703
        },
        "data_received": {
            "count": 1205662757,
            "rate": 10960079.532325137
        },
        "http_reqs": {
            "count": 75662,
            "rate": 687.8055515608703
        },
        "http_req_blocked": {
            "p(95)": 0.001792,
            "avg": 0.12205385222436439,
            "min": 0.000388,
            "med": 0.000829,
            "max": 1047.43489,
            "p(90)": 0.0014169000000000087
        },
        "vus": {
            "value": 1,
            "min": 1,
            "max": 200
        },
        "http_req_connecting": {
            "p(95)": 0,
            "avg": 0.12087761330654752,
            "min": 0,
            "med": 0,
            "max": 1047.401965,
            "p(90)": 0
        },
        "http_req_waiting": {
            "min": 3.183453,
            "med": 16.9771185,
            "max": 2430.690614,
            "p(90)": 39.07368320000004,
            "p(95)": 83.49177829999998,
            "avg": 25.457688533306307
        }
    },
    "root_group": {
        "name": "",
        "path": "",
        "id": "d41d8cd98f00b204e9800998ecf8427e",
        "groups": {},
        "checks": {}
    }
}