{
    "root_group": {
        "checks": {},
        "name": "",
        "path": "",
        "id": "d41d8cd98f00b204e9800998ecf8427e",
        "groups": {}
    },
    "metrics": {
        "http_req_waiting": {
            "max": 1045.779435,
            "p(90)": 22.738116800000018,
            "p(95)": 57.02770239999999,
            "avg": 19.691711701018015,
            "min": 1.862632,
            "med": 17.022207
        },
        "iterations": {
            "count": 80453,
            "rate": 731.3674891148456
        },
        "http_req_blocked": {
            "min": 0.000351,
            "med": 0.000541,
            "max": 1011.582176,
            "p(90)": 0.000971,
            "p(95)": 0.0011063999999999942,
            "avg": 0.033554452711520334
        },
        "vus_max": {
            "value": 200,
            "min": 200,
            "max": 200
        },
        "http_req_duration": {
            "avg": 248.76671709777207,
            "min": 2.430726,
            "med": 211.492346,
            "max": 2296.878043,
            "p(90)": 451.34932480000003,
            "p(95)": 513.1711839999999
        },
        "vus": {
            "min": 1,
            "max": 200,
            "value": 1
        },
        "http_req_receiving": {
            "p(95)": 493.8980944,
            "avg": 229.07148853548125,
            "min": 0.005024,
            "med": 190.202658,
            "max": 2287.829953,
            "p(90)": 430.3119744
        },
        "http_req_duration{expected_response:true}": {
            "max": 2296.878043,
            "p(90)": 451.4728724000001,
            "p(95)": 513.2304791999999,
            "avg": 248.98260121279876,
            "min": 2.430726,
            "med": 211.6494755
        },
        "iteration_duration": {
            "p(95)": 513.2232288,
            "avg": 248.838504823797,
            "min": 2.456573,
            "med": 211.543464,
            "max": 2296.909242,
            "p(90)": 451.4203918000001
        },
        "http_req_sending": {
            "max": 0.244547,
            "p(90)": 0.004764,
            "p(95)": 0.005401,
            "avg": 0.0035168612730414293,
            "min": 0.001948,
            "med": 0.003155
        },
        "data_sent": {
            "count": 8659215,
            "rate": 78717.6156545512
        },
        "data_received": {
            "count": 1282055942,
            "rate": 11654680.809979841
        },
        "http_reqs": {
            "count": 80453,
            "rate": 731.3674891148456
        },
        "http_req_failed": {
            "passes": 81,
            "fails": 80372,
            "value": 0.0010067990006587698
        },
        "http_req_connecting": {
            "avg": 0.0328546146445751,
            "min": 0,
            "med": 0,
            "max": 1011.540443,
            "p(90)": 0,
            "p(95)": 0
        },
        "http_req_tls_handshaking": {
            "avg": 0,
            "min": 0,
            "med": 0,
            "max": 0,
            "p(90)": 0,
            "p(95)": 0
        }
    }
}