{
    "root_group": {
        "path": "",
        "id": "d41d8cd98f00b204e9800998ecf8427e",
        "groups": {},
        "checks": {},
        "name": ""
    },
    "metrics": {
        "iterations": {
            "count": 80402,
            "rate": 730.9217627931693
        },
        "http_req_waiting": {
            "max": 775.164501,
            "p(90)": 22.606420100000598,
            "p(95)": 56.45719094999998,
            "avg": 19.584625923372446,
            "min": 1.834463,
            "med": 16.9647515
        },
        "http_req_duration{expected_response:true}": {
            "avg": 249.1024283944164,
            "min": 2.690072,
            "med": 211.825941,
            "max": 3065.311322,
            "p(90)": 451.497918,
            "p(95)": 514.822726
        },
        "http_reqs": {
            "count": 80402,
            "rate": 730.9217627931693
        },
        "data_received": {
            "count": 1281265913,
            "rate": 11647784.131448962
        },
        "iteration_duration": {
            "max": 3065.346639,
            "p(90)": 451.4381595000002,
            "p(95)": 514.8404936,
            "avg": 248.97047830848697,
            "min": 2.713614,
            "med": 211.6900485
        },
        "http_req_tls_handshaking": {
            "avg": 0,
            "min": 0,
            "med": 0,
            "max": 0,
            "p(90)": 0,
            "p(95)": 0
        },
        "vus": {
            "min": 1,
            "max": 200,
            "value": 1
        },
        "http_req_connecting": {
            "p(95)": 0,
            "avg": 0.04256007181413397,
            "min": 0,
            "med": 0,
            "max": 1027.232149,
            "p(90)": 0
        },
        "http_req_sending": {
            "p(95)": 0.00532,
            "avg": 0.0034971934528991756,
            "min": 0.001817,
            "med": 0.003131,
            "max": 0.443402,
            "p(90)": 0.004707
        },
        "data_sent": {
            "count": 8653736,
            "rate": 78669.73423380898
        },
        "vus_max": {
            "value": 200,
            "min": 200,
            "max": 200
        },
        "http_req_receiving": {
            "min": 0.005511,
            "med": 190.9337045,
            "max": 2750.585322,
            "p(90)": 430.2633389,
            "p(95)": 493.70933884999994,
            "avg": 229.30090043071024
        },
        "http_req_blocked": {
            "med": 0.000545,
            "max": 1027.254128,
            "p(90)": 0.000968,
            "p(95)": 0.001103,
            "avg": 0.043266413733488544,
            "min": 0.000354
        },
        "http_req_failed": {
            "passes": 81,
            "fails": 80321,
            "value": 0.0010074376259297032
        },
        "http_req_duration": {
            "avg": 248.88902354753523,
            "min": 2.690072,
            "med": 211.64932,
            "max": 3065.311322,
            "p(90)": 451.36835580000024,
            "p(95)": 514.79020695
        }
    }
}