{
    "root_group": {
        "checks": {},
        "name": "",
        "path": "",
        "id": "d41d8cd98f00b204e9800998ecf8427e",
        "groups": {}
    },
    "metrics": {
        "vus_max": {
            "value": 200,
            "min": 200,
            "max": 200
        },
        "http_req_duration": {
            "avg": 248.72051786470072,
            "min": 2.547837,
            "med": 211.8546745,
            "max": 2150.858772,
            "p(90)": 450.2543225,
            "p(95)": 513.4071528500001
        },
        "http_req_blocked": {
            "med": 0.00057,
            "max": 1042.910335,
            "p(90)": 0.001002,
            "p(95)": 0.001117,
            "avg": 0.06822169006836469,
            "min": 0.000388
        },
        "http_req_waiting": {
            "p(90)": 21.337993100000013,
            "p(95)": 56.261669000000005,
            "avg": 19.503117098644935,
            "min": 1.915235,
            "med": 17.010637000000003,
            "max": 779.890305
        },
        "http_req_duration{expected_response:true}": {
            "avg": 248.93046339229264,
            "min": 2.547837,
            "med": 211.981959,
            "max": 2150.858772,
            "p(90)": 450.32580179999997,
            "p(95)": 513.5323657999995
        },
        "http_req_tls_handshaking": {
            "p(90)": 0,
            "p(95)": 0,
            "avg": 0,
            "min": 0,
            "med": 0,
            "max": 0
        },
        "data_sent": {
            "count": 8658891,
            "rate": 78715.57330191277
        },
        "vus": {
            "value": 1,
            "min": 1,
            "max": 200
        },
        "http_req_receiving": {
            "avg": 229.21387755721216,
            "min": 0.004996,
            "med": 190.5885005,
            "max": 2131.211618,
            "p(90)": 429.76551050000006,
            "p(95)": 493.81337055000006
        },
        "iterations": {
            "count": 80450,
            "rate": 731.348607129814
        },
        "http_req_connecting": {
            "avg": 0.06749159403356121,
            "min": 0,
            "med": 0,
            "max": 1042.880696,
            "p(90)": 0,
            "p(95)": 0
        },
        "http_req_failed": {
            "passes": 81,
            "fails": 80369,
            "value": 0.0010068365444375388
        },
        "iteration_duration": {
            "med": 211.9113685,
            "max": 2150.890582,
            "p(90)": 450.3140928000001,
            "p(95)": 513.6096423500001,
            "avg": 248.82701942081104,
            "min": 2.583579
        },
        "http_reqs": {
            "count": 80450,
            "rate": 731.348607129814
        },
        "http_req_sending": {
            "min": 0.002055,
            "med": 0.003161,
            "max": 0.206295,
            "p(90)": 0.0048,
            "p(95)": 0.005466550000000003,
            "avg": 0.003523208837787417
        },
        "data_received": {
            "count": 1281997523,
            "rate": 11654283.44052109
        }
    }
}