{
    "root_group": {
        "id": "d41d8cd98f00b204e9800998ecf8427e",
        "groups": {},
        "checks": {},
        "name": "",
        "path": ""
    },
    "metrics": {
        "http_req_duration{expected_response:true}": {
            "p(90)": 451.8680072000001,
            "p(95)": 513.6632214499999,
            "avg": 249.16863257760687,
            "min": 2.771816,
            "med": 212.1748355,
            "max": 1965.140678
        },
        "vus": {
            "min": 1,
            "max": 200,
            "value": 1
        },
        "vus_max": {
            "value": 200,
            "min": 200,
            "max": 200
        },
        "http_req_tls_handshaking": {
            "p(95)": 0,
            "avg": 0,
            "min": 0,
            "med": 0,
            "max": 0,
            "p(90)": 0
        },
        "iteration_duration": {
            "avg": 249.04751778673383,
            "min": 2.797864,
            "med": 212.074841,
            "max": 1965.180006,
            "p(90)": 451.8664036,
            "p(95)": 513.6341327
        },
        "http_reqs": {
            "count": 80383,
            "rate": 730.7318874981204
        },
        "http_req_blocked": {
            "avg": 0.04420691396190685,
            "min": 0.00036,
            "med": 0.000541,
            "max": 1025.229418,
            "p(90)": 0.000963,
            "p(95)": 0.001095
        },
        "http_req_connecting": {
            "avg": 0.043507584228008406,
            "min": 0,
            "med": 0,
            "max": 1025.20816,
            "p(90)": 0,
            "p(95)": 0
        },
        "iterations": {
            "count": 80383,
            "rate": 730.7318874981204
        },
        "http_req_duration": {
            "max": 1965.140678,
            "p(90)": 451.8286078,
            "p(95)": 513.5815309,
            "avg": 248.96548670009804,
            "min": 2.771816,
            "med": 212.0268
        },
        "data_sent": {
            "count": 8651691,
            "rate": 78649.2976684187
        },
        "http_req_sending": {
            "max": 0.190522,
            "p(90)": 0.004682,
            "p(95)": 0.005339,
            "avg": 0.003506057362875221,
            "min": 0.001888,
            "med": 0.003142
        },
        "data_received": {
            "count": 1280954660,
            "rate": 11644681.294568665
        },
        "http_req_receiving": {
            "max": 1949.992622,
            "p(90)": 430.9826960000001,
            "p(95)": 493.59966030000004,
            "avg": 229.37160837423332,
            "min": 0.005063,
            "med": 190.424031
        },
        "http_req_waiting": {
            "avg": 19.59037226850198,
            "min": 1.824664,
            "med": 17.033179,
            "max": 819.496599,
            "p(90)": 21.017945,
            "p(95)": 56.06205939999994
        },
        "http_req_failed": {
            "passes": 81,
            "fails": 80302,
            "value": 0.0010076757523356929
        }
    }
}