{
    "root_group": {
        "name": "",
        "path": "",
        "id": "d41d8cd98f00b204e9800998ecf8427e",
        "groups": {},
        "checks": {}
    },
    "metrics": {
        "http_req_sending": {
            "p(90)": 0.004752,
            "p(95)": 0.005349,
            "avg": 0.0035024132672085307,
            "min": 0.001868,
            "med": 0.003147,
            "max": 0.208851
        },
        "data_sent": {
            "count": 8659323,
            "rate": 78720.73890171993
        },
        "vus_max": {
            "value": 200,
            "min": 200,
            "max": 200
        },
        "http_req_blocked": {
            "min": 0.000365,
            "med": 0.000543,
            "max": 69.866753,
            "p(90)": 0.000972,
            "p(95)": 0.001108,
            "avg": 0.017918431339648
        },
        "http_req_failed": {
            "passes": 81,
            "fails": 80373,
            "value": 0.0010067864866880453
        },
        "vus": {
            "value": 1,
            "min": 1,
            "max": 200
        },
        "http_req_tls_handshaking": {
            "max": 0,
            "p(90)": 0,
            "p(95)": 0,
            "avg": 0,
            "min": 0,
            "med": 0
        },
        "http_req_waiting": {
            "p(95)": 56.002831799999974,
            "avg": 19.6313321991696,
            "min": 1.893882,
            "med": 16.994142500000002,
            "max": 794.649429,
            "p(90)": 21.206320299999994
        },
        "http_req_duration": {
            "avg": 248.73495223825142,
            "min": 2.41891,
            "med": 210.83094899999998,
            "max": 2294.72754,
            "p(90)": 451.6125224,
            "p(95)": 514.8956234999998
        },
        "http_req_connecting": {
            "avg": 0.017211619770303523,
            "min": 0,
            "med": 0,
            "max": 69.847976,
            "p(90)": 0,
            "p(95)": 0
        },
        "http_req_receiving": {
            "avg": 229.10011762580987,
            "min": 0.005218,
            "med": 189.580591,
            "max": 2275.653579,
            "p(90)": 430.17721079999995,
            "p(95)": 494.1216253999999
        },
        "http_req_duration{expected_response:true}": {
            "avg": 248.94091784194052,
            "min": 2.41891,
            "med": 211.009088,
            "max": 2294.72754,
            "p(90)": 451.70930680000004,
            "p(95)": 514.9977033999998
        },
        "data_received": {
            "count": 1282037955,
            "rate": 11654834.346478354
        },
        "iterations": {
            "count": 80454,
            "rate": 731.3964760985328
        },
        "http_reqs": {
            "count": 80454,
            "rate": 731.3964760985328
        },
        "iteration_duration": {
            "max": 2294.765293,
            "p(90)": 451.6486213,
            "p(95)": 514.9292043999998,
            "avg": 248.7906686008797,
            "min": 2.455963,
            "med": 210.9178105
        }
    }
}