{
    "root_group": {
        "checks": {},
        "name": "",
        "path": "",
        "id": "d41d8cd98f00b204e9800998ecf8427e",
        "groups": {}
    },
    "metrics": {
        "vus": {
            "value": 1,
            "min": 1,
            "max": 200
        },
        "http_req_blocked": {
            "p(95)": 0.001099,
            "avg": 0.04513067116613158,
            "min": 0.000361,
            "med": 0.000545,
            "max": 1028.622949,
            "p(90)": 0.000961
        },
        "http_req_tls_handshaking": {
            "avg": 0,
            "min": 0,
            "med": 0,
            "max": 0,
            "p(90)": 0,
            "p(95)": 0
        },
        "vus_max": {
            "value": 200,
            "min": 200,
            "max": 200
        },
        "http_req_failed": {
            "passes": 81,
            "fails": 80373,
            "value": 0.0010067864866880453
        },
        "http_reqs": {
            "count": 80454,
            "rate": 731.3817216338102
        },
        "data_received": {
            "rate": 11654839.200177683,
            "count": 1282064352
        },
        "http_req_receiving": {
            "med": 190.440663,
            "max": 2213.508859,
            "p(90)": 430.6165906999999,
            "p(95)": 493.87395854999994,
            "avg": 228.99741917194723,
            "min": 0.005381
        },
        "iteration_duration": {
            "max": 2225.665752,
            "p(90)": 451.45192169999996,
            "p(95)": 514.0993559999997,
            "avg": 248.83046420859134,
            "min": 2.651111,
            "med": 212.051658
        },
        "iterations": {
            "count": 80454,
            "rate": 731.3817216338102
        },
        "http_req_duration{expected_response:true}": {
            "p(90)": 451.49005040000003,
            "p(95)": 514.1056621999999,
            "avg": 248.95507372499299,
            "min": 2.62821,
            "med": 212.186649,
            "max": 2225.632032
        },
        "http_req_duration": {
            "min": 2.62821,
            "med": 212.0008285,
            "max": 2225.632032,
            "p(90)": 451.3834675,
            "p(95)": 513.9961473999995,
            "avg": 248.74764854507998
        },
        "http_req_connecting": {
            "avg": 0.04442833560792503,
            "min": 0,
            "med": 0,
            "max": 1028.599921,
            "p(90)": 0,
            "p(95)": 0
        },
        "http_req_sending": {
            "p(90)": 0.004688,
            "p(95)": 0.005327,
            "avg": 0.0035002929624382163,
            "min": 0.001927,
            "med": 0.003148,
            "max": 0.238605
        },
        "data_sent": {
            "count": 8659323,
            "rate": 78719.1508678655
        },
        "http_req_waiting": {
            "p(95)": 56.932867899999984,
            "avg": 19.746729080170134,
            "min": 1.949064,
            "med": 17.0460885,
            "max": 864.445469,
            "p(90)": 21.172690699999997
        }
    }
}