{
    "metrics": {
        "http_req_sending": {
            "avg": 0.0036688407748641997,
            "min": 0.00202,
            "med": 0.0033,
            "max": 0.203197,
            "p(90)": 0.004959,
            "p(95)": 0.005598
        },
        "http_req_failed": {
            "passes": 81,
            "fails": 80346,
            "value": 0.0010071244731246968
        },
        "http_req_connecting": {
            "avg": 0.0445913163862882,
            "min": 0,
            "med": 0,
            "max": 1027.405315,
            "p(90)": 0,
            "p(95)": 0
        },
        "http_req_waiting": {
            "p(90)": 21.271527400000032,
            "p(95)": 55.95954009999999,
            "avg": 19.603166656508428,
            "min": 1.884586,
            "med": 17.015843,
            "max": 813.247293
        },
        "iteration_duration": {
            "avg": 248.8970534024025,
            "min": 2.495457,
            "med": 211.383585,
            "max": 1993.36467,
            "p(90)": 451.7835662000003,
            "p(95)": 516.0774301
        },
        "http_reqs": {
            "count": 80427,
            "rate": 731.1222989665747
        },
        "http_req_tls_handshaking": {
            "p(95)": 0,
            "avg": 0,
            "min": 0,
            "med": 0,
            "max": 0,
            "p(90)": 0
        },
        "data_sent": {
            "count": 8656417,
            "rate": 78691.22928684819
        },
        "iterations": {
            "count": 80427,
            "rate": 731.1222989665747
        },
        "vus_max": {
            "value": 200,
            "min": 200,
            "max": 200
        },
        "http_req_duration{expected_response:true}": {
            "med": 211.4834105,
            "max": 1993.320299,
            "p(90)": 451.88523399999997,
            "p(95)": 516.04514875,
            "avg": 249.01284789796455,
            "min": 2.469987
        },
        "http_req_duration": {
            "p(95)": 516.0253278,
            "avg": 248.81235539711602,
            "min": 2.469987,
            "med": 211.330274,
            "max": 1993.320299,
            "p(90)": 451.69912140000025
        },
        "http_req_blocked": {
            "p(95)": 0.00114,
            "avg": 0.04533992848172762,
            "min": 0.000393,
            "med": 0.000584,
            "max": 1027.426537,
            "p(90)": 0.001011
        },
        "http_req_receiving": {
            "med": 190.092793,
            "max": 1982.360914,
            "p(90)": 431.1991324000001,
            "p(95)": 495.2490992,
            "avg": 229.20551989983323,
            "min": 0.004987
        },
        "data_received": {
            "count": 1281573321,
            "rate": 11650152.719158342
        },
        "vus": {
            "value": 1,
            "min": 1,
            "max": 200
        }
    },
    "root_group": {
        "id": "d41d8cd98f00b204e9800998ecf8427e",
        "groups": {},
        "checks": {},
        "name": "",
        "path": ""
    }
}