{
    "metrics": {
        "data_received": {
            "count": 1281958092,
            "rate": 11654083.323544005
        },
        "http_req_connecting": {
            "avg": 0.03468638651054098,
            "min": 0,
            "med": 0,
            "max": 1021.999328,
            "p(90)": 0,
            "p(95)": 0
        },
        "iterations": {
            "count": 80448,
            "rate": 731.3403621094878
        },
        "http_reqs": {
            "count": 80448,
            "rate": 731.3403621094878
        },
        "vus_max": {
            "value": 200,
            "min": 200,
            "max": 200
        },
        "http_req_sending": {
            "p(95)": 0.005338,
            "avg": 0.00351387243933971,
            "min": 0.001867,
            "med": 0.003156,
            "max": 0.237862,
            "p(90)": 0.004700300000000003
        },
        "http_req_tls_handshaking": {
            "avg": 0,
            "min": 0,
            "med": 0,
            "max": 0,
            "p(90)": 0,
            "p(95)": 0
        },
        "http_req_blocked": {
            "p(95)": 0.001112,
            "avg": 0.03539000016159325,
            "min": 0.000369,
            "med": 0.000545,
            "max": 1022.017716,
            "p(90)": 0.00097
        },
        "iteration_duration": {
            "avg": 248.8376457566517,
            "min": 2.568251,
            "med": 211.237415,
            "max": 2043.148323,
            "p(90)": 451.6069291,
            "p(95)": 515.908555
        },
        "vus": {
            "value": 1,
            "min": 1,
            "max": 200
        },
        "http_req_duration": {
            "min": 2.534968,
            "med": 211.17194949999998,
            "max": 2043.109278,
            "p(90)": 451.52871110000007,
            "p(95)": 515.86875015,
            "avg": 248.7645762972705
        },
        "http_req_waiting": {
            "max": 834.818871,
            "p(90)": 22.373211200000025,
            "p(95)": 57.07679659999997,
            "avg": 19.650223025743355,
            "min": 1.677593,
            "med": 17.034904
        },
        "http_req_receiving": {
            "p(95)": 494.7467056499999,
            "avg": 229.11083939908954,
            "min": 0.004906,
            "med": 189.5903505,
            "max": 2027.150649,
            "p(90)": 430.9020789000001
        },
        "data_sent": {
            "count": 8658675,
            "rate": 78714.67917025121
        },
        "http_req_duration{expected_response:true}": {
            "med": 211.310385,
            "max": 2043.109278,
            "p(90)": 451.6174632000001,
            "p(95)": 515.8769484,
            "avg": 248.97385882412948,
            "min": 2.534968
        },
        "http_req_failed": {
            "fails": 80367,
            "passes": 81,
            "value": 0.0010068615751789977
        }
    },
    "root_group": {
        "name": "",
        "path": "",
        "id": "d41d8cd98f00b204e9800998ecf8427e",
        "groups": {},
        "checks": {}
    }
}