{
    "metrics": {
        "http_req_blocked": {
            "avg": 0.04692578562996194,
            "min": 0.000352,
            "med": 0.000544,
            "max": 1064.273681,
            "p(90)": 0.000964,
            "p(95)": 0.0011033999999999942
        },
        "iterations": {
            "count": 80473,
            "rate": 731.5585650703694
        },
        "http_req_tls_handshaking": {
            "min": 0,
            "med": 0,
            "max": 0,
            "p(90)": 0,
            "p(95)": 0,
            "avg": 0
        },
        "http_req_receiving": {
            "p(90)": 431.24903800000004,
            "p(95)": 493.7341178,
            "avg": 229.06508870543104,
            "min": 0.005394,
            "med": 190.014467,
            "max": 2039.359662
        },
        "http_req_failed": {
            "passes": 81,
            "fails": 80392,
            "value": 0.0010065487803362619
        },
        "vus_max": {
            "min": 200,
            "max": 200,
            "value": 200
        },
        "http_req_connecting": {
            "min": 0,
            "med": 0,
            "max": 1064.251989,
            "p(90)": 0,
            "p(95)": 0,
            "avg": 0.04622208432642004
        },
        "vus": {
            "value": 1,
            "min": 1,
            "max": 200
        },
        "http_req_duration{expected_response:true}": {
            "p(95)": 513.7705855999999,
            "avg": 248.89436840490464,
            "min": 2.172653,
            "med": 211.70103749999998,
            "max": 2074.994111,
            "p(90)": 451.4813308
        },
        "iteration_duration": {
            "med": 211.603513,
            "max": 2075.026426,
            "p(90)": 451.3851446000001,
            "p(95)": 513.7608105999999,
            "avg": 248.76230212860062,
            "min": 2.205023
        },
        "data_received": {
            "count": 1282317120,
            "rate": 11657202.692485288
        },
        "http_req_duration": {
            "p(90)": 451.3046428,
            "p(95)": 513.7094821999999,
            "avg": 248.67692319092228,
            "min": 2.172653,
            "med": 211.554822,
            "max": 2074.994111
        },
        "http_req_sending": {
            "avg": 0.0035087644800119765,
            "min": 0.001941,
            "med": 0.003153,
            "max": 0.234814,
            "p(90)": 0.004701,
            "p(95)": 0.005367
        },
        "http_req_waiting": {
            "avg": 19.608325721012093,
            "min": 1.598987,
            "med": 16.903042,
            "max": 817.24065,
            "p(90)": 21.1127226,
            "p(95)": 55.858445599999996
        },
        "http_reqs": {
            "count": 80473,
            "rate": 731.5585650703694
        },
        "data_sent": {
            "count": 8661370,
            "rate": 78738.20298415051
        }
    },
    "root_group": {
        "checks": {},
        "name": "",
        "path": "",
        "id": "d41d8cd98f00b204e9800998ecf8427e",
        "groups": {}
    }
}