{
    "metrics": {
        "http_req_receiving": {
            "p(95)": 493.7953268,
            "avg": 229.22831567598135,
            "min": 0.004934,
            "med": 189.963892,
            "max": 2514.275506,
            "p(90)": 431.012476
        },
        "iteration_duration": {
            "avg": 248.74995151347483,
            "min": 2.516937,
            "med": 211.714327,
            "max": 2524.171644,
            "p(90)": 451.7077144000001,
            "p(95)": 514.2003158
        },
        "http_reqs": {
            "count": 80485,
            "rate": 731.6783863973341
        },
        "data_received": {
            "count": 1282553470,
            "rate": 11659522.313448489
        },
        "http_req_failed": {
            "fails": 80404,
            "passes": 81,
            "value": 0.001006398707833758
        },
        "http_req_blocked": {
            "med": 0.000541,
            "max": 1013.003559,
            "p(90)": 0.000969,
            "p(95)": 0.001105,
            "avg": 0.029711269143317204,
            "min": 0.000361
        },
        "http_req_duration": {
            "max": 2524.140654,
            "p(90)": 451.6591776000001,
            "p(95)": 514.153785,
            "avg": 248.68245430405923,
            "min": 2.4931,
            "med": 211.655038
        },
        "http_req_waiting": {
            "avg": 19.450636817021845,
            "min": 1.910734,
            "med": 17.039353,
            "max": 1724.958229,
            "p(90)": 20.858854200000014,
            "p(95)": 55.73363480000002
        },
        "vus": {
            "value": 1,
            "min": 1,
            "max": 200
        },
        "http_req_connecting": {
            "avg": 0.02900861705907933,
            "min": 0,
            "med": 0,
            "max": 1012.983537,
            "p(90)": 0,
            "p(95)": 0
        },
        "http_req_tls_handshaking": {
            "p(95)": 0,
            "avg": 0,
            "min": 0,
            "med": 0,
            "max": 0,
            "p(90)": 0
        },
        "http_req_sending": {
            "avg": 0.0035018110579611295,
            "min": 0.001949,
            "med": 0.003143,
            "max": 0.188594,
            "p(90)": 0.004750600000000006,
            "p(95)": 0.005376
        },
        "data_sent": {
            "count": 8662666,
            "rate": 78751.13972515435
        },
        "iterations": {
            "count": 80485,
            "rate": 731.6783863973341
        },
        "vus_max": {
            "value": 200,
            "min": 200,
            "max": 200
        },
        "http_req_duration{expected_response:true}": {
            "max": 2524.140654,
            "p(90)": 451.7266469,
            "p(95)": 514.323482849999,
            "avg": 248.9019743169271,
            "min": 2.4931,
            "med": 211.8588785
        }
    },
    "root_group": {
        "groups": {},
        "checks": {},
        "name": "",
        "path": "",
        "id": "d41d8cd98f00b204e9800998ecf8427e"
    }
}