{
    "root_group": {
        "id": "d41d8cd98f00b204e9800998ecf8427e",
        "groups": {},
        "checks": {},
        "name": "",
        "path": ""
    },
    "metrics": {
        "http_req_receiving": {
            "med": 190.426732,
            "max": 1853.428672,
            "p(90)": 430.96710670000004,
            "p(95)": 494.17914179999985,
            "avg": 229.1720344398283,
            "min": 0.005483
        },
        "http_req_sending": {
            "avg": 0.003456670378286986,
            "min": 0.001965,
            "med": 0.003115,
            "max": 0.15795,
            "p(90)": 0.004674,
            "p(95)": 0.0052876499999999944
        },
        "http_req_failed": {
            "passes": 81,
            "fails": 80387,
            "value": 0.0010066113237560273
        },
        "data_sent": {
            "count": 8660835,
            "rate": 78734.61783690752
        },
        "vus_max": {
            "value": 200,
            "min": 200,
            "max": 200
        },
        "data_received": {
            "count": 1282254588,
            "rate": 11656823.49978972
        },
        "http_req_tls_handshaking": {
            "avg": 0,
            "min": 0,
            "med": 0,
            "max": 0,
            "p(90)": 0,
            "p(95)": 0
        },
        "iteration_duration": {
            "min": 2.653769,
            "med": 211.5768245,
            "max": 1872.426391,
            "p(90)": 451.29903440000004,
            "p(95)": 514.5895981999998,
            "avg": 248.78475144949513
        },
        "vus": {
            "value": 1,
            "min": 1,
            "max": 200
        },
        "http_req_waiting": {
            "max": 730.093294,
            "p(90)": 21.080405300000002,
            "p(95)": 55.869350149999974,
            "avg": 19.51407325139199,
            "min": 1.946662,
            "med": 17.038837
        },
        "http_reqs": {
            "count": 80468,
            "rate": 731.5249889993603
        },
        "http_req_duration": {
            "min": 2.615634,
            "med": 211.5208475,
            "max": 1872.391647,
            "p(90)": 451.2409007,
            "p(95)": 514.37826415,
            "avg": 248.68956436159854
        },
        "http_req_connecting": {
            "avg": 0.05700402325147885,
            "min": 0,
            "med": 0,
            "max": 1014.909019,
            "p(90)": 0,
            "p(95)": 0
        },
        "iterations": {
            "rate": 731.5249889993603,
            "count": 80468
        },
        "http_req_duration{expected_response:true}": {
            "avg": 248.9133790810842,
            "min": 2.615634,
            "med": 211.694992,
            "max": 1872.391647,
            "p(90)": 451.3592382000003,
            "p(95)": 514.4756155
        },
        "http_req_blocked": {
            "min": 0.000363,
            "med": 0.000541,
            "max": 1014.936749,
            "p(90)": 0.000964,
            "p(95)": 0.001092,
            "avg": 0.05770253047173816
        }
    }
}