{
    "metrics": {
        "http_req_tls_handshaking": {
            "avg": 0,
            "min": 0,
            "med": 0,
            "max": 0,
            "p(90)": 0,
            "p(95)": 0
        },
        "http_req_failed": {
            "passes": 81,
            "fails": 80397,
            "value": 0.0010064862446879893
        },
        "data_received": {
            "rate": 11658423.015269699,
            "count": 1282442842
        },
        "data_sent": {
            "rate": 78743.63487631737,
            "count": 8661910
        },
        "http_reqs": {
            "count": 80478,
            "rate": 731.6088769770488
        },
        "vus": {
            "min": 1,
            "max": 200,
            "value": 1
        },
        "http_req_connecting": {
            "avg": 0.017292502696389076,
            "min": 0,
            "med": 0,
            "max": 68.561658,
            "p(90)": 0,
            "p(95)": 0
        },
        "http_req_blocked": {
            "min": 0.000355,
            "med": 0.000548,
            "max": 68.579514,
            "p(90)": 0.000969,
            "p(95)": 0.001106,
            "avg": 0.018001894368647763
        },
        "http_req_receiving": {
            "avg": 229.0820785284325,
            "min": 0.005609,
            "med": 189.9073035,
            "max": 1969.957119,
            "p(90)": 430.975088,
            "p(95)": 494.75109609999987
        },
        "http_req_waiting": {
            "max": 818.885936,
            "p(90)": 20.977274700000006,
            "p(95)": 56.48828089999997,
            "avg": 19.624229224819263,
            "min": 1.843931,
            "med": 16.989770999999998
        },
        "iterations": {
            "count": 80478,
            "rate": 731.6088769770488
        },
        "http_req_duration{expected_response:true}": {
            "max": 2024.268775,
            "p(90)": 452.28036060000005,
            "p(95)": 515.831478,
            "avg": 248.9072179068361,
            "min": 2.409164,
            "med": 211.122895
        },
        "vus_max": {
            "value": 200,
            "min": 200,
            "max": 200
        },
        "http_req_duration": {
            "max": 2024.268775,
            "p(90)": 452.1716271,
            "p(95)": 515.7983452999999,
            "avg": 248.7098240066342,
            "min": 2.409164,
            "med": 210.966501
        },
        "http_req_sending": {
            "avg": 0.0035162533860185244,
            "min": 0.001952,
            "med": 0.0031555,
            "max": 0.705774,
            "p(90)": 0.004714,
            "p(95)": 0.00535
        },
        "iteration_duration": {
            "p(90)": 452.2162197,
            "p(95)": 515.8442608,
            "avg": 248.76568814193965,
            "min": 2.431399,
            "med": 211.0139815,
            "max": 2024.305081
        }
    },
    "root_group": {
        "name": "",
        "path": "",
        "id": "d41d8cd98f00b204e9800998ecf8427e",
        "groups": {},
        "checks": {}
    }
}