{
    "root_group": {
        "name": "",
        "path": "",
        "id": "d41d8cd98f00b204e9800998ecf8427e",
        "groups": {},
        "checks": {}
    },
    "metrics": {
        "http_req_duration": {
            "p(95)": 515.8899087,
            "avg": 248.89596446652703,
            "min": 2.520104,
            "med": 210.60712,
            "max": 2356.89039,
            "p(90)": 451.9682323
        },
        "data_received": {
            "rate": 11647583.830618294,
            "count": 1281239744
        },
        "vus": {
            "value": 1,
            "min": 1,
            "max": 200
        },
        "http_req_sending": {
            "avg": 0.0035698562064676335,
            "min": 0.00202,
            "med": 0.003177,
            "max": 0.186289,
            "p(90)": 0.004892,
            "p(95)": 0.005541
        },
        "http_req_failed": {
            "passes": 81,
            "fails": 80319,
            "value": 0.0010074626865671642
        },
        "iterations": {
            "count": 80400,
            "rate": 730.9059404121253
        },
        "http_req_waiting": {
            "avg": 19.666331192412837,
            "min": 1.778586,
            "med": 17.060273000000002,
            "max": 744.908542,
            "p(90)": 21.47256410000002,
            "p(95)": 56.827896100000004
        },
        "data_sent": {
            "count": 8653520,
            "rate": 78668.02454571064
        },
        "vus_max": {
            "max": 200,
            "value": 200,
            "min": 200
        },
        "http_reqs": {
            "count": 80400,
            "rate": 730.9059404121253
        },
        "http_req_connecting": {
            "p(95)": 0,
            "avg": 0.07283365762437811,
            "min": 0,
            "med": 0,
            "max": 1033.933341,
            "p(90)": 0
        },
        "http_req_receiving": {
            "avg": 229.22606341790987,
            "min": 0.004931,
            "med": 189.26757800000001,
            "max": 2302.082132,
            "p(90)": 431.21495330000005,
            "p(95)": 494.8815675
        },
        "http_req_tls_handshaking": {
            "avg": 0,
            "min": 0,
            "med": 0,
            "max": 0,
            "p(90)": 0,
            "p(95)": 0
        },
        "iteration_duration": {
            "p(95)": 515.93359395,
            "avg": 249.00831766029566,
            "min": 2.561034,
            "med": 210.671862,
            "max": 2356.936654,
            "p(90)": 452.0308292000001
        },
        "http_req_duration{expected_response:true}": {
            "max": 2356.89039,
            "p(90)": 452.0457526,
            "p(95)": 515.8981451,
            "avg": 249.1016307108749,
            "min": 2.520104,
            "med": 210.747391
        },
        "http_req_blocked": {
            "med": 0.000574,
            "max": 1033.955789,
            "p(90)": 0.001015,
            "p(95)": 0.001131,
            "avg": 0.07357608710198812,
            "min": 0.00039
        }
    }
}