{
    "metrics": {
        "http_req_blocked": {
            "avg": 0.05815735086955758,
            "min": 0.000361,
            "med": 0.000534,
            "max": 1026.610197,
            "p(90)": 0.000967,
            "p(95)": 0.001108
        },
        "data_sent": {
            "count": 8658135,
            "rate": 78708.35405133489
        },
        "http_req_receiving": {
            "min": 0.005586,
            "med": 190.270885,
            "max": 2070.283041,
            "p(90)": 430.26904240000016,
            "p(95)": 493.9897443999999,
            "avg": 229.24780996555307
        },
        "http_req_duration": {
            "max": 2175.227029,
            "p(90)": 451.248375,
            "p(95)": 515.3666245999999,
            "avg": 248.7814557771817,
            "min": 2.403854,
            "med": 211.651126
        },
        "http_req_duration{expected_response:true}": {
            "p(95)": 515.432281,
            "avg": 248.9950580554967,
            "min": 2.403854,
            "med": 211.789579,
            "max": 2175.227029,
            "p(90)": 451.30793300000005
        },
        "iterations": {
            "count": 80443,
            "rate": 731.2817512029476
        },
        "http_req_sending": {
            "avg": 0.0034658278656937223,
            "min": 0.001852,
            "med": 0.003095,
            "max": 0.326212,
            "p(90)": 0.0047,
            "p(95)": 0.00532
        },
        "data_received": {
            "rate": 11653069.903043356,
            "count": 1281869677
        },
        "http_req_failed": {
            "passes": 81,
            "fails": 80362,
            "value": 0.0010069241574779658
        },
        "iteration_duration": {
            "med": 211.706044,
            "max": 2175.259374,
            "p(90)": 451.3067686,
            "p(95)": 515.4640122999997,
            "avg": 248.87700516930022,
            "min": 2.430975
        },
        "vus_max": {
            "value": 200,
            "min": 200,
            "max": 200
        },
        "http_req_tls_handshaking": {
            "p(90)": 0,
            "p(95)": 0,
            "avg": 0,
            "min": 0,
            "med": 0,
            "max": 0
        },
        "http_req_waiting": {
            "min": 1.796448,
            "med": 17.013121,
            "max": 790.962369,
            "p(90)": 22.44277580000005,
            "p(95)": 56.443032899999885,
            "avg": 19.53017998376503
        },
        "http_reqs": {
            "count": 80443,
            "rate": 731.2817512029476
        },
        "vus": {
            "value": 1,
            "min": 1,
            "max": 200
        },
        "http_req_connecting": {
            "max": 1026.585764,
            "p(90)": 0,
            "p(95)": 0,
            "avg": 0.057454850366097716,
            "min": 0,
            "med": 0
        }
    },
    "root_group": {
        "name": "",
        "path": "",
        "id": "d41d8cd98f00b204e9800998ecf8427e",
        "groups": {},
        "checks": {}
    }
}