{
    "metrics": {
        "http_req_failed": {
            "passes": 81,
            "fails": 80355,
            "value": 0.0010070117857675668
        },
        "http_req_blocked": {
            "max": 1013.970569,
            "p(90)": 0.000967,
            "p(95)": 0.001103,
            "avg": 0.04687886564473512,
            "min": 0.000363,
            "med": 0.000538
        },
        "iteration_duration": {
            "p(95)": 515.3958685,
            "avg": 248.8893641559825,
            "min": 2.414724,
            "med": 211.96624500000001,
            "max": 2225.132245,
            "p(90)": 451.9758855
        },
        "http_reqs": {
            "count": 80436,
            "rate": 731.2256848098151
        },
        "iterations": {
            "count": 80436,
            "rate": 731.2256848098151
        },
        "vus_max": {
            "value": 200,
            "min": 200,
            "max": 200
        },
        "http_req_tls_handshaking": {
            "avg": 0,
            "min": 0,
            "med": 0,
            "max": 0,
            "p(90)": 0,
            "p(95)": 0
        },
        "vus": {
            "value": 1,
            "min": 1,
            "max": 200
        },
        "http_req_duration{expected_response:true}": {
            "p(95)": 515.3875271,
            "avg": 249.00628379204818,
            "min": 2.392669,
            "med": 212.046391,
            "max": 2225.094204,
            "p(90)": 451.9613066
        },
        "http_req_sending": {
            "avg": 0.0034973006116663864,
            "min": 0.001891,
            "med": 0.003136,
            "max": 0.234969,
            "p(90)": 0.004706,
            "p(95)": 0.005332
        },
        "data_sent": {
            "count": 8657379,
            "rate": 78702.29608549795
        },
        "data_received": {
            "count": 1281742077,
            "rate": 11652030.53364016
        },
        "http_req_duration": {
            "avg": 248.80444409482112,
            "min": 2.392669,
            "med": 211.878833,
            "max": 2225.094204,
            "p(90)": 451.895697,
            "p(95)": 515.322113
        },
        "http_req_receiving": {
            "p(95)": 494.354386,
            "avg": 229.26017575168987,
            "min": 0.005554,
            "med": 190.3247365,
            "max": 2209.757573,
            "p(90)": 431.5266715
        },
        "http_req_connecting": {
            "min": 0,
            "med": 0,
            "max": 1013.949986,
            "p(90)": 0,
            "p(95)": 0,
            "avg": 0.046181648428564294
        },
        "http_req_waiting": {
            "max": 865.888841,
            "p(90)": 20.8503395,
            "p(95)": 55.420300250000004,
            "avg": 19.540771042518138,
            "min": 1.818063,
            "med": 16.9619155
        }
    },
    "root_group": {
        "name": "",
        "path": "",
        "id": "d41d8cd98f00b204e9800998ecf8427e",
        "groups": {},
        "checks": {}
    }
}