{
    "root_group": {
        "path": "",
        "id": "d41d8cd98f00b204e9800998ecf8427e",
        "groups": {},
        "checks": {},
        "name": ""
    },
    "metrics": {
        "data_received": {
            "count": 1282128672,
            "rate": 11655538.937205153
        },
        "http_req_failed": {
            "passes": 81,
            "fails": 80380,
            "value": 0.0010066988976025653
        },
        "vus": {
            "max": 200,
            "value": 1,
            "min": 1
        },
        "http_req_receiving": {
            "avg": 229.30169565118211,
            "min": 0.005389,
            "med": 189.839039,
            "max": 1829.626954,
            "p(90)": 431.326037,
            "p(95)": 494.603667
        },
        "iterations": {
            "count": 80461,
            "rate": 731.452574852381
        },
        "http_req_duration{expected_response:true}": {
            "avg": 248.94028126434458,
            "min": 2.500209,
            "med": 211.5219265,
            "max": 1866.574357,
            "p(90)": 451.82322510000006,
            "p(95)": 515.27503955
        },
        "http_req_blocked": {
            "min": 0.000383,
            "med": 0.000581,
            "max": 118.627233,
            "p(90)": 0.001004,
            "p(95)": 0.001144,
            "avg": 0.022697630491791944
        },
        "http_reqs": {
            "count": 80461,
            "rate": 731.452574852381
        },
        "http_req_sending": {
            "avg": 0.003651509538782759,
            "min": 0.001978,
            "med": 0.003275,
            "max": 0.360004,
            "p(90)": 0.00495,
            "p(95)": 0.005562
        },
        "vus_max": {
            "value": 200,
            "min": 200,
            "max": 200
        },
        "http_req_duration": {
            "avg": 248.71770918581697,
            "min": 2.500209,
            "med": 211.351164,
            "max": 1866.574357,
            "p(90)": 451.702767,
            "p(95)": 515.068118
        },
        "http_req_tls_handshaking": {
            "max": 0,
            "p(90)": 0,
            "p(95)": 0,
            "avg": 0,
            "min": 0,
            "med": 0
        },
        "http_req_waiting": {
            "med": 16.9786,
            "max": 813.427518,
            "p(90)": 20.681905,
            "p(95)": 56.281677,
            "avg": 19.41236202509301,
            "min": 1.934712
        },
        "data_sent": {
            "count": 8660079,
            "rate": 78726.80035017004
        },
        "iteration_duration": {
            "p(95)": 515.111721,
            "avg": 248.7795244272985,
            "min": 2.532821,
            "med": 211.387727,
            "max": 1866.609582,
            "p(90)": 451.752218
        },
        "http_req_connecting": {
            "p(90)": 0,
            "p(95)": 0,
            "avg": 0.021954572650103775,
            "min": 0,
            "med": 0,
            "max": 118.602863
        }
    }
}