{
    "root_group": {
        "checks": {},
        "name": "",
        "path": "",
        "id": "d41d8cd98f00b204e9800998ecf8427e",
        "groups": {}
    },
    "metrics": {
        "data_sent": {
            "count": 8658891,
            "rate": 78715.87625234245
        },
        "vus_max": {
            "value": 200,
            "min": 200,
            "max": 200
        },
        "http_req_blocked": {
            "med": 0.000578,
            "max": 1024.634183,
            "p(90)": 0.001006,
            "p(95)": 0.001134,
            "avg": 0.043054965804845545,
            "min": 0.000366
        },
        "http_req_tls_handshaking": {
            "med": 0,
            "max": 0,
            "p(90)": 0,
            "p(95)": 0,
            "avg": 0,
            "min": 0
        },
        "http_req_receiving": {
            "avg": 229.00873304748578,
            "min": 0.005223,
            "med": 190.189306,
            "max": 2226.044615,
            "p(90)": 430.35184420000024,
            "p(95)": 493.37832215
        },
        "http_req_duration": {
            "min": 2.3853,
            "med": 211.9746345,
            "max": 2243.416919,
            "p(90)": 450.92359680000004,
            "p(95)": 513.1304992,
            "avg": 248.7389068222665
        },
        "http_req_failed": {
            "passes": 81,
            "fails": 80369,
            "value": 0.0010068365444375388
        },
        "iterations": {
            "count": 80450,
            "rate": 731.3514218507833
        },
        "http_req_waiting": {
            "p(95)": 56.349064700000014,
            "avg": 19.726534147644617,
            "min": 1.818561,
            "med": 16.9552305,
            "max": 969.72758,
            "p(90)": 22.742260000000062
        },
        "data_received": {
            "count": 1281962130,
            "rate": 11654006.54486462
        },
        "iteration_duration": {
            "p(95)": 513.2341486000003,
            "avg": 248.82089731730164,
            "min": 2.411087,
            "med": 212.030236,
            "max": 2243.459551,
            "p(90)": 450.9768164
        },
        "http_req_connecting": {
            "avg": 0.04231635256681169,
            "min": 0,
            "med": 0,
            "max": 1024.611432,
            "p(90)": 0,
            "p(95)": 0
        },
        "http_req_sending": {
            "avg": 0.0036396271348663593,
            "min": 0.001898,
            "med": 0.003279,
            "max": 0.244861,
            "p(90)": 0.004903,
            "p(95)": 0.0055595500000000025
        },
        "vus": {
            "value": 1,
            "min": 1,
            "max": 200
        },
        "http_reqs": {
            "count": 80450,
            "rate": 731.3514218507833
        },
        "http_req_duration{expected_response:true}": {
            "p(90)": 451.07525699999997,
            "p(95)": 513.2253143999995,
            "avg": 248.95726792773755,
            "min": 2.3853,
            "med": 212.191085,
            "max": 2243.416919
        }
    }
}