{
    "metrics": {
        "http_req_duration": {
            "p(90)": 451.50341380000003,
            "p(95)": 515.6094092,
            "avg": 248.75653532678118,
            "min": 2.487497,
            "med": 211.676744,
            "max": 2380.728664
        },
        "data_sent": {
            "count": 8659647,
            "rate": 78723.7228642688
        },
        "data_received": {
            "count": 1282098469,
            "rate": 11655390.17447932
        },
        "http_reqs": {
            "count": 80457,
            "rate": 731.4241066050931
        },
        "vus_max": {
            "value": 200,
            "min": 200,
            "max": 200
        },
        "http_req_connecting": {
            "avg": 0.042837708850690444,
            "min": 0,
            "med": 0,
            "max": 1017.792912,
            "p(90)": 0,
            "p(95)": 0
        },
        "http_req_receiving": {
            "p(90)": 430.72054620000006,
            "p(95)": 494.50231039999994,
            "avg": 229.16766248604853,
            "min": 0.004525,
            "med": 190.579636,
            "max": 2362.533492
        },
        "vus": {
            "value": 1,
            "min": 1,
            "max": 200
        },
        "iterations": {
            "count": 80457,
            "rate": 731.4241066050931
        },
        "iteration_duration": {
            "avg": 248.83815099354845,
            "min": 2.509776,
            "med": 211.763122,
            "max": 2380.766898,
            "p(90)": 451.5665944000002,
            "p(95)": 515.6928748
        },
        "http_req_tls_handshaking": {
            "min": 0,
            "med": 0,
            "max": 0,
            "p(90)": 0,
            "p(95)": 0,
            "avg": 0
        },
        "http_req_sending": {
            "avg": 0.003556844550505246,
            "min": 0.001962,
            "med": 0.003182,
            "max": 0.23409,
            "p(90)": 0.004788,
            "p(95)": 0.005437
        },
        "http_req_duration{expected_response:true}": {
            "min": 2.487497,
            "med": 211.878119,
            "max": 2380.728664,
            "p(90)": 451.5828795,
            "p(95)": 515.68440475,
            "avg": 248.9719536400274
        },
        "http_req_blocked": {
            "avg": 0.0435512955988904,
            "min": 0.000366,
            "med": 0.000545,
            "max": 1017.817419,
            "p(90)": 0.000981,
            "p(95)": 0.00113
        },
        "http_req_waiting": {
            "p(95)": 56.15667779999998,
            "avg": 19.585315996184356,
            "min": 1.596727,
            "med": 16.983349,
            "max": 822.387959,
            "p(90)": 21.754790000000227
        },
        "http_req_failed": {
            "passes": 81,
            "fails": 80376,
            "value": 0.0010067489466423058
        }
    },
    "root_group": {
        "id": "d41d8cd98f00b204e9800998ecf8427e",
        "groups": {},
        "checks": {},
        "name": "",
        "path": ""
    }
}