{
    "root_group": {
        "name": "",
        "path": "",
        "id": "d41d8cd98f00b204e9800998ecf8427e",
        "groups": {},
        "checks": {}
    },
    "metrics": {
        "http_req_waiting": {
            "med": 17.000145,
            "max": 795.950457,
            "p(90)": 21.22697740000001,
            "p(95)": 56.470618599999895,
            "avg": 19.6071031075221,
            "min": 1.607413
        },
        "vus_max": {
            "value": 200,
            "min": 200,
            "max": 200
        },
        "vus": {
            "value": 1,
            "min": 1,
            "max": 200
        },
        "data_sent": {
            "count": 8659755,
            "rate": 78723.35066747862
        },
        "http_req_blocked": {
            "p(90)": 0.000965,
            "p(95)": 0.001096,
            "avg": 0.03164556817221307,
            "min": 0.000365,
            "med": 0.000544,
            "max": 1014.267121
        },
        "http_req_sending": {
            "avg": 0.0035180590618707685,
            "min": 0.001884,
            "med": 0.003156,
            "max": 0.581324,
            "p(90)": 0.004682,
            "p(95)": 0.005347
        },
        "iterations": {
            "count": 80458,
            "rate": 731.4206173273949
        },
        "iteration_duration": {
            "avg": 248.82900717620072,
            "min": 2.124713,
            "med": 211.00468899999998,
            "max": 2023.833421,
            "p(90)": 452.5763750000001,
            "p(95)": 515.4484435499999
        },
        "http_req_failed": {
            "passes": 81,
            "fails": 80377,
            "value": 0.001006736433915832
        },
        "http_req_duration{expected_response:true}": {
            "p(90)": 452.684037,
            "p(95)": 515.452554,
            "avg": 248.9755415209097,
            "min": 2.100075,
            "med": 211.164993,
            "max": 2023.800282
        },
        "http_req_tls_handshaking": {
            "min": 0,
            "med": 0,
            "max": 0,
            "p(90)": 0,
            "p(95)": 0,
            "avg": 0
        },
        "data_received": {
            "count": 1282128777,
            "rate": 11655465.231133731
        },
        "http_req_receiving": {
            "med": 189.6307415,
            "max": 2013.38083,
            "p(90)": 432.41249530000005,
            "p(95)": 494.62337489999993,
            "avg": 229.14884265680385,
            "min": 0.00574
        },
        "http_req_connecting": {
            "avg": 0.030936515349623404,
            "min": 0,
            "med": 0,
            "max": 1014.245869,
            "p(90)": 0,
            "p(95)": 0
        },
        "http_req_duration": {
            "avg": 248.75946382338802,
            "min": 2.100075,
            "med": 210.949954,
            "max": 2023.800282,
            "p(90)": 452.5309982,
            "p(95)": 515.4015921499999
        },
        "http_reqs": {
            "count": 80458,
            "rate": 731.4206173273949
        }
    }
}