{
    "root_group": {
        "name": "",
        "path": "",
        "id": "d41d8cd98f00b204e9800998ecf8427e",
        "groups": {},
        "checks": {}
    },
    "metrics": {
        "http_req_connecting": {
            "med": 0,
            "max": 1010.787805,
            "p(90)": 0,
            "p(95)": 0,
            "avg": 0.03195222975375092,
            "min": 0
        },
        "http_req_duration": {
            "avg": 248.77008073430915,
            "min": 2.216008,
            "med": 211.836766,
            "max": 2061.617792,
            "p(90)": 451.26063400000004,
            "p(95)": 514.2414915999999
        },
        "http_req_waiting": {
            "max": 856.114777,
            "p(90)": 21.012213200000026,
            "p(95)": 55.885853999999995,
            "avg": 19.56558173097828,
            "min": 1.608184,
            "med": 17.02662
        },
        "iterations": {
            "rate": 731.3294983205889,
            "count": 80447
        },
        "data_sent": {
            "count": 8658567,
            "rate": 78713.50653579632
        },
        "http_req_tls_handshaking": {
            "med": 0,
            "max": 0,
            "p(90)": 0,
            "p(95)": 0,
            "avg": 0,
            "min": 0
        },
        "vus": {
            "min": 1,
            "max": 200,
            "value": 1
        },
        "http_req_blocked": {
            "p(95)": 0.001102,
            "avg": 0.03265729624473171,
            "min": 0.000352,
            "med": 0.000541,
            "max": 1010.807141,
            "p(90)": 0.000971
        },
        "http_req_receiving": {
            "min": 0.005563,
            "med": 190.642056,
            "max": 2049.202281,
            "p(90)": 430.5057048000002,
            "p(95)": 492.9554074999999,
            "avg": 229.20097498826576
        },
        "data_received": {
            "count": 1281937726,
            "rate": 11653869.92720445
        },
        "http_req_sending": {
            "min": 0.001926,
            "med": 0.003155,
            "max": 0.216006,
            "p(90)": 0.004732,
            "p(95)": 0.005367699999999998,
            "avg": 0.003524015065819748
        },
        "http_req_failed": {
            "fails": 80366,
            "passes": 81,
            "value": 0.0010068740910164455
        },
        "iteration_duration": {
            "avg": 248.84067054882087,
            "min": 2.24295,
            "med": 211.91183,
            "max": 2061.654061,
            "p(90)": 451.3176490000002,
            "p(95)": 514.2940614999999
        },
        "vus_max": {
            "value": 200,
            "min": 200,
            "max": 200
        },
        "http_reqs": {
            "count": 80447,
            "rate": 731.3294983205889
        },
        "http_req_duration{expected_response:true}": {
            "avg": 248.98524386802833,
            "min": 2.216008,
            "med": 212.06866200000002,
            "max": 2061.617792,
            "p(90)": 451.407084,
            "p(95)": 514.3165775
        }
    }
}