{
    "metrics": {
        "http_req_blocked": {
            "min": 0.000335,
            "med": 0.000544,
            "max": 1008.598067,
            "p(90)": 0.000969,
            "p(95)": 0.001108,
            "avg": 0.03027151099099067
        },
        "http_req_duration{expected_response:true}": {
            "med": 211.5974235,
            "max": 2410.704343,
            "p(90)": 450.89365619999995,
            "p(95)": 515.0198568,
            "avg": 248.90157877181048,
            "min": 2.479648
        },
        "http_req_waiting": {
            "p(95)": 56.20573670000006,
            "avg": 19.652881402684066,
            "min": 1.948354,
            "med": 17.008421,
            "max": 772.86939,
            "p(90)": 21.462709800000006
        },
        "http_req_failed": {
            "passes": 81,
            "fails": 80394,
            "value": 0.0010065237651444548
        },
        "http_req_sending": {
            "med": 0.003161,
            "max": 0.273528,
            "p(90)": 0.004739,
            "p(95)": 0.0053783000000000025,
            "avg": 0.0035339837713575712,
            "min": 0.00195
        },
        "data_received": {
            "count": 1282371513,
            "rate": 11657616.91758117
        },
        "iteration_duration": {
            "min": 2.506849,
            "med": 211.486248,
            "max": 2410.739623,
            "p(90)": 450.67309000000023,
            "p(95)": 514.8365986,
            "avg": 248.75642110070268
        },
        "iterations": {
            "count": 80475,
            "rate": 731.571710640725
        },
        "http_req_duration": {
            "p(90)": 450.60743720000005,
            "p(95)": 514.7780032,
            "avg": 248.68772213728403,
            "min": 2.479648,
            "med": 211.429141,
            "max": 2410.704343
        },
        "http_req_tls_handshaking": {
            "avg": 0,
            "min": 0,
            "med": 0,
            "max": 0,
            "p(90)": 0,
            "p(95)": 0
        },
        "http_req_receiving": {
            "avg": 229.03130675083096,
            "min": 0.00457,
            "med": 190.288855,
            "max": 2400.713779,
            "p(90)": 430.03620600000005,
            "p(95)": 493.71959400000003
        },
        "data_sent": {
            "count": 8661586,
            "rate": 78739.62456516626
        },
        "http_req_connecting": {
            "max": 1008.570225,
            "p(90)": 0,
            "p(95)": 0,
            "avg": 0.02956451376203788,
            "min": 0,
            "med": 0
        },
        "vus": {
            "min": 1,
            "max": 200,
            "value": 1
        },
        "vus_max": {
            "max": 200,
            "value": 200,
            "min": 200
        },
        "http_reqs": {
            "count": 80475,
            "rate": 731.571710640725
        }
    },
    "root_group": {
        "groups": {},
        "checks": {},
        "name": "",
        "path": "",
        "id": "d41d8cd98f00b204e9800998ecf8427e"
    }
}