{
    "metrics": {
        "iterations": {
            "count": 80443,
            "rate": 731.2627136787314
        },
        "http_req_blocked": {
            "max": 1067.702169,
            "p(90)": 0.00097,
            "p(95)": 0.001109,
            "avg": 0.05538133015924151,
            "min": 0.000364,
            "med": 0.00054
        },
        "http_req_tls_handshaking": {
            "max": 0,
            "p(90)": 0,
            "p(95)": 0,
            "avg": 0,
            "min": 0,
            "med": 0
        },
        "http_req_receiving": {
            "min": 0.005281,
            "med": 190.139996,
            "max": 1914.231444,
            "p(90)": 430.6765158000001,
            "p(95)": 493.6960574999999,
            "avg": 229.2005427380499
        },
        "http_req_connecting": {
            "avg": 0.054677558992081356,
            "min": 0,
            "med": 0,
            "max": 1067.66522,
            "p(90)": 0,
            "p(95)": 0
        },
        "http_req_waiting": {
            "min": 1.7762,
            "med": 17.026005,
            "max": 817.760194,
            "p(90)": 21.077926000000012,
            "p(95)": 55.44261089999996,
            "avg": 19.54032600520841
        },
        "vus": {
            "value": 1,
            "min": 1,
            "max": 200
        },
        "vus_max": {
            "value": 200,
            "min": 200,
            "max": 200
        },
        "http_reqs": {
            "count": 80443,
            "rate": 731.2627136787314
        },
        "data_sent": {
            "count": 8658135,
            "rate": 78706.30502960859
        },
        "http_req_sending": {
            "max": 0.167107,
            "p(90)": 0.00472,
            "p(95)": 0.005362,
            "avg": 0.0035051860572081987,
            "min": 0.001923,
            "med": 0.003155
        },
        "http_req_duration": {
            "avg": 248.7443739293142,
            "min": 2.379001,
            "med": 210.967222,
            "max": 1966.436149,
            "p(90)": 450.4371828000001,
            "p(95)": 514.4042582999999
        },
        "data_received": {
            "count": 1281870089,
            "rate": 11652770.282880262
        },
        "http_req_duration{expected_response:true}": {
            "max": 1966.436149,
            "p(90)": 450.60553390000035,
            "p(95)": 514.5185155499997,
            "avg": 248.94843033429765,
            "min": 2.379001,
            "med": 211.0978265
        },
        "iteration_duration": {
            "avg": 248.83748945397383,
            "min": 2.402001,
            "med": 211.022268,
            "max": 1966.464779,
            "p(90)": 450.5305162000001,
            "p(95)": 514.4995389999998
        },
        "http_req_failed": {
            "passes": 81,
            "fails": 80362,
            "value": 0.0010069241574779658
        }
    },
    "root_group": {
        "path": "",
        "id": "d41d8cd98f00b204e9800998ecf8427e",
        "groups": {},
        "checks": {},
        "name": ""
    }
}