{
    "metrics": {
        "iterations": {
            "count": 80453,
            "rate": 731.3712194606779
        },
        "http_req_duration": {
            "p(95)": 515.6378652,
            "avg": 248.76121779927666,
            "min": 2.537712,
            "med": 211.042848,
            "max": 2064.330811,
            "p(90)": 451.65584720000004
        },
        "vus": {
            "value": 1,
            "min": 1,
            "max": 200
        },
        "data_sent": {
            "count": 8659215,
            "rate": 78718.01715439069
        },
        "data_received": {
            "count": 1282022877,
            "rate": 11654439.67195725
        },
        "http_req_waiting": {
            "max": 453.128351,
            "p(90)": 21.303036800000033,
            "p(95)": 55.87431659999999,
            "avg": 19.609315922501345,
            "min": 1.882737,
            "med": 17.010212
        },
        "iteration_duration": {
            "avg": 248.817169969672,
            "min": 2.559922,
            "med": 211.085936,
            "max": 2064.360367,
            "p(90)": 451.6943006,
            "p(95)": 515.6726199999999
        },
        "http_req_sending": {
            "med": 0.003148,
            "max": 0.198982,
            "p(90)": 0.004705,
            "p(95)": 0.005364,
            "avg": 0.0034992861173604468,
            "min": 0.001941
        },
        "http_reqs": {
            "count": 80453,
            "rate": 731.3712194606779
        },
        "vus_max": {
            "value": 200,
            "min": 200,
            "max": 200
        },
        "http_req_failed": {
            "passes": 81,
            "fails": 80372,
            "value": 0.0010067990006587698
        },
        "http_req_blocked": {
            "med": 0.000541,
            "max": 102.362801,
            "p(90)": 0.000964,
            "p(95)": 0.001105,
            "avg": 0.018269564814240243,
            "min": 0.000364
        },
        "http_req_connecting": {
            "p(95)": 0,
            "avg": 0.017566561719264667,
            "min": 0,
            "med": 0,
            "max": 102.340696,
            "p(90)": 0
        },
        "http_req_receiving": {
            "p(90)": 431.06049420000005,
            "p(95)": 494.1166405999999,
            "avg": 229.14840259065684,
            "min": 0.005658,
            "med": 189.871142,
            "max": 1995.443883
        },
        "http_req_tls_handshaking": {
            "max": 0,
            "p(90)": 0,
            "p(95)": 0,
            "avg": 0,
            "min": 0,
            "med": 0
        },
        "http_req_duration{expected_response:true}": {
            "avg": 248.9735678180485,
            "min": 2.537712,
            "med": 211.188477,
            "max": 2064.330811,
            "p(90)": 451.71014750000006,
            "p(95)": 515.66682865
        }
    },
    "root_group": {
        "groups": {},
        "checks": {},
        "name": "",
        "path": "",
        "id": "d41d8cd98f00b204e9800998ecf8427e"
    }
}