{
    "root_group": {
        "name": "",
        "path": "",
        "id": "d41d8cd98f00b204e9800998ecf8427e",
        "groups": {},
        "checks": {}
    },
    "metrics": {
        "http_reqs": {
            "count": 80475,
            "rate": 731.5778423258616
        },
        "http_req_tls_handshaking": {
            "avg": 0,
            "min": 0,
            "med": 0,
            "max": 0,
            "p(90)": 0,
            "p(95)": 0
        },
        "http_req_waiting": {
            "p(90)": 21.42914520000004,
            "p(95)": 56.36365750000003,
            "avg": 19.655448495048052,
            "min": 1.820811,
            "med": 17.003755,
            "max": 832.183658
        },
        "http_req_sending": {
            "avg": 0.003691838223050589,
            "min": 0.002065,
            "med": 0.003333,
            "max": 0.140504,
            "p(90)": 0.00495,
            "p(95)": 0.005596300000000003
        },
        "http_req_receiving": {
            "med": 189.967897,
            "max": 1955.886237,
            "p(90)": 430.9882172,
            "p(95)": 494.6408243,
            "avg": 229.05065208475986,
            "min": 0.005841
        },
        "iterations": {
            "count": 80475,
            "rate": 731.5778423258616
        },
        "http_req_blocked": {
            "p(95)": 0.001131,
            "avg": 0.019018089195403494,
            "min": 0.000383,
            "med": 0.000581,
            "max": 57.006672,
            "p(90)": 0.001
        },
        "data_received": {
            "count": 1282360107,
            "rate": 11657610.93710868
        },
        "http_req_duration": {
            "avg": 248.70979241803144,
            "min": 2.688139,
            "med": 211.148537,
            "max": 1976.503429,
            "p(90)": 451.71057680000007,
            "p(95)": 515.6379874
        },
        "data_sent": {
            "count": 8661586,
            "rate": 78740.28452314247
        },
        "vus": {
            "value": 1,
            "min": 1,
            "max": 200
        },
        "iteration_duration": {
            "avg": 248.76819898507853,
            "min": 2.714987,
            "med": 211.221865,
            "max": 1976.536731,
            "p(90)": 451.754335,
            "p(95)": 515.6853987
        },
        "vus_max": {
            "value": 200,
            "min": 200,
            "max": 200
        },
        "http_req_connecting": {
            "max": 56.988543,
            "p(90)": 0,
            "p(95)": 0,
            "avg": 0.018278551388630014,
            "min": 0,
            "med": 0
        },
        "http_req_duration{expected_response:true}": {
            "p(95)": 515.6559874,
            "avg": 248.9237192188856,
            "min": 2.688139,
            "med": 211.2925475,
            "max": 1976.503429,
            "p(90)": 451.81784419999997
        },
        "http_req_failed": {
            "passes": 81,
            "fails": 80394,
            "value": 0.0010065237651444548
        }
    }
}