{
    "root_group": {
        "name": "",
        "path": "",
        "id": "d41d8cd98f00b204e9800998ecf8427e",
        "groups": {},
        "checks": {}
    },
    "metrics": {
        "data_received": {
            "count": 1282036372,
            "rate": 11654416.828124322
        },
        "iteration_duration": {
            "min": 2.590016,
            "med": 211.168209,
            "max": 2071.280321,
            "p(90)": 452.59158950000005,
            "p(95)": 515.7758585,
            "avg": 248.8247466290081
        },
        "iterations": {
            "count": 80452,
            "rate": 731.3529967902174
        },
        "http_req_blocked": {
            "avg": 0.01850777464823864,
            "min": 0.000389,
            "med": 0.000582,
            "max": 74.026817,
            "p(90)": 0.000997,
            "p(95)": 0.001136
        },
        "http_req_sending": {
            "med": 0.003281,
            "max": 0.572682,
            "p(90)": 0.004908,
            "p(95)": 0.005546449999999997,
            "avg": 0.003643842750957075,
            "min": 0.002106
        },
        "http_req_failed": {
            "passes": 81,
            "fails": 80371,
            "value": 0.0010068115149405856
        },
        "vus": {
            "value": 1,
            "min": 1,
            "max": 200
        },
        "http_req_waiting": {
            "p(95)": 55.8929527999999,
            "avg": 19.540173127330263,
            "min": 1.880513,
            "med": 17.056359999999998,
            "max": 938.699479,
            "p(90)": 20.654257500000007
        },
        "http_reqs": {
            "count": 80452,
            "rate": 731.3529967902174
        },
        "http_req_duration{expected_response:true}": {
            "p(95)": 515.7459475,
            "avg": 248.9801589802771,
            "min": 2.563118,
            "med": 211.300269,
            "max": 2071.244186,
            "p(90)": 452.633534
        },
        "vus_max": {
            "value": 200,
            "min": 200,
            "max": 200
        },
        "http_req_duration": {
            "avg": 248.76723255304836,
            "min": 2.563118,
            "med": 211.1103945,
            "max": 2071.244186,
            "p(90)": 452.54934910000014,
            "p(95)": 515.73061315
        },
        "http_req_tls_handshaking": {
            "avg": 0,
            "min": 0,
            "med": 0,
            "max": 0,
            "p(90)": 0,
            "p(95)": 0
        },
        "data_sent": {
            "count": 8659107,
            "rate": 78716.05247821247
        },
        "http_req_connecting": {
            "max": 74.003941,
            "p(90)": 0,
            "p(95)": 0,
            "avg": 0.017767208633719486,
            "min": 0,
            "med": 0
        },
        "http_req_receiving": {
            "min": 0.005762,
            "med": 189.899806,
            "max": 2051.713981,
            "p(90)": 431.4233155000001,
            "p(95)": 494.6798277,
            "avg": 229.2234155829695
        }
    }
}