{
    "root_group": {
        "id": "d41d8cd98f00b204e9800998ecf8427e",
        "groups": {},
        "checks": {},
        "name": "",
        "path": ""
    },
    "metrics": {
        "vus_max": {
            "value": 200,
            "min": 200,
            "max": 200
        },
        "http_req_sending": {
            "min": 0.001971,
            "med": 0.003153,
            "max": 0.161827,
            "p(90)": 0.004705,
            "p(95)": 0.005345,
            "avg": 0.003511920973438127
        },
        "http_req_waiting": {
            "max": 756.942054,
            "p(90)": 20.991652000000002,
            "p(95)": 55.76686225,
            "avg": 19.54054080922967,
            "min": 1.831937,
            "med": 17.0419355
        },
        "http_req_tls_handshaking": {
            "max": 0,
            "p(90)": 0,
            "p(95)": 0,
            "avg": 0,
            "min": 0,
            "med": 0
        },
        "data_sent": {
            "count": 8655238,
            "rate": 78681.63272868186
        },
        "http_req_duration{expected_response:true}": {
            "p(90)": 451.2557962000001,
            "p(95)": 515.8801745000001,
            "avg": 249.09587799565318,
            "min": 2.449823,
            "med": 211.682302,
            "max": 2123.702183
        },
        "http_req_blocked": {
            "max": 150.610524,
            "p(90)": 0.000967,
            "p(95)": 0.001107,
            "avg": 0.01901245883903806,
            "min": 0.000349,
            "med": 0.000543
        },
        "iterations": {
            "count": 80416,
            "rate": 731.0327200141326
        },
        "vus": {
            "value": 1,
            "min": 1,
            "max": 200
        },
        "http_req_failed": {
            "passes": 81,
            "fails": 80335,
            "value": 0.0010072622363708715
        },
        "data_received": {
            "count": 1281442339,
            "rate": 11649128.017066779
        },
        "iteration_duration": {
            "avg": 248.95384179586327,
            "min": 2.474972,
            "med": 211.6367085,
            "max": 2123.753547,
            "p(90)": 451.1817775,
            "p(95)": 515.8895894999999
        },
        "http_reqs": {
            "count": 80416,
            "rate": 731.0327200141326
        },
        "http_req_connecting": {
            "min": 0,
            "med": 0,
            "max": 150.588359,
            "p(90)": 0,
            "p(95)": 0,
            "avg": 0.0183112452994429
        },
        "http_req_duration": {
            "avg": 248.89682816919264,
            "min": 2.449823,
            "med": 211.5630245,
            "max": 2123.702183,
            "p(90)": 451.1258845,
            "p(95)": 515.85032325
        },
        "http_req_receiving": {
            "avg": 229.35277543899068,
            "min": 0.005473,
            "med": 190.2778735,
            "max": 2105.099779,
            "p(90)": 430.538701,
            "p(95)": 494.248685
        }
    }
}