{
    "root_group": {
        "path": "",
        "id": "d41d8cd98f00b204e9800998ecf8427e",
        "groups": {},
        "checks": {},
        "name": ""
    },
    "metrics": {
        "http_req_sending": {
            "med": 0.0031505,
            "max": 0.214536,
            "p(90)": 0.004697,
            "p(95)": 0.005365,
            "avg": 0.003510418893722839,
            "min": 0.001842
        },
        "data_received": {
            "count": 1281979112,
            "rate": 11654035.098224642
        },
        "data_sent": {
            "count": 8658891,
            "rate": 78715.02638469002
        },
        "http_req_tls_handshaking": {
            "med": 0,
            "max": 0,
            "p(90)": 0,
            "p(95)": 0,
            "avg": 0,
            "min": 0
        },
        "http_reqs": {
            "count": 80450,
            "rate": 731.3435257065034
        },
        "http_req_duration": {
            "avg": 248.76405435035565,
            "min": 2.531282,
            "med": 210.915977,
            "max": 3067.978954,
            "p(90)": 452.11201450000016,
            "p(95)": 515.8345474
        },
        "http_req_blocked": {
            "p(95)": 0.0011035500000000028,
            "avg": 0.033663343679301835,
            "min": 0.000343,
            "med": 0.000539,
            "max": 1026.551149,
            "p(90)": 0.000964
        },
        "http_req_waiting": {
            "avg": 19.521600668116537,
            "min": 1.87431,
            "med": 16.904946,
            "max": 883.343582,
            "p(90)": 20.844894900000003,
            "p(95)": 55.81776555000006
        },
        "http_req_receiving": {
            "med": 189.04886399999998,
            "max": 3048.563422,
            "p(90)": 432.29672899999997,
            "p(95)": 495.05301690000005,
            "avg": 229.23894326334357,
            "min": 0.005049
        },
        "http_req_failed": {
            "passes": 81,
            "fails": 80369,
            "value": 0.0010068365444375388
        },
        "iteration_duration": {
            "p(90)": 452.1448674000001,
            "p(95)": 515.8738171,
            "avg": 248.835675304286,
            "min": 2.563242,
            "med": 210.9699355,
            "max": 3068.027013
        },
        "http_req_duration{expected_response:true}": {
            "med": 211.095304,
            "max": 3067.978954,
            "p(90)": 452.16996759999995,
            "p(95)": 515.8592332,
            "avg": 248.98378777423022,
            "min": 2.531282
        },
        "iterations": {
            "count": 80450,
            "rate": 731.3435257065034
        },
        "vus": {
            "value": 1,
            "min": 1,
            "max": 200
        },
        "http_req_connecting": {
            "p(95)": 0,
            "avg": 0.03296122672467371,
            "min": 0,
            "med": 0,
            "max": 1026.528231,
            "p(90)": 0
        },
        "vus_max": {
            "value": 200,
            "min": 200,
            "max": 200
        }
    }
}