{
    "root_group": {
        "name": "",
        "path": "",
        "id": "d41d8cd98f00b204e9800998ecf8427e",
        "groups": {},
        "checks": {}
    },
    "metrics": {
        "data_received": {
            "rate": 11654560.67471406,
            "count": 1282044791
        },
        "http_req_duration{expected_response:true}": {
            "p(95)": 516.535871,
            "avg": 248.98065431205262,
            "min": 2.243582,
            "med": 210.711428,
            "max": 2264.43961,
            "p(90)": 452.131905
        },
        "http_req_duration": {
            "min": 2.243582,
            "med": 210.4389955,
            "max": 2264.43961,
            "p(90)": 452.07900440000003,
            "p(95)": 516.4871909,
            "avg": 248.763213445719
        },
        "http_req_waiting": {
            "p(95)": 56.672623399999985,
            "avg": 19.677816872246957,
            "min": 1.442968,
            "med": 17.00123,
            "max": 783.199451,
            "p(90)": 22.87833280000004
        },
        "http_req_tls_handshaking": {
            "avg": 0,
            "min": 0,
            "med": 0,
            "max": 0,
            "p(90)": 0,
            "p(95)": 0
        },
        "vus_max": {
            "value": 200,
            "min": 200,
            "max": 200
        },
        "iteration_duration": {
            "p(95)": 516.5411299,
            "avg": 248.83223838466668,
            "min": 2.267819,
            "med": 210.4993725,
            "max": 2264.475857,
            "p(90)": 452.1293117000001
        },
        "http_req_receiving": {
            "max": 2247.448161,
            "p(90)": 431.8181661000002,
            "p(95)": 495.8192066499999,
            "avg": 229.08187315908546,
            "min": 0.005132,
            "med": 189.4214895
        },
        "http_req_failed": {
            "passes": 81,
            "fails": 80371,
            "value": 0.0010068115149405856
        },
        "http_req_sending": {
            "med": 0.003173,
            "max": 0.256043,
            "p(90)": 0.004701,
            "p(95)": 0.005354449999999998,
            "avg": 0.00352341438373195,
            "min": 0.001935
        },
        "vus": {
            "value": 1,
            "min": 1,
            "max": 200
        },
        "http_reqs": {
            "rate": 731.3572208898711,
            "count": 80452
        },
        "iterations": {
            "count": 80452,
            "rate": 731.3572208898711
        },
        "http_req_blocked": {
            "avg": 0.030580884266393327,
            "min": 0.000367,
            "med": 0.000543,
            "max": 1005.433916,
            "p(90)": 0.000959,
            "p(95)": 0.001099
        },
        "data_sent": {
            "count": 8659107,
            "rate": 78716.50712111605
        },
        "http_req_connecting": {
            "avg": 0.029880809899070254,
            "min": 0,
            "med": 0,
            "max": 1005.412694,
            "p(90)": 0,
            "p(95)": 0
        }
    }
}