{
    "root_group": {
        "name": "",
        "path": "",
        "id": "d41d8cd98f00b204e9800998ecf8427e",
        "groups": {},
        "checks": {}
    },
    "metrics": {
        "http_req_waiting": {
            "med": 17.0122245,
            "max": 828.624956,
            "p(90)": 21.78853290000001,
            "p(95)": 56.44467835000002,
            "avg": 19.512068956497988,
            "min": 1.617844
        },
        "http_req_sending": {
            "p(95)": 0.00558,
            "avg": 0.003688706013916575,
            "min": 0.002005,
            "med": 0.003302,
            "max": 0.178462,
            "p(90)": 0.004948
        },
        "http_req_receiving": {
            "p(90)": 432.3251930000001,
            "p(95)": 494.92747550000007,
            "avg": 229.15269546913729,
            "min": 0.005972,
            "med": 189.4052315,
            "max": 2325.687434
        },
        "http_req_duration{expected_response:true}": {
            "avg": 248.88999242406942,
            "min": 2.11709,
            "med": 210.972271,
            "max": 2336.430225,
            "p(90)": 453.10419459999997,
            "p(95)": 515.7942314999999
        },
        "iterations": {
            "rate": 731.6225323922021,
            "count": 80480
        },
        "http_req_failed": {
            "passes": 81,
            "fails": 80399,
            "value": 0.0010064612326043739
        },
        "data_received": {
            "count": 1282506147,
            "rate": 11658926.380177757
        },
        "iteration_duration": {
            "avg": 248.72719192650047,
            "min": 2.143622,
            "med": 210.7967405,
            "max": 2336.473887,
            "p(90)": 453.04348380000016,
            "p(95)": 515.82024325
        },
        "http_req_connecting": {
            "avg": 0.018836547490059637,
            "min": 0,
            "med": 0,
            "max": 105.00187,
            "p(90)": 0,
            "p(95)": 0
        },
        "http_req_tls_handshaking": {
            "p(90)": 0,
            "p(95)": 0,
            "avg": 0,
            "min": 0,
            "med": 0,
            "max": 0
        },
        "http_reqs": {
            "rate": 731.6225323922021,
            "count": 80480
        },
        "data_sent": {
            "rate": 78745.11133226064,
            "count": 8662126
        },
        "http_req_blocked": {
            "p(90)": 0.001005,
            "p(95)": 0.00114,
            "avg": 0.019585489500498182,
            "min": 0.000388,
            "med": 0.000583,
            "max": 105.02394
        },
        "http_req_duration": {
            "avg": 248.66845313164464,
            "min": 2.11709,
            "med": 210.745724,
            "max": 2336.430225,
            "p(90)": 452.9722352000001,
            "p(95)": 515.7844791
        },
        "vus": {
            "value": 1,
            "min": 1,
            "max": 200
        },
        "vus_max": {
            "value": 200,
            "min": 200,
            "max": 200
        }
    }
}