{
    "metrics": {
        "http_req_duration{expected_response:true}": {
            "p(95)": 515.3136891,
            "avg": 248.97346490670375,
            "min": 1.663477,
            "med": 212.44095249999998,
            "max": 2358.280968,
            "p(90)": 450.0730758
        },
        "http_req_tls_handshaking": {
            "med": 0,
            "max": 0,
            "p(90)": 0,
            "p(95)": 0,
            "avg": 0,
            "min": 0
        },
        "http_req_waiting": {
            "avg": 19.485774279593226,
            "min": 1.107421,
            "med": 17.053218,
            "max": 911.244216,
            "p(90)": 27.09971159999997,
            "p(95)": 56.4672071999999
        },
        "http_req_failed": {
            "passes": 81,
            "fails": 80368,
            "value": 0.0010068490596526992
        },
        "iterations": {
            "count": 80449,
            "rate": 731.3317174402692
        },
        "http_reqs": {
            "count": 80449,
            "rate": 731.3317174402692
        },
        "http_req_blocked": {
            "avg": 0.02264067393006791,
            "min": 0.000359,
            "med": 0.000543,
            "max": 102.521904,
            "p(90)": 0.000968,
            "p(95)": 0.001101
        },
        "http_req_sending": {
            "max": 0.231195,
            "p(90)": 0.004747,
            "p(95)": 0.005354,
            "avg": 0.00348772274360155,
            "min": 0.001935,
            "med": 0.00314
        },
        "vus_max": {
            "value": 200,
            "min": 200,
            "max": 200
        },
        "http_req_connecting": {
            "avg": 0.021943310295963907,
            "min": 0,
            "med": 0,
            "max": 102.480507,
            "p(90)": 0,
            "p(95)": 0
        },
        "vus": {
            "value": 1,
            "min": 1,
            "max": 200
        },
        "http_req_duration": {
            "min": 1.663477,
            "med": 212.285415,
            "max": 2358.280968,
            "p(90)": 449.9671063999999,
            "p(95)": 515.1261591999988,
            "avg": 248.76083248133563
        },
        "http_req_receiving": {
            "avg": 229.27157047899578,
            "min": 0.00535,
            "med": 191.134446,
            "max": 2341.4951,
            "p(90)": 429.9534108,
            "p(95)": 494.2439855999997
        },
        "data_sent": {
            "count": 8658783,
            "rate": 78713.75209552147
        },
        "data_received": {
            "count": 1282000021,
            "rate": 11654181.86821951
        },
        "iteration_duration": {
            "max": 2358.316569,
            "p(90)": 450.016052,
            "p(95)": 515.1586845999989,
            "avg": 248.82102954527778,
            "min": 1.693495,
            "med": 212.344427
        }
    },
    "root_group": {
        "name": "",
        "path": "",
        "id": "d41d8cd98f00b204e9800998ecf8427e",
        "groups": {},
        "checks": {}
    }
}