{
    "root_group": {
        "name": "",
        "path": "",
        "id": "d41d8cd98f00b204e9800998ecf8427e",
        "groups": {},
        "checks": {}
    },
    "metrics": {
        "vus_max": {
            "value": 200,
            "min": 200,
            "max": 200
        },
        "iteration_duration": {
            "avg": 248.931720547333,
            "min": 1.979424,
            "med": 211.9406795,
            "max": 2299.686812,
            "p(90)": 449.19075250000003,
            "p(95)": 513.68081125
        },
        "http_req_connecting": {
            "min": 0,
            "med": 0,
            "max": 113.074639,
            "p(90)": 0,
            "p(95)": 0,
            "avg": 0.01565381489816726
        },
        "http_req_receiving": {
            "avg": 229.42287501755536,
            "min": 0.005691,
            "med": 190.78040449999997,
            "max": 2281.997587,
            "p(90)": 429.35071849999997,
            "p(95)": 494.1557395
        },
        "http_req_failed": {
            "passes": 81,
            "fails": 80345,
            "value": 0.001007136995498968
        },
        "data_sent": {
            "count": 8656309,
            "rate": 78691.3951817866
        },
        "http_req_tls_handshaking": {
            "p(90)": 0,
            "p(95)": 0,
            "avg": 0,
            "min": 0,
            "med": 0,
            "max": 0
        },
        "http_req_waiting": {
            "med": 17.048789,
            "max": 822.557307,
            "p(90)": 22.489231500000002,
            "p(95)": 56.503165249999995,
            "avg": 19.45050860901939,
            "min": 1.435986
        },
        "http_req_duration": {
            "max": 2299.651676,
            "p(90)": 449.14560700000004,
            "p(95)": 513.59493975,
            "avg": 248.87690534659544,
            "min": 1.954708,
            "med": 211.89202799999998
        },
        "http_req_duration{expected_response:true}": {
            "min": 1.954708,
            "med": 212.021989,
            "max": 2299.651676,
            "p(90)": 449.27250100000003,
            "p(95)": 513.7387660000002,
            "avg": 249.08812490562298
        },
        "http_req_blocked": {
            "max": 113.092731,
            "p(90)": 0.000961,
            "p(95)": 0.001095,
            "avg": 0.016362267861140607,
            "min": 0.000359,
            "med": 0.000545
        },
        "http_req_sending": {
            "max": 0.239022,
            "p(90)": 0.004731,
            "p(95)": 0.005359,
            "avg": 0.0035217200159152473,
            "min": 0.001964,
            "med": 0.003155
        },
        "iterations": {
            "count": 80426,
            "rate": 731.1238714896118
        },
        "http_reqs": {
            "count": 80426,
            "rate": 731.1238714896118
        },
        "data_received": {
            "count": 1281543363,
            "rate": 11650050.295157995
        },
        "vus": {
            "value": 1,
            "min": 1,
            "max": 200
        }
    }
}