{
    "metrics": {
        "http_req_blocked": {
            "max": 1017.441887,
            "p(90)": 0.001001,
            "p(95)": 0.001131,
            "avg": 0.04723181923411495,
            "min": 0.000383,
            "med": 0.000581
        },
        "http_reqs": {
            "count": 80430,
            "rate": 731.1580175659118
        },
        "iterations": {
            "rate": 731.1580175659118,
            "count": 80430
        },
        "vus": {
            "min": 1,
            "max": 200,
            "value": 1
        },
        "http_req_sending": {
            "max": 0.211277,
            "p(90)": 0.004929,
            "p(95)": 0.005592,
            "avg": 0.0036863332090016367,
            "min": 0.002043,
            "med": 0.003322
        },
        "http_req_failed": {
            "passes": 81,
            "fails": 80349,
            "value": 0.0010070869078701978
        },
        "http_req_duration": {
            "avg": 248.8329837176171,
            "min": 1.958163,
            "med": 211.86553600000002,
            "max": 2882.249835,
            "p(90)": 452.9660376000002,
            "p(95)": 515.31854675
        },
        "data_sent": {
            "count": 8656741,
            "rate": 78695.08377647083
        },
        "http_req_connecting": {
            "min": 0,
            "med": 0,
            "max": 1017.417035,
            "p(90)": 0,
            "p(95)": 0,
            "avg": 0.04648740402834764
        },
        "iteration_duration": {
            "med": 211.9205485,
            "max": 2882.28614,
            "p(90)": 453.0666520000001,
            "p(95)": 515.41464265,
            "avg": 248.91943530213715,
            "min": 1.981338
        },
        "vus_max": {
            "value": 200,
            "min": 200,
            "max": 200
        },
        "http_req_waiting": {
            "avg": 19.412242369054,
            "min": 1.452284,
            "med": 17.0705795,
            "max": 826.293492,
            "p(90)": 23.161432900000015,
            "p(95)": 56.02330295
        },
        "data_received": {
            "count": 1281664472,
            "rate": 11651115.933509648
        },
        "http_req_receiving": {
            "min": 0.004974,
            "med": 190.588829,
            "max": 2864.844896,
            "p(90)": 432.18541940000006,
            "p(95)": 494.30913570000007,
            "avg": 229.4170550153552
        },
        "http_req_duration{expected_response:true}": {
            "avg": 249.03982301431176,
            "min": 1.958163,
            "med": 211.979226,
            "max": 2882.249835,
            "p(90)": 453.1824772,
            "p(95)": 515.3864869999998
        },
        "http_req_tls_handshaking": {
            "max": 0,
            "p(90)": 0,
            "p(95)": 0,
            "avg": 0,
            "min": 0,
            "med": 0
        }
    },
    "root_group": {
        "name": "",
        "path": "",
        "id": "d41d8cd98f00b204e9800998ecf8427e",
        "groups": {},
        "checks": {}
    }
}