{
    "root_group": {
        "id": "d41d8cd98f00b204e9800998ecf8427e",
        "groups": {},
        "checks": {},
        "name": "",
        "path": ""
    },
    "metrics": {
        "http_req_tls_handshaking": {
            "max": 0,
            "p(90)": 0,
            "p(95)": 0,
            "avg": 0,
            "min": 0,
            "med": 0
        },
        "data_received": {
            "rate": 11652352.520128526,
            "count": 1281771595
        },
        "vus": {
            "value": 1,
            "min": 1,
            "max": 200
        },
        "http_req_receiving": {
            "avg": 229.31112218775118,
            "min": 0.005278,
            "med": 189.61988250000002,
            "max": 2042.12624,
            "p(90)": 431.0356805,
            "p(95)": 495.3293645
        },
        "http_req_duration": {
            "min": 2.023531,
            "med": 211.13158149999998,
            "max": 2060.845255,
            "p(90)": 451.71010750000005,
            "p(95)": 515.8200302500001,
            "avg": 248.7652812575358
        },
        "http_req_blocked": {
            "min": 0.000366,
            "med": 0.000549,
            "max": 1034.389161,
            "p(90)": 0.000971,
            "p(95)": 0.001104,
            "avg": 0.07006902563528393
        },
        "http_req_sending": {
            "min": 0.001856,
            "med": 0.00314,
            "max": 0.13386,
            "p(90)": 0.004714,
            "p(95)": 0.00532,
            "avg": 0.0034883512979263297
        },
        "http_req_duration{expected_response:true}": {
            "med": 211.347291,
            "max": 2060.845255,
            "p(90)": 451.7996524,
            "p(95)": 515.844329,
            "avg": 248.98282881080382,
            "min": 2.023531
        },
        "http_req_connecting": {
            "min": 0,
            "med": 0,
            "max": 1034.357959,
            "p(90)": 0,
            "p(95)": 0,
            "avg": 0.06935772488686658
        },
        "vus_max": {
            "max": 200,
            "value": 200,
            "min": 200
        },
        "iterations": {
            "count": 80436,
            "rate": 731.2290512328432
        },
        "http_reqs": {
            "count": 80436,
            "rate": 731.2290512328432
        },
        "http_req_failed": {
            "fails": 80355,
            "passes": 81,
            "value": 0.0010070117857675668
        },
        "iteration_duration": {
            "p(95)": 515.87883025,
            "avg": 248.87338834130205,
            "min": 2.048,
            "med": 211.2166645,
            "max": 2060.879196,
            "p(90)": 451.8276755
        },
        "http_req_waiting": {
            "avg": 19.450670718484375,
            "min": 1.130477,
            "med": 17.077821,
            "max": 994.555317,
            "p(90)": 23.370601,
            "p(95)": 56.507312999999996
        },
        "data_sent": {
            "count": 8657379,
            "rate": 78702.65841579816
        }
    }
}