{
    "metrics": {
        "http_req_waiting": {
            "max": 838.978195,
            "p(90)": 23.113304200000012,
            "p(95)": 56.181465,
            "avg": 19.555936389042927,
            "min": 1.494572,
            "med": 17.029907
        },
        "iterations": {
            "count": 80405,
            "rate": 730.9343409741371
        },
        "http_req_duration{expected_response:true}": {
            "avg": 249.0747848367337,
            "min": 2.069397,
            "med": 211.9624125,
            "max": 2436.283315,
            "p(90)": 449.66679259999995,
            "p(95)": 513.9485240499997
        },
        "http_req_connecting": {
            "avg": 0.05620828732044026,
            "min": 0,
            "med": 0,
            "max": 1029.496048,
            "p(90)": 0,
            "p(95)": 0
        },
        "vus": {
            "value": 1,
            "min": 1,
            "max": 200
        },
        "iteration_duration": {
            "avg": 248.9643603221227,
            "min": 2.095839,
            "med": 211.910605,
            "max": 2436.31759,
            "p(90)": 449.62088620000014,
            "p(95)": 513.9827610000001
        },
        "http_req_duration": {
            "p(95)": 513.8916946,
            "avg": 248.86976154158077,
            "min": 2.069397,
            "med": 211.837277,
            "max": 2436.283315,
            "p(90)": 449.5197886
        },
        "vus_max": {
            "value": 200,
            "min": 200,
            "max": 200
        },
        "data_sent": {
            "count": 8654060,
            "rate": 78671.0981014942
        },
        "http_req_blocked": {
            "avg": 0.056905147055528515,
            "min": 0.000365,
            "med": 0.000539,
            "max": 1029.518403,
            "p(90)": 0.000958,
            "p(95)": 0.001089
        },
        "http_req_failed": {
            "passes": 81,
            "fails": 80324,
            "value": 0.0010074000373111124
        },
        "data_received": {
            "count": 1281275597,
            "rate": 11647638.00882332
        },
        "http_req_receiving": {
            "p(90)": 429.4356632,
            "p(95)": 493.6666728,
            "avg": 229.31034757636897,
            "min": 0.004711,
            "med": 191.013051,
            "max": 2417.837824
        },
        "http_reqs": {
            "count": 80405,
            "rate": 730.9343409741371
        },
        "http_req_tls_handshaking": {
            "p(90)": 0,
            "p(95)": 0,
            "avg": 0,
            "min": 0,
            "med": 0,
            "max": 0
        },
        "http_req_sending": {
            "p(90)": 0.004628,
            "p(95)": 0.005288,
            "avg": 0.0034775761706361394,
            "min": 0.001844,
            "med": 0.003138,
            "max": 0.176831
        }
    },
    "root_group": {
        "name": "",
        "path": "",
        "id": "d41d8cd98f00b204e9800998ecf8427e",
        "groups": {},
        "checks": {}
    }
}