{
    "root_group": {
        "id": "d41d8cd98f00b204e9800998ecf8427e",
        "groups": {},
        "checks": {},
        "name": "",
        "path": ""
    },
    "metrics": {
        "http_req_tls_handshaking": {
            "p(90)": 0,
            "p(95)": 0,
            "avg": 0,
            "min": 0,
            "med": 0,
            "max": 0
        },
        "vus": {
            "value": 1,
            "min": 1,
            "max": 200
        },
        "data_received": {
            "count": 1223672239,
            "rate": 11124163.719120549
        },
        "http_req_failed": {
            "passes": 77,
            "fails": 76713,
            "value": 0.0010027347310847766
        },
        "http_reqs": {
            "count": 76790,
            "rate": 698.0827910988238
        },
        "http_req_duration{expected_response:true}": {
            "max": 8184.820708,
            "p(90)": 486.28121240000036,
            "p(95)": 585.7014351999999,
            "avg": 260.6639785102144,
            "min": 3.646206,
            "med": 208.034038
        },
        "http_req_receiving": {
            "med": 182.612796,
            "max": 8158.059374,
            "p(90)": 458.51547620000014,
            "p(95)": 551.3218816500001,
            "avg": 235.07376086896866,
            "min": 0.006479
        },
        "http_req_duration": {
            "med": 207.84217999999998,
            "max": 8184.820708,
            "p(90)": 486.0284229,
            "p(95)": 585.5826835500002,
            "avg": 260.4451281085699,
            "min": 3.646206
        },
        "iteration_duration": {
            "avg": 260.71796341833544,
            "min": 3.677706,
            "med": 208.01753100000002,
            "max": 8184.864845,
            "p(90)": 486.5193099000001,
            "p(95)": 586.1925512500002
        },
        "vus_max": {
            "value": 200,
            "min": 200,
            "max": 200
        },
        "http_req_sending": {
            "avg": 0.0054023574814429315,
            "min": 0.001987,
            "med": 0.004463,
            "max": 0.510335,
            "p(90)": 0.00729,
            "p(95)": 0.010489100000000006
        },
        "http_req_waiting": {
            "avg": 25.36596488211981,
            "min": 2.878373,
            "med": 16.785726,
            "max": 2118.785452,
            "p(90)": 51.7412545,
            "p(95)": 81.67113085000003
        },
        "http_req_blocked": {
            "avg": 0.21729330972783734,
            "min": 0.000358,
            "med": 0.000819,
            "max": 1059.657104,
            "p(90)": 0.001398,
            "p(95)": 0.001699
        },
        "http_req_connecting": {
            "avg": 0.21615515615314498,
            "min": 0,
            "med": 0,
            "max": 1059.626463,
            "p(90)": 0,
            "p(95)": 0
        },
        "data_sent": {
            "count": 8264970,
            "rate": 75135.21716301661
        },
        "iterations": {
            "count": 76790,
            "rate": 698.0827910988238
        }
    }
}