{
    "root_group": {
        "name": "",
        "path": "",
        "id": "d41d8cd98f00b204e9800998ecf8427e",
        "groups": {},
        "checks": {}
    },
    "metrics": {
        "http_req_failed": {
            "passes": 81,
            "fails": 80410,
            "value": 0.001006323688362674
        },
        "vus_max": {
            "min": 200,
            "max": 200,
            "value": 200
        },
        "data_received": {
            "count": 1282663108,
            "rate": 11660525.628927568
        },
        "http_req_sending": {
            "avg": 0.003543259668782857,
            "min": 0.001972,
            "med": 0.003174,
            "max": 0.194291,
            "p(90)": 0.00477,
            "p(95)": 0.005415
        },
        "data_sent": {
            "count": 8663314,
            "rate": 78757.07525880366
        },
        "http_req_connecting": {
            "min": 0,
            "med": 0,
            "max": 1008.702563,
            "p(90)": 0,
            "p(95)": 0,
            "avg": 0.03105040954889367
        },
        "http_req_receiving": {
            "avg": 229.32245752716653,
            "min": 0.005547,
            "med": 190.285932,
            "max": 2023.310201,
            "p(90)": 430.275335,
            "p(95)": 493.706826
        },
        "http_req_blocked": {
            "max": 1008.727532,
            "p(90)": 0.000972,
            "p(95)": 0.001111,
            "avg": 0.031752071610491005,
            "min": 0.000352,
            "med": 0.000542
        },
        "vus": {
            "min": 1,
            "max": 200,
            "value": 1
        },
        "http_reqs": {
            "count": 80491,
            "rate": 731.7333464602998
        },
        "http_req_tls_handshaking": {
            "avg": 0,
            "min": 0,
            "med": 0,
            "max": 0,
            "p(90)": 0,
            "p(95)": 0
        },
        "iteration_duration": {
            "min": 1.952399,
            "med": 211.339951,
            "max": 2031.298572,
            "p(90)": 450.917486,
            "p(95)": 513.3901490000001,
            "avg": 248.69857942707898
        },
        "iterations": {
            "count": 80491,
            "rate": 731.7333464602998
        },
        "http_req_waiting": {
            "max": 751.603669,
            "p(90)": 21.216267,
            "p(95)": 55.877157,
            "avg": 19.302693405573223,
            "min": 1.401821,
            "med": 17.041692
        },
        "http_req_duration": {
            "p(95)": 513.30886,
            "avg": 248.62869419240758,
            "min": 1.926135,
            "med": 211.260476,
            "max": 2031.254128,
            "p(90)": 450.835624
        },
        "http_req_duration{expected_response:true}": {
            "p(95)": 513.3882677500001,
            "avg": 248.82877399957812,
            "min": 1.926135,
            "med": 211.391175,
            "max": 2031.254128,
            "p(90)": 450.92783290000006
        }
    }
}