{
    "metrics": {
        "vus": {
            "value": 1,
            "min": 1,
            "max": 200
        },
        "http_req_receiving": {
            "max": 2022.701258,
            "p(90)": 432.56406460000017,
            "p(95)": 494.95272029999995,
            "avg": 229.54956124987658,
            "min": 0.004966,
            "med": 190.246958
        },
        "http_reqs": {
            "count": 80427,
            "rate": 731.1330620998687
        },
        "http_req_connecting": {
            "p(95)": 0,
            "avg": 0.04115417611001279,
            "min": 0,
            "med": 0,
            "max": 1011.236694,
            "p(90)": 0
        },
        "http_req_waiting": {
            "p(90)": 21.121781600000027,
            "p(95)": 55.87544389999999,
            "avg": 19.27236518038726,
            "min": 1.282473,
            "med": 17.064896,
            "max": 757.812201
        },
        "http_req_sending": {
            "min": 0.002047,
            "med": 0.003298,
            "max": 0.195686,
            "p(90)": 0.004881400000000009,
            "p(95)": 0.005574,
            "avg": 0.0036611464433585874
        },
        "http_req_blocked": {
            "min": 0.000393,
            "med": 0.000582,
            "max": 1011.259409,
            "p(90)": 0.001001,
            "p(95)": 0.001137,
            "avg": 0.04190259884118312
        },
        "data_received": {
            "count": 1281576571,
            "rate": 11650353.770135397
        },
        "vus_max": {
            "min": 200,
            "max": 200,
            "value": 200
        },
        "http_req_failed": {
            "passes": 81,
            "fails": 80346,
            "value": 0.0010071244731246968
        },
        "iteration_duration": {
            "med": 211.135328,
            "max": 2037.985544,
            "p(90)": 452.18573700000013,
            "p(95)": 515.8304762,
            "avg": 248.90685740250282,
            "min": 1.971184
        },
        "data_sent": {
            "count": 8656417,
            "rate": 78692.38773077895
        },
        "http_req_tls_handshaking": {
            "med": 0,
            "max": 0,
            "p(90)": 0,
            "p(95)": 0,
            "avg": 0,
            "min": 0
        },
        "iterations": {
            "count": 80427,
            "rate": 731.1330620998687
        },
        "http_req_duration{expected_response:true}": {
            "avg": 249.0455933296577,
            "min": 1.940085,
            "med": 211.23715950000002,
            "max": 2037.946505,
            "p(90)": 452.20619350000004,
            "p(95)": 515.797078
        },
        "http_req_duration": {
            "p(95)": 515.7687556999999,
            "avg": 248.82558757670526,
            "min": 1.940085,
            "med": 211.072874,
            "max": 2037.946505,
            "p(90)": 452.1362466
        }
    },
    "root_group": {
        "name": "",
        "path": "",
        "id": "d41d8cd98f00b204e9800998ecf8427e",
        "groups": {},
        "checks": {}
    }
}