{
    "root_group": {
        "path": "",
        "id": "d41d8cd98f00b204e9800998ecf8427e",
        "groups": {},
        "checks": {},
        "name": ""
    },
    "metrics": {
        "http_req_receiving": {
            "avg": 229.46079790109445,
            "min": 0.006108,
            "med": 190.760475,
            "max": 2545.928406,
            "p(90)": 430.924721,
            "p(95)": 494.331449
        },
        "http_req_failed": {
            "passes": 81,
            "fails": 80380,
            "value": 0.0010066988976025653
        },
        "http_req_waiting": {
            "p(95)": 55.945926,
            "avg": 19.276416057083598,
            "min": 1.243162,
            "med": 16.995414,
            "max": 808.230553,
            "p(90)": 21.002544
        },
        "http_req_connecting": {
            "min": 0,
            "med": 0,
            "max": 1024.056653,
            "p(90)": 0,
            "p(95)": 0,
            "avg": 0.030851462907495554
        },
        "data_sent": {
            "count": 8660079,
            "rate": 78727.04058925835
        },
        "http_req_tls_handshaking": {
            "avg": 0,
            "min": 0,
            "med": 0,
            "max": 0,
            "p(90)": 0,
            "p(95)": 0
        },
        "iteration_duration": {
            "avg": 248.81203848997933,
            "min": 2.021415,
            "med": 211.84493,
            "max": 2564.955553,
            "p(90)": 451.641993,
            "p(95)": 514.644249
        },
        "vus_max": {
            "value": 200,
            "min": 200,
            "max": 200
        },
        "data_received": {
            "rate": 11655619.949618453,
            "count": 1282133671
        },
        "iterations": {
            "rate": 731.4548069194653,
            "count": 80461
        },
        "http_req_duration{expected_response:true}": {
            "p(90)": 451.65496640000003,
            "p(95)": 514.74713665,
            "avg": 248.945031290722,
            "min": 1.98258,
            "med": 211.9281145,
            "max": 2564.915942
        },
        "vus": {
            "value": 1,
            "min": 1,
            "max": 200
        },
        "http_req_blocked": {
            "min": 0.000383,
            "med": 0.000582,
            "max": 1024.079177,
            "p(90)": 0.001008,
            "p(95)": 0.001138,
            "avg": 0.03159882474739144
        },
        "http_req_sending": {
            "avg": 0.0036884996582194746,
            "min": 0.002093,
            "med": 0.003318,
            "max": 0.27394,
            "p(90)": 0.004945,
            "p(95)": 0.005593
        },
        "http_reqs": {
            "count": 80461,
            "rate": 731.4548069194653
        },
        "http_req_duration": {
            "avg": 248.74090245783972,
            "min": 1.98258,
            "med": 211.784326,
            "max": 2564.915942,
            "p(90)": 451.567861,
            "p(95)": 514.593947
        }
    }
}