{
    "metrics": {
        "http_req_duration{expected_response:true}": {
            "p(95)": 515.24426925,
            "avg": 248.81452521990417,
            "min": 1.665193,
            "med": 211.57207599999998,
            "max": 2326.309544,
            "p(90)": 450.77201249999996
        },
        "http_req_blocked": {
            "p(90)": 0.000965,
            "p(95)": 0.001101,
            "avg": 0.03176155261033166,
            "min": 0.000353,
            "med": 0.00054,
            "max": 1013.437755
        },
        "vus": {
            "max": 200,
            "value": 1,
            "min": 1
        },
        "iteration_duration": {
            "avg": 248.66636826437656,
            "min": 1.694852,
            "med": 211.418997,
            "max": 2326.353243,
            "p(90)": 450.7213928000001,
            "p(95)": 515.1859636999998
        },
        "vus_max": {
            "value": 200,
            "min": 200,
            "max": 200
        },
        "data_received": {
            "count": 1282861280,
            "rate": 11662271.64740051
        },
        "http_req_waiting": {
            "avg": 19.324705633572194,
            "min": 1.380411,
            "med": 17.01034,
            "max": 849.31992,
            "p(90)": 21.273911000000034,
            "p(95)": 56.113662399999974
        },
        "http_req_receiving": {
            "p(95)": 494.1200685999999,
            "avg": 229.26867645911642,
            "min": 0.005236,
            "med": 190.569882,
            "max": 2318.636755,
            "p(90)": 431.30421980000006
        },
        "data_sent": {
            "rate": 78772.31824895216,
            "count": 8665032
        },
        "http_req_duration": {
            "avg": 248.59688817123995,
            "min": 1.665193,
            "med": 211.370684,
            "max": 2326.309544,
            "p(90)": 450.6776798,
            "p(95)": 515.0884395999999
        },
        "http_req_tls_handshaking": {
            "avg": 0,
            "min": 0,
            "med": 0,
            "max": 0,
            "p(90)": 0,
            "p(95)": 0
        },
        "http_req_sending": {
            "avg": 0.003506078552175559,
            "min": 0.001917,
            "med": 0.003153,
            "max": 0.196801,
            "p(90)": 0.004693,
            "p(95)": 0.005323
        },
        "http_req_connecting": {
            "avg": 0.031060904815730317,
            "min": 0,
            "med": 0,
            "max": 1013.415732,
            "p(90)": 0,
            "p(95)": 0
        },
        "http_req_failed": {
            "passes": 81,
            "fails": 80426,
            "value": 0.0010061236911076056
        },
        "iterations": {
            "count": 80507,
            "rate": 731.8753150903991
        },
        "http_reqs": {
            "count": 80507,
            "rate": 731.8753150903991
        }
    },
    "root_group": {
        "name": "",
        "path": "",
        "id": "d41d8cd98f00b204e9800998ecf8427e",
        "groups": {},
        "checks": {}
    }
}