{
    "metrics": {
        "data_received": {
            "count": 1281706398,
            "rate": 11651831.162195517
        },
        "http_reqs": {
            "count": 80432,
            "rate": 731.1971645769297
        },
        "vus_max": {
            "value": 200,
            "min": 200,
            "max": 200
        },
        "http_req_sending": {
            "avg": 0.0035204239357469968,
            "min": 0.001976,
            "med": 0.003171,
            "max": 0.111535,
            "p(90)": 0.004746,
            "p(95)": 0.005378
        },
        "http_req_waiting": {
            "avg": 19.31702919326881,
            "min": 1.080431,
            "med": 17.0055285,
            "max": 515.330956,
            "p(90)": 22.421692200000276,
            "p(95)": 56.119402449999995
        },
        "http_req_duration": {
            "med": 211.032183,
            "max": 2420.737994,
            "p(90)": 451.6160557000002,
            "p(95)": 514.70525315,
            "avg": 248.76458632585417,
            "min": 1.665429
        },
        "data_sent": {
            "count": 8656952,
            "rate": 78699.2584578101
        },
        "http_req_duration{expected_response:true}": {
            "p(90)": 451.740311,
            "p(95)": 514.7893575,
            "avg": 248.9850394276625,
            "min": 1.665429,
            "med": 211.20058,
            "max": 2420.737994
        },
        "http_req_receiving": {
            "avg": 229.44403670864668,
            "min": 0.005264,
            "med": 190.6138065,
            "max": 2404.685222,
            "p(90)": 431.14972740000013,
            "p(95)": 494.0687981
        },
        "iteration_duration": {
            "med": 211.1048545,
            "max": 2420.782029,
            "p(90)": 451.75989930000003,
            "p(95)": 514.77134245,
            "avg": 248.8828831346226,
            "min": 1.709202
        },
        "http_req_blocked": {
            "med": 0.000544,
            "max": 1075.010082,
            "p(90)": 0.000964,
            "p(95)": 0.0011,
            "avg": 0.07988878435199864,
            "min": 0.000358
        },
        "vus": {
            "value": 1,
            "min": 1,
            "max": 200
        },
        "http_req_connecting": {
            "avg": 0.07918696551123931,
            "min": 0,
            "med": 0,
            "max": 1074.980521,
            "p(90)": 0,
            "p(95)": 0
        },
        "http_req_tls_handshaking": {
            "max": 0,
            "p(90)": 0,
            "p(95)": 0,
            "avg": 0,
            "min": 0,
            "med": 0
        },
        "http_req_failed": {
            "passes": 81,
            "fails": 80351,
            "value": 0.0010070618659240103
        },
        "iterations": {
            "count": 80432,
            "rate": 731.1971645769297
        }
    },
    "root_group": {
        "name": "",
        "path": "",
        "id": "d41d8cd98f00b204e9800998ecf8427e",
        "groups": {},
        "checks": {}
    }
}