{
    "root_group": {
        "groups": {},
        "checks": {},
        "name": "",
        "path": "",
        "id": "d41d8cd98f00b204e9800998ecf8427e"
    },
    "metrics": {
        "http_req_failed": {
            "passes": 81,
            "fails": 80389,
            "value": 0.0010065863054554492
        },
        "http_req_tls_handshaking": {
            "med": 0,
            "max": 0,
            "p(90)": 0,
            "p(95)": 0,
            "avg": 0,
            "min": 0
        },
        "vus_max": {
            "min": 200,
            "max": 200,
            "value": 200
        },
        "http_req_duration{expected_response:true}": {
            "avg": 248.92867927011258,
            "min": 1.987863,
            "med": 211.845058,
            "max": 2003.603091,
            "p(90)": 452.0709302,
            "p(95)": 515.8702913999998
        },
        "iterations": {
            "count": 80470,
            "rate": 731.5294898520262
        },
        "http_req_sending": {
            "max": 0.373525,
            "p(90)": 0.004721100000000006,
            "p(95)": 0.005327,
            "avg": 0.003498661277494741,
            "min": 0.001811,
            "med": 0.003136
        },
        "iteration_duration": {
            "min": 2.011437,
            "med": 211.729342,
            "max": 2003.646731,
            "p(90)": 452.0898726,
            "p(95)": 515.8915182500001,
            "avg": 248.77259103325363
        },
        "vus": {
            "max": 200,
            "value": 1,
            "min": 1
        },
        "data_sent": {
            "rate": 78735.10897989788,
            "count": 8661051
        },
        "data_received": {
            "count": 1282295217,
            "rate": 11656974.846920634
        },
        "http_req_waiting": {
            "med": 17.029365499999997,
            "max": 767.714133,
            "p(90)": 21.193354500000023,
            "p(95)": 56.03480335000003,
            "avg": 19.370019724120702,
            "min": 1.332114
        },
        "http_req_receiving": {
            "avg": 229.33842907100697,
            "min": 0.004516,
            "med": 190.7461525,
            "max": 1985.427394,
            "p(90)": 431.52386410000037,
            "p(95)": 495.28823145
        },
        "http_req_duration": {
            "min": 1.987863,
            "med": 211.68976099999998,
            "max": 2003.603091,
            "p(90)": 452.0461498,
            "p(95)": 515.8533738,
            "avg": 248.71194745640713
        },
        "http_reqs": {
            "count": 80470,
            "rate": 731.5294898520262
        },
        "http_req_blocked": {
            "avg": 0.023126273356531214,
            "min": 0.000356,
            "med": 0.00054,
            "max": 97.119661,
            "p(90)": 0.000972,
            "p(95)": 0.001112
        },
        "http_req_connecting": {
            "p(95)": 0,
            "avg": 0.02242325846899465,
            "min": 0,
            "med": 0,
            "max": 97.087312,
            "p(90)": 0
        }
    }
}