{
    "root_group": {
        "name": "",
        "path": "",
        "id": "d41d8cd98f00b204e9800998ecf8427e",
        "groups": {},
        "checks": {}
    },
    "metrics": {
        "http_reqs": {
            "count": 80455,
            "rate": 731.4057146139785
        },
        "http_req_connecting": {
            "med": 0,
            "max": 1022.474518,
            "p(90)": 0,
            "p(95)": 0,
            "avg": 0.04569524869802997,
            "min": 0
        },
        "http_req_duration": {
            "p(90)": 451.4589934,
            "p(95)": 514.6468656000001,
            "avg": 248.74510072550018,
            "min": 2.004067,
            "med": 211.582345,
            "max": 1958.250433
        },
        "http_req_failed": {
            "passes": 81,
            "fails": 80374,
            "value": 0.001006773973028401
        },
        "vus": {
            "value": 1,
            "min": 1,
            "max": 200
        },
        "vus_max": {
            "min": 200,
            "max": 200,
            "value": 200
        },
        "http_req_sending": {
            "avg": 0.003524540165309786,
            "min": 0.0019,
            "med": 0.003163,
            "max": 0.149346,
            "p(90)": 0.004732,
            "p(95)": 0.005381300000000003
        },
        "http_req_receiving": {
            "avg": 229.40742767589103,
            "min": 0.005715,
            "med": 190.553942,
            "max": 1896.83684,
            "p(90)": 431.17180099999996,
            "p(95)": 493.8188935
        },
        "http_req_blocked": {
            "min": 0.000363,
            "med": 0.000546,
            "max": 1022.495446,
            "p(90)": 0.00097,
            "p(95)": 0.001109,
            "avg": 0.04640308583680199
        },
        "http_req_duration{expected_response:true}": {
            "max": 1958.250433,
            "p(90)": 451.4879131,
            "p(95)": 514.8072855999991,
            "avg": 248.96534443233028,
            "min": 2.004067,
            "med": 211.75323500000002
        },
        "iterations": {
            "count": 80455,
            "rate": 731.4057146139785
        },
        "http_req_waiting": {
            "avg": 19.334148509439963,
            "min": 1.376828,
            "med": 17.037117,
            "max": 1638.405725,
            "p(90)": 21.016028600000027,
            "p(95)": 55.949387100000024
        },
        "data_received": {
            "count": 1282054742,
            "rate": 11654989.30764713
        },
        "http_req_tls_handshaking": {
            "min": 0,
            "med": 0,
            "max": 0,
            "p(90)": 0,
            "p(95)": 0,
            "avg": 0
        },
        "data_sent": {
            "count": 8659431,
            "rate": 78721.73660686643
        },
        "iteration_duration": {
            "avg": 248.82941298205088,
            "min": 2.038882,
            "med": 211.653101,
            "max": 1958.284203,
            "p(90)": 451.499598,
            "p(95)": 514.7294537000002
        }
    }
}