{
    "root_group": {
        "name": "",
        "path": "",
        "id": "d41d8cd98f00b204e9800998ecf8427e",
        "groups": {},
        "checks": {}
    },
    "metrics": {
        "http_reqs": {
            "count": 80406,
            "rate": 730.9606155227006
        },
        "http_req_blocked": {
            "avg": 0.05587280035071659,
            "min": 0.000356,
            "med": 0.00057,
            "max": 1025.894123,
            "p(90)": 0.001006,
            "p(95)": 0.001186
        },
        "data_received": {
            "count": 1281320854,
            "rate": 11648323.26097446
        },
        "http_req_receiving": {
            "avg": 229.6409256278675,
            "min": 0.006282,
            "med": 191.4842305,
            "max": 2184.489921,
            "p(90)": 430.9464345,
            "p(95)": 495.0629715
        },
        "http_req_waiting": {
            "med": 17.031298,
            "max": 808.591712,
            "p(90)": 20.990122,
            "p(95)": 55.8144785,
            "avg": 19.216220684227743,
            "min": 1.398561
        },
        "vus_max": {
            "value": 200,
            "min": 200,
            "max": 200
        },
        "http_req_connecting": {
            "avg": 0.05510791853841754,
            "min": 0,
            "med": 0,
            "max": 1025.866972,
            "p(90)": 0,
            "p(95)": 0
        },
        "http_req_failed": {
            "passes": 81,
            "fails": 80325,
            "value": 0.0010073875083948958
        },
        "data_sent": {
            "rate": 78673.92940970647,
            "count": 8654168
        },
        "http_req_duration": {
            "min": 2.01364,
            "med": 212.33928650000001,
            "max": 2193.451043,
            "p(90)": 451.272807,
            "p(95)": 515.9470524999999,
            "avg": 248.86096991926166
        },
        "http_req_tls_handshaking": {
            "avg": 0,
            "min": 0,
            "med": 0,
            "max": 0,
            "p(90)": 0,
            "p(95)": 0
        },
        "iterations": {
            "count": 80406,
            "rate": 730.9606155227006
        },
        "http_req_sending": {
            "avg": 0.003823607168619287,
            "min": 0.001891,
            "med": 0.003355,
            "max": 0.266481,
            "p(90)": 0.0051265,
            "p(95)": 0.005872
        },
        "vus": {
            "value": 1,
            "min": 1,
            "max": 200
        },
        "iteration_duration": {
            "avg": 248.9574859153792,
            "min": 2.093954,
            "med": 212.40387149999998,
            "max": 2193.492624,
            "p(90)": 451.384298,
            "p(95)": 515.9905605
        },
        "http_req_duration{expected_response:true}": {
            "med": 212.536639,
            "max": 2193.451043,
            "p(90)": 451.4247982,
            "p(95)": 515.9551302,
            "avg": 249.08133265790426,
            "min": 2.01364
        }
    }
}