{
    "root_group": {
        "checks": {},
        "name": "",
        "path": "",
        "id": "d41d8cd98f00b204e9800998ecf8427e",
        "groups": {}
    },
    "metrics": {
        "http_req_receiving": {
            "avg": 229.23221242922708,
            "min": 0.005527,
            "med": 190.353906,
            "max": 2155.643582,
            "p(90)": 430.05744000000004,
            "p(95)": 493.637982
        },
        "http_req_duration": {
            "max": 2174.406906,
            "p(90)": 450.28252620000023,
            "p(95)": 513.0375872000001,
            "avg": 248.66663125366833,
            "min": 2.099349,
            "med": 211.323392
        },
        "iteration_duration": {
            "p(95)": 513.3100666,
            "avg": 248.76209794836595,
            "min": 2.123714,
            "med": 211.39882,
            "max": 2174.443145,
            "p(90)": 450.3567612
        },
        "data_sent": {
            "count": 8661586,
            "rate": 78739.21443195103
        },
        "http_req_failed": {
            "passes": 81,
            "fails": 80394,
            "value": 0.0010065237651444548
        },
        "http_req_sending": {
            "avg": 0.0034831498726312434,
            "min": 0.001943,
            "med": 0.003139,
            "max": 0.308408,
            "p(90)": 0.004657,
            "p(95)": 0.005309
        },
        "http_req_blocked": {
            "max": 1029.056719,
            "p(90)": 0.000963,
            "p(95)": 0.001098,
            "avg": 0.057898118136063347,
            "min": 0.000361,
            "med": 0.000541
        },
        "http_req_connecting": {
            "avg": 0.057197973035104044,
            "min": 0,
            "med": 0,
            "max": 1029.037384,
            "p(90)": 0,
            "p(95)": 0
        },
        "data_received": {
            "count": 1282367564,
            "rate": 11657520.29736525
        },
        "http_req_duration{expected_response:true}": {
            "p(90)": 450.32853739999996,
            "p(95)": 513.2781718,
            "avg": 248.88288112735975,
            "min": 2.099349,
            "med": 211.5312225,
            "max": 2174.406906
        },
        "iterations": {
            "count": 80475,
            "rate": 731.5679000833403
        },
        "http_reqs": {
            "count": 80475,
            "rate": 731.5679000833403
        },
        "http_req_tls_handshaking": {
            "med": 0,
            "max": 0,
            "p(90)": 0,
            "p(95)": 0,
            "avg": 0,
            "min": 0
        },
        "vus_max": {
            "value": 200,
            "min": 200,
            "max": 200
        },
        "http_req_waiting": {
            "med": 17.037579,
            "max": 869.030772,
            "p(90)": 21.30787900000001,
            "p(95)": 56.337360700000005,
            "avg": 19.43093567456953,
            "min": 1.436678
        },
        "vus": {
            "min": 1,
            "max": 200,
            "value": 1
        }
    }
}