{
    "root_group": {
        "name": "",
        "path": "",
        "id": "d41d8cd98f00b204e9800998ecf8427e",
        "groups": {},
        "checks": {}
    },
    "metrics": {
        "http_req_duration": {
            "max": 2296.536304,
            "p(90)": 452.12544210000004,
            "p(95)": 515.9779188,
            "avg": 248.7449888902549,
            "min": 1.978978,
            "med": 210.774426
        },
        "http_req_tls_handshaking": {
            "min": 0,
            "med": 0,
            "max": 0,
            "p(90)": 0,
            "p(95)": 0,
            "avg": 0
        },
        "data_sent": {
            "count": 8659971,
            "rate": 78725.11890223561
        },
        "http_reqs": {
            "count": 80460,
            "rate": 731.4369836658665
        },
        "http_req_failed": {
            "passes": 81,
            "fails": 80379,
            "value": 0.0010067114093959733
        },
        "iterations": {
            "rate": 731.4369836658665,
            "count": 80460
        },
        "http_req_connecting": {
            "max": 1019.943615,
            "p(90)": 0,
            "p(95)": 0,
            "avg": 0.03309321288839175,
            "min": 0,
            "med": 0
        },
        "http_req_duration{expected_response:true}": {
            "max": 2296.536304,
            "p(90)": 452.19080139999994,
            "p(95)": 516.0202524,
            "avg": 248.95208259755546,
            "min": 1.978978,
            "med": 210.946803
        },
        "data_received": {
            "count": 1282148397,
            "rate": 11655614.667085582
        },
        "vus": {
            "min": 1,
            "max": 200,
            "value": 1
        },
        "http_req_blocked": {
            "min": 0.000365,
            "med": 0.00054,
            "max": 1019.969126,
            "p(90)": 0.00097,
            "p(95)": 0.001107,
            "avg": 0.03379415605269537
        },
        "http_req_sending": {
            "avg": 0.0035196406413124234,
            "min": 0.00188,
            "med": 0.003166,
            "max": 0.563719,
            "p(90)": 0.004755,
            "p(95)": 0.005378
        },
        "iteration_duration": {
            "avg": 248.81671554407222,
            "min": 2.001067,
            "med": 210.8582035,
            "max": 2296.572029,
            "p(90)": 452.17564860000005,
            "p(95)": 516.02905745
        },
        "http_req_waiting": {
            "p(95)": 57.070581400000016,
            "avg": 19.580641484414745,
            "min": 1.332529,
            "med": 17.021786,
            "max": 872.165838,
            "p(90)": 27.121340200000137
        },
        "http_req_receiving": {
            "min": 0.005559,
            "med": 189.24958850000002,
            "max": 2278.248837,
            "p(90)": 431.25266210000007,
            "p(95)": 495.06628225000014,
            "avg": 229.16082776520307
        },
        "vus_max": {
            "value": 200,
            "min": 200,
            "max": 200
        }
    }
}