{
    "root_group": {
        "path": "",
        "id": "d41d8cd98f00b204e9800998ecf8427e",
        "groups": {},
        "checks": {},
        "name": ""
    },
    "metrics": {
        "http_req_sending": {
            "med": 0.003124,
            "max": 0.209891,
            "p(90)": 0.004647300000000003,
            "p(95)": 0.005296,
            "avg": 0.0034618398742356908,
            "min": 0.001867
        },
        "http_req_duration": {
            "p(90)": 450.4663186,
            "p(95)": 514.9959307999998,
            "avg": 248.66967172481094,
            "min": 1.795584,
            "med": 211.7593385,
            "max": 2297.689223
        },
        "http_req_duration{expected_response:true}": {
            "avg": 248.89458475524765,
            "min": 1.795584,
            "med": 211.924518,
            "max": 2297.689223,
            "p(90)": 450.6196440000003,
            "p(95)": 515.1497676999999
        },
        "data_received": {
            "count": 1282260861,
            "rate": 11656787.449104832
        },
        "http_req_waiting": {
            "avg": 19.476460671658266,
            "min": 1.191889,
            "med": 16.9962585,
            "max": 821.063328,
            "p(90)": 22.631689700000013,
            "p(95)": 56.288627199999986
        },
        "data_sent": {
            "rate": 78733.98915727167,
            "count": 8660835
        },
        "http_reqs": {
            "count": 80468,
            "rate": 731.5191479236514
        },
        "http_req_tls_handshaking": {
            "p(90)": 0,
            "p(95)": 0,
            "avg": 0,
            "min": 0,
            "med": 0,
            "max": 0
        },
        "iteration_duration": {
            "max": 2297.725163,
            "p(90)": 450.5509766,
            "p(95)": 515.1797697499999,
            "avg": 248.74061280297667,
            "min": 1.818545,
            "med": 211.828044
        },
        "http_req_blocked": {
            "max": 1026.052994,
            "p(90)": 0.000956,
            "p(95)": 0.001087,
            "avg": 0.03343959365213372,
            "min": 0.000361,
            "med": 0.00054
        },
        "iterations": {
            "count": 80468,
            "rate": 731.5191479236514
        },
        "vus": {
            "value": 1,
            "min": 1,
            "max": 200
        },
        "http_req_connecting": {
            "p(90)": 0,
            "p(95)": 0,
            "avg": 0.03274156382661429,
            "min": 0,
            "med": 0,
            "max": 1026.029678
        },
        "http_req_receiving": {
            "max": 2220.793336,
            "p(90)": 429.7799732,
            "p(95)": 493.80060714999996,
            "avg": 229.1897492132767,
            "min": 0.005625,
            "med": 190.53961099999998
        },
        "http_req_failed": {
            "passes": 81,
            "fails": 80387,
            "value": 0.0010066113237560273
        },
        "vus_max": {
            "value": 200,
            "min": 200,
            "max": 200
        }
    }
}