{
    "metrics": {
        "http_req_waiting": {
            "p(95)": 55.80785109999998,
            "avg": 19.388870085062514,
            "min": 1.285945,
            "med": 16.999766,
            "max": 867.05662,
            "p(90)": 21.763521800000078
        },
        "iteration_duration": {
            "avg": 248.7404120438477,
            "min": 1.883175,
            "med": 211.3523925,
            "max": 2134.310105,
            "p(90)": 452.0651407000001,
            "p(95)": 515.83328465
        },
        "http_req_failed": {
            "passes": 81,
            "fails": 80401,
            "value": 0.0010064362217638728
        },
        "http_req_receiving": {
            "avg": 229.2768726525663,
            "min": 0.004371,
            "med": 190.0382255,
            "max": 2076.427024,
            "p(90)": 430.872029,
            "p(95)": 494.9651136
        },
        "vus": {
            "value": 1,
            "min": 1,
            "max": 200
        },
        "data_sent": {
            "count": 8662342,
            "rate": 78748.22478633185
        },
        "data_received": {
            "count": 1282485977,
            "rate": 11658913.259498922
        },
        "iterations": {
            "count": 80482,
            "rate": 731.6513971918403
        },
        "http_reqs": {
            "count": 80482,
            "rate": 731.6513971918403
        },
        "http_req_duration": {
            "avg": 248.66924125499983,
            "min": 1.860269,
            "med": 211.305971,
            "max": 2134.275392,
            "p(90)": 452.0158816000001,
            "p(95)": 515.7918830499999
        },
        "vus_max": {
            "value": 200,
            "min": 200,
            "max": 200
        },
        "http_req_sending": {
            "med": 0.003137,
            "max": 0.230996,
            "p(90)": 0.004741,
            "p(95)": 0.005372,
            "avg": 0.0034985173703437366,
            "min": 0.001876
        },
        "http_req_duration{expected_response:true}": {
            "p(90)": 452.087188,
            "p(95)": 515.810683,
            "avg": 248.8796608112076,
            "min": 1.860269,
            "med": 211.469424,
            "max": 2134.275392
        },
        "http_req_connecting": {
            "avg": 0.032776057242613246,
            "min": 0,
            "med": 0,
            "max": 1009.721415,
            "p(90)": 0,
            "p(95)": 0
        },
        "http_req_tls_handshaking": {
            "avg": 0,
            "min": 0,
            "med": 0,
            "max": 0,
            "p(90)": 0,
            "p(95)": 0
        },
        "http_req_blocked": {
            "avg": 0.033477213687531315,
            "min": 0.000363,
            "med": 0.000541,
            "max": 1009.744078,
            "p(90)": 0.000971,
            "p(95)": 0.001106949999999997
        }
    },
    "root_group": {
        "checks": {},
        "name": "",
        "path": "",
        "id": "d41d8cd98f00b204e9800998ecf8427e",
        "groups": {}
    }
}