{
    "root_group": {
        "name": "",
        "path": "",
        "id": "d41d8cd98f00b204e9800998ecf8427e",
        "groups": {},
        "checks": {}
    },
    "metrics": {
        "iteration_duration": {
            "avg": 248.89735610825963,
            "min": 1.948031,
            "med": 212.030042,
            "max": 1824.610837,
            "p(90)": 450.46355780000005,
            "p(95)": 514.5215171999998
        },
        "iterations": {
            "count": 80437,
            "rate": 731.2399060964761
        },
        "data_sent": {
            "count": 8657487,
            "rate": 78703.83008952923
        },
        "http_req_blocked": {
            "min": 0.000367,
            "med": 0.000551,
            "max": 1024.139922,
            "p(90)": 0.000972,
            "p(95)": 0.001108,
            "avg": 0.04479909770379234
        },
        "http_req_connecting": {
            "avg": 0.04408311635192756,
            "min": 0,
            "med": 0,
            "max": 1024.117428,
            "p(90)": 0,
            "p(95)": 0
        },
        "data_received": {
            "count": 1281750306,
            "rate": 11652187.095473098
        },
        "http_req_waiting": {
            "med": 17.0265,
            "max": 770.4125,
            "p(90)": 21.201198800000007,
            "p(95)": 56.23931819999998,
            "avg": 19.458105051879112,
            "min": 1.40208
        },
        "http_req_receiving": {
            "avg": 229.35230469169863,
            "min": 0.004531,
            "med": 190.731058,
            "max": 1816.807225,
            "p(90)": 430.40498640000004,
            "p(95)": 494.4649819999999
        },
        "vus_max": {
            "value": 200,
            "min": 200,
            "max": 200
        },
        "http_reqs": {
            "count": 80437,
            "rate": 731.2399060964761
        },
        "http_req_tls_handshaking": {
            "avg": 0,
            "min": 0,
            "med": 0,
            "max": 0,
            "p(90)": 0,
            "p(95)": 0
        },
        "http_req_duration{expected_response:true}": {
            "avg": 249.02517505325167,
            "min": 1.921725,
            "med": 212.166542,
            "max": 1824.554909,
            "p(90)": 450.55606550000005,
            "p(95)": 514.46470525
        },
        "http_req_duration": {
            "avg": 248.81394579594084,
            "min": 1.921725,
            "med": 211.976073,
            "max": 1824.554909,
            "p(90)": 450.3780432000003,
            "p(95)": 514.3958221999999
        },
        "http_req_failed": {
            "passes": 81,
            "fails": 80356,
            "value": 0.001006999266506707
        },
        "http_req_sending": {
            "avg": 0.0035360523639618624,
            "min": 0.001884,
            "med": 0.003177,
            "max": 0.269452,
            "p(90)": 0.004751,
            "p(95)": 0.005404
        },
        "vus": {
            "min": 1,
            "max": 200,
            "value": 1
        }
    }
}