{
    "root_group": {
        "name": "",
        "path": "",
        "id": "d41d8cd98f00b204e9800998ecf8427e",
        "groups": {},
        "checks": {}
    },
    "metrics": {
        "vus_max": {
            "value": 200,
            "min": 200,
            "max": 200
        },
        "http_req_sending": {
            "p(90)": 0.00484,
            "p(95)": 0.00550275,
            "avg": 0.0036256169562299584,
            "min": 0.002074,
            "med": 0.003268,
            "max": 0.207838
        },
        "http_req_blocked": {
            "med": 0.000578,
            "max": 1018.271477,
            "p(90)": 0.000988,
            "p(95)": 0.001119,
            "avg": 0.048183434692912405,
            "min": 0.000378
        },
        "http_req_failed": {
            "passes": 81,
            "fails": 80385,
            "value": 0.001006636343300276
        },
        "http_reqs": {
            "rate": 731.4872669066842,
            "count": 80466
        },
        "vus": {
            "value": 1,
            "min": 1,
            "max": 200
        },
        "iterations": {
            "count": 80466,
            "rate": 731.4872669066842
        },
        "iteration_duration": {
            "med": 210.74275649999998,
            "max": 2724.1644,
            "p(90)": 451.77045499999997,
            "p(95)": 516.2728629999999,
            "avg": 248.78362051782162,
            "min": 2.061812
        },
        "http_req_duration{expected_response:true}": {
            "avg": 248.91408964202412,
            "min": 2.034137,
            "med": 210.874008,
            "max": 2724.129995,
            "p(90)": 451.787689,
            "p(95)": 516.2449588000001
        },
        "http_req_waiting": {
            "max": 839.423324,
            "p(90)": 21.762138999999998,
            "p(95)": 57.0069275,
            "avg": 19.443814397447372,
            "min": 1.354411,
            "med": 17.0164445
        },
        "data_sent": {
            "count": 8660619,
            "rate": 78730.55106542018
        },
        "http_req_tls_handshaking": {
            "max": 0,
            "p(90)": 0,
            "p(95)": 0,
            "avg": 0,
            "min": 0,
            "med": 0
        },
        "data_received": {
            "count": 1282243608,
            "rate": 11656412.302394623
        },
        "http_req_receiving": {
            "p(90)": 431.2273725,
            "p(95)": 496.02822025,
            "avg": 229.24935589211464,
            "min": 0.005977,
            "med": 189.2023245,
            "max": 2706.403878
        },
        "http_req_duration": {
            "avg": 248.69679590652095,
            "min": 2.034137,
            "med": 210.654846,
            "max": 2724.129995,
            "p(90)": 451.69147699999996,
            "p(95)": 516.22073125
        },
        "http_req_connecting": {
            "max": 1018.246473,
            "p(90)": 0,
            "p(95)": 0,
            "avg": 0.04745062154201775,
            "min": 0,
            "med": 0
        }
    }
}