{
    "metrics": {
        "vus": {
            "value": 1,
            "min": 1,
            "max": 200
        },
        "http_reqs": {
            "rate": 730.9721586571948,
            "count": 80408
        },
        "iteration_duration": {
            "med": 211.40126750000002,
            "max": 2511.979694,
            "p(90)": 451.7809289,
            "p(95)": 514.6047966,
            "avg": 248.9402289424813,
            "min": 2.051881
        },
        "data_received": {
            "rate": 11648258.027157249,
            "count": 1281325315
        },
        "http_req_connecting": {
            "max": 1023.082445,
            "p(90)": 0,
            "p(95)": 0,
            "avg": 0.05762647040095513,
            "min": 0,
            "med": 0
        },
        "http_req_tls_handshaking": {
            "min": 0,
            "med": 0,
            "max": 0,
            "p(90)": 0,
            "p(95)": 0,
            "avg": 0
        },
        "http_req_waiting": {
            "med": 17.0093915,
            "max": 999.855817,
            "p(90)": 21.502730200000006,
            "p(95)": 56.5773715,
            "avg": 19.48608799906692,
            "min": 1.470889
        },
        "data_sent": {
            "count": 8654379,
            "rate": 78675.13306471365
        },
        "iterations": {
            "count": 80408,
            "rate": 730.9721586571948
        },
        "vus_max": {
            "value": 200,
            "min": 200,
            "max": 200
        },
        "http_req_receiving": {
            "avg": 229.35430492572624,
            "min": 0.005428,
            "med": 190.276811,
            "max": 2503.00453,
            "p(90)": 430.482001,
            "p(95)": 493.4999987
        },
        "http_req_duration": {
            "med": 211.3231495,
            "max": 2511.948236,
            "p(90)": 451.6817854,
            "p(95)": 514.48668315,
            "avg": 248.84390733474186,
            "min": 2.025811
        },
        "http_req_failed": {
            "passes": 81,
            "fails": 80327,
            "value": 0.0010073624514973635
        },
        "http_req_duration{expected_response:true}": {
            "max": 2511.948236,
            "p(90)": 451.76356660000005,
            "p(95)": 514.5650529,
            "avg": 249.05818841388214,
            "min": 2.025811,
            "med": 211.490638
        },
        "http_req_sending": {
            "avg": 0.003514409946771455,
            "min": 0.001846,
            "med": 0.003152,
            "max": 0.192296,
            "p(90)": 0.004754,
            "p(95)": 0.005395
        },
        "http_req_blocked": {
            "max": 1023.105959,
            "p(90)": 0.000968,
            "p(95)": 0.001103,
            "avg": 0.05832952930056373,
            "min": 0.000357,
            "med": 0.000538
        }
    },
    "root_group": {
        "name": "",
        "path": "",
        "id": "d41d8cd98f00b204e9800998ecf8427e",
        "groups": {},
        "checks": {}
    }
}