{
    "root_group": {
        "checks": {},
        "name": "",
        "path": "",
        "id": "d41d8cd98f00b204e9800998ecf8427e",
        "groups": {}
    },
    "metrics": {
        "http_req_tls_handshaking": {
            "min": 0,
            "med": 0,
            "max": 0,
            "p(90)": 0,
            "p(95)": 0,
            "avg": 0
        },
        "iterations": {
            "count": 80482,
            "rate": 731.6470426336174
        },
        "http_req_receiving": {
            "med": 190.175151,
            "max": 2873.352685,
            "p(90)": 430.7582076000008,
            "p(95)": 494.31602879999997,
            "avg": 229.20981512310811,
            "min": 0.005082
        },
        "http_req_duration": {
            "med": 211.35252350000002,
            "max": 2879.947432,
            "p(90)": 451.92302320000016,
            "p(95)": 515.0155214499999,
            "avg": 248.6756179209537,
            "min": 1.859158
        },
        "data_received": {
            "count": 1282518087,
            "rate": 11659135.775424
        },
        "http_req_failed": {
            "passes": 81,
            "fails": 80401,
            "value": 0.0010064362217638728
        },
        "iteration_duration": {
            "min": 1.883649,
            "med": 211.39828849999998,
            "max": 2879.980416,
            "p(90)": 451.9655354000001,
            "p(95)": 515.0942507999998,
            "avg": 248.7466844658828
        },
        "vus": {
            "value": 1,
            "min": 1,
            "max": 200
        },
        "http_req_duration{expected_response:true}": {
            "p(90)": 451.969598,
            "p(95)": 515.232908,
            "avg": 248.88591894550072,
            "min": 1.859158,
            "med": 211.54778,
            "max": 2879.947432
        },
        "http_req_sending": {
            "avg": 0.00357585030193088,
            "min": 0.001901,
            "med": 0.003179,
            "max": 0.37111,
            "p(90)": 0.004908,
            "p(95)": 0.00556
        },
        "http_req_blocked": {
            "min": 0.000388,
            "med": 0.000566,
            "max": 1028.884522,
            "p(90)": 0.001016,
            "p(95)": 0.001131,
            "avg": 0.03229987103948581
        },
        "http_req_connecting": {
            "p(90)": 0,
            "p(95)": 0,
            "avg": 0.03156514327427249,
            "min": 0,
            "med": 0,
            "max": 1028.865608
        },
        "http_reqs": {
            "count": 80482,
            "rate": 731.6470426336174
        },
        "data_sent": {
            "count": 8662342,
            "rate": 78747.75610174914
        },
        "http_req_waiting": {
            "avg": 19.462226947541115,
            "min": 1.332287,
            "med": 17.0392735,
            "max": 831.494737,
            "p(90)": 24.2037696000002,
            "p(95)": 56.7447364
        },
        "vus_max": {
            "value": 200,
            "min": 200,
            "max": 200
        }
    }
}