{
    "root_group": {
        "checks": {},
        "name": "",
        "path": "",
        "id": "d41d8cd98f00b204e9800998ecf8427e",
        "groups": {}
    },
    "metrics": {
        "http_req_blocked": {
            "p(95)": 0.001108,
            "avg": 0.03396981195220995,
            "min": 0.000373,
            "med": 0.000541,
            "max": 1021.926794,
            "p(90)": 0.000971
        },
        "http_req_tls_handshaking": {
            "min": 0,
            "med": 0,
            "max": 0,
            "p(90)": 0,
            "p(95)": 0,
            "avg": 0
        },
        "http_req_failed": {
            "passes": 81,
            "fails": 80356,
            "value": 0.001006999266506707
        },
        "http_req_sending": {
            "avg": 0.0035012175740020105,
            "min": 0.001892,
            "med": 0.003138,
            "max": 0.189735,
            "p(90)": 0.004735,
            "p(95)": 0.005365
        },
        "vus": {
            "max": 200,
            "value": 1,
            "min": 1
        },
        "http_req_connecting": {
            "max": 1021.906306,
            "p(90)": 0,
            "p(95)": 0,
            "avg": 0.033263742693039285,
            "min": 0,
            "med": 0
        },
        "iterations": {
            "count": 80437,
            "rate": 731.2365163756107
        },
        "http_req_duration{expected_response:true}": {
            "avg": 249.02393363792535,
            "min": 2.010256,
            "med": 211.21107949999998,
            "max": 2306.069535,
            "p(90)": 453.7447615,
            "p(95)": 515.784121
        },
        "data_received": {
            "count": 1281792375,
            "rate": 11652515.521610955
        },
        "vus_max": {
            "max": 200,
            "value": 200,
            "min": 200
        },
        "http_reqs": {
            "rate": 731.2365163756107,
            "count": 80437
        },
        "iteration_duration": {
            "med": 211.080799,
            "max": 2306.104139,
            "p(90)": 453.63542640000117,
            "p(95)": 515.8185482,
            "avg": 248.87654955708578,
            "min": 2.040205
        },
        "http_req_waiting": {
            "max": 853.735846,
            "p(90)": 22.163022800000384,
            "p(95)": 56.74358279999999,
            "avg": 19.458531447555156,
            "min": 1.356879,
            "med": 17.006639
        },
        "data_sent": {
            "count": 8657487,
            "rate": 78703.46525165206
        },
        "http_req_duration": {
            "p(90)": 453.4718382,
            "p(95)": 515.7746864,
            "avg": 248.80467603668868,
            "min": 2.010256,
            "med": 210.980927,
            "max": 2306.069535
        },
        "http_req_receiving": {
            "min": 0.005275,
            "med": 189.63364,
            "max": 2299.145074,
            "p(90)": 432.22089180000023,
            "p(95)": 494.9642608,
            "avg": 229.34264337156165
        }
    }
}