{
    "metrics": {
        "http_reqs": {
            "count": 80446,
            "rate": 731.3133086653004
        },
        "data_received": {
            "rate": 11653773.731562937,
            "count": 1281939588
        },
        "iterations": {
            "count": 80446,
            "rate": 731.3133086653004
        },
        "http_req_blocked": {
            "p(90)": 0.000958,
            "p(95)": 0.001096,
            "avg": 0.042407039330729666,
            "min": 0.000361,
            "med": 0.000536,
            "max": 1027.0309
        },
        "iteration_duration": {
            "avg": 248.84407983586502,
            "min": 1.925816,
            "med": 211.2151625,
            "max": 2834.926187,
            "p(90)": 450.22096250000004,
            "p(95)": 515.99870775
        },
        "vus_max": {
            "value": 200,
            "min": 200,
            "max": 200
        },
        "http_req_connecting": {
            "med": 0,
            "max": 1027.006803,
            "p(90)": 0,
            "p(95)": 0,
            "avg": 0.041713747880565845,
            "min": 0
        },
        "http_req_tls_handshaking": {
            "avg": 0,
            "min": 0,
            "med": 0,
            "max": 0,
            "p(90)": 0,
            "p(95)": 0
        },
        "http_req_waiting": {
            "p(90)": 21.677688,
            "p(95)": 56.79924575,
            "avg": 19.44347839482387,
            "min": 1.32898,
            "med": 17.0698425,
            "max": 836.365827
        },
        "vus": {
            "min": 1,
            "max": 200,
            "value": 1
        },
        "http_req_duration": {
            "max": 2135.657476,
            "p(90)": 450.1639655,
            "p(95)": 515.9566515,
            "avg": 248.7641461525756,
            "min": 1.883182,
            "med": 211.1604805
        },
        "http_req_receiving": {
            "p(90)": 430.11121349999996,
            "p(95)": 495.5144755,
            "avg": 229.31720295324735,
            "min": 0.00489,
            "med": 189.48845599999999,
            "max": 2118.99293
        },
        "http_req_failed": {
            "passes": 81,
            "fails": 80365,
            "value": 0.0010068866071650548
        },
        "data_sent": {
            "count": 8658459,
            "rate": 78711.76067464943
        },
        "http_req_sending": {
            "avg": 0.0034648045023991454,
            "min": 0.001924,
            "med": 0.003119,
            "max": 0.196379,
            "p(90)": 0.004662,
            "p(95)": 0.00530175
        },
        "http_req_duration{expected_response:true}": {
            "avg": 248.97487525379333,
            "min": 1.883182,
            "med": 211.391726,
            "max": 2135.657476,
            "p(90)": 450.3142000000001,
            "p(95)": 515.9783876
        }
    },
    "root_group": {
        "name": "",
        "path": "",
        "id": "d41d8cd98f00b204e9800998ecf8427e",
        "groups": {},
        "checks": {}
    }
}