{
    "root_group": {
        "name": "",
        "path": "",
        "id": "d41d8cd98f00b204e9800998ecf8427e",
        "groups": {},
        "checks": {}
    },
    "metrics": {
        "data_received": {
            "count": 1281216215,
            "rate": 11647252.160328284
        },
        "http_req_sending": {
            "avg": 0.0034970058458438885,
            "min": 0.001804,
            "med": 0.003135,
            "max": 0.242292,
            "p(90)": 0.004695,
            "p(95)": 0.00535
        },
        "vus": {
            "min": 1,
            "max": 200,
            "value": 1
        },
        "http_req_tls_handshaking": {
            "min": 0,
            "med": 0,
            "max": 0,
            "p(90)": 0,
            "p(95)": 0,
            "avg": 0
        },
        "vus_max": {
            "max": 200,
            "value": 200,
            "min": 200
        },
        "http_req_connecting": {
            "avg": 0.04398317781315689,
            "min": 0,
            "med": 0,
            "max": 1015.570626,
            "p(90)": 0,
            "p(95)": 0
        },
        "http_reqs": {
            "count": 80399,
            "rate": 730.8894591520868
        },
        "http_req_receiving": {
            "max": 2148.960107,
            "p(90)": 430.8589032,
            "p(95)": 493.96991149999985,
            "avg": 229.41567806329928,
            "min": 0.004472,
            "med": 190.918481
        },
        "http_req_duration{expected_response:true}": {
            "avg": 249.14892398323158,
            "min": 2.181995,
            "med": 212.2621535,
            "max": 2276.377195,
            "p(90)": 451.637705,
            "p(95)": 514.3995406999996
        },
        "http_req_duration": {
            "min": 2.181995,
            "med": 212.097703,
            "max": 2276.377195,
            "p(90)": 451.545667,
            "p(95)": 514.3201061,
            "avg": 248.9309606864164
        },
        "http_req_blocked": {
            "avg": 0.04468355325314905,
            "min": 0.000364,
            "med": 0.000537,
            "max": 1015.595888,
            "p(90)": 0.000961,
            "p(95)": 0.001091
        },
        "http_req_failed": {
            "passes": 81,
            "fails": 80318,
            "value": 0.0010074752173534498
        },
        "iteration_duration": {
            "avg": 249.01344493042043,
            "min": 2.204563,
            "med": 212.147361,
            "max": 2276.409404,
            "p(90)": 451.6162807999999,
            "p(95)": 514.4114614999999
        },
        "iterations": {
            "rate": 730.8894591520868,
            "count": 80399
        },
        "http_req_waiting": {
            "p(90)": 21.76090539999998,
            "p(95)": 56.20695189999999,
            "avg": 19.511785617271467,
            "min": 1.365782,
            "med": 17.018611,
            "max": 2072.566792
        },
        "data_sent": {
            "count": 8653412,
            "rate": 78666.24729785418
        }
    }
}