{
    "metrics": {
        "http_req_receiving": {
            "min": 0.005461,
            "med": 190.203147,
            "max": 2379.218357,
            "p(90)": 430.23149230000007,
            "p(95)": 493.5735280000001,
            "avg": 229.14026756959368
        },
        "http_req_duration{expected_response:true}": {
            "avg": 248.84842974082508,
            "min": 2.116258,
            "med": 211.871581,
            "max": 2387.204555,
            "p(90)": 450.3114751999999,
            "p(95)": 513.8508439999999
        },
        "http_req_failed": {
            "passes": 81,
            "fails": 80399,
            "value": 0.0010064612326043739
        },
        "http_req_waiting": {
            "med": 17.0442515,
            "max": 828.527329,
            "p(90)": 23.462917600000107,
            "p(95)": 56.33560645000004,
            "avg": 19.490159287512274,
            "min": 1.520723
        },
        "vus_max": {
            "value": 200,
            "min": 200,
            "max": 200
        },
        "iteration_duration": {
            "avg": 248.72890971014138,
            "min": 2.139984,
            "med": 211.768566,
            "max": 2387.249569,
            "p(90)": 450.20316820000005,
            "p(95)": 513.8831438
        },
        "http_req_blocked": {
            "max": 1042.734884,
            "p(90)": 0.001025,
            "p(95)": 0.001144,
            "avg": 0.056438547415507065,
            "min": 0.00041,
            "med": 0.000592
        },
        "http_req_tls_handshaking": {
            "max": 0,
            "p(90)": 0,
            "p(95)": 0,
            "avg": 0,
            "min": 0,
            "med": 0
        },
        "http_req_connecting": {
            "avg": 0.055680304709244524,
            "min": 0,
            "med": 0,
            "max": 1042.71667,
            "p(90)": 0,
            "p(95)": 0
        },
        "data_received": {
            "count": 1282473315,
            "rate": 11658533.951325128
        },
        "http_reqs": {
            "rate": 731.6166359396307,
            "count": 80480
        },
        "http_req_sending": {
            "avg": 0.003577541289761463,
            "min": 0.002032,
            "med": 0.003186,
            "max": 0.397628,
            "p(90)": 0.004848100000000005,
            "p(95)": 0.005529
        },
        "iterations": {
            "count": 80480,
            "rate": 731.6166359396307
        },
        "data_sent": {
            "count": 8662126,
            "rate": 78744.47669241065
        },
        "vus": {
            "value": 1,
            "min": 1,
            "max": 200
        },
        "http_req_duration": {
            "med": 211.7136295,
            "max": 2387.204555,
            "p(90)": 450.13286330000005,
            "p(95)": 513.6565805500001,
            "avg": 248.6340043983921,
            "min": 2.116258
        }
    },
    "root_group": {
        "name": "",
        "path": "",
        "id": "d41d8cd98f00b204e9800998ecf8427e",
        "groups": {},
        "checks": {}
    }
}