{
    "root_group": {
        "path": "",
        "id": "d41d8cd98f00b204e9800998ecf8427e",
        "groups": {},
        "checks": {},
        "name": ""
    },
    "metrics": {
        "http_req_tls_handshaking": {
            "p(90)": 0,
            "p(95)": 0,
            "avg": 0,
            "min": 0,
            "med": 0,
            "max": 0
        },
        "http_req_connecting": {
            "min": 0,
            "med": 0,
            "max": 1030.456158,
            "p(90)": 0,
            "p(95)": 0,
            "avg": 0.07924072052754576
        },
        "data_received": {
            "count": 1281974603,
            "rate": 11654186.992011433
        },
        "http_req_waiting": {
            "avg": 19.362531477699637,
            "min": 1.169091,
            "med": 17.057297,
            "max": 782.04105,
            "p(90)": 21.107404400000014,
            "p(95)": 56.143276549999946
        },
        "iterations": {
            "count": 80448,
            "rate": 731.3374484481388
        },
        "vus_max": {
            "min": 200,
            "max": 200,
            "value": 200
        },
        "http_req_duration": {
            "p(90)": 450.399298,
            "p(95)": 513.5041399500001,
            "avg": 248.73281855009373,
            "min": 1.851853,
            "med": 212.113567,
            "max": 2628.489353
        },
        "http_req_sending": {
            "med": 0.003119,
            "max": 0.266498,
            "p(90)": 0.00471,
            "p(95)": 0.005344,
            "avg": 0.003488192919650009,
            "min": 0.001829
        },
        "vus": {
            "value": 1,
            "min": 1,
            "max": 200
        },
        "http_req_duration{expected_response:true}": {
            "avg": 248.95014511492187,
            "min": 1.851853,
            "med": 212.27798,
            "max": 2628.489353,
            "p(90)": 450.522933,
            "p(95)": 513.7525316999997
        },
        "iteration_duration": {
            "avg": 248.85033540191174,
            "min": 1.879951,
            "med": 212.176546,
            "max": 2628.52924,
            "p(90)": 450.50554590000013,
            "p(95)": 513.96679985
        },
        "http_req_blocked": {
            "med": 0.000538,
            "max": 1030.479875,
            "p(90)": 0.000965,
            "p(95)": 0.001095,
            "avg": 0.07993738997861687,
            "min": 0.000351
        },
        "http_req_failed": {
            "fails": 80367,
            "passes": 81,
            "value": 0.0010068615751789977
        },
        "http_req_receiving": {
            "min": 0.005119,
            "med": 190.722853,
            "max": 2609.398281,
            "p(90)": 429.56176,
            "p(95)": 493.60005235,
            "avg": 229.36679887947494
        },
        "http_reqs": {
            "count": 80448,
            "rate": 731.3374484481388
        },
        "data_sent": {
            "count": 8658675,
            "rate": 78714.36557082449
        }
    }
}