{
    "root_group": {
        "id": "d41d8cd98f00b204e9800998ecf8427e",
        "groups": {},
        "checks": {},
        "name": "",
        "path": ""
    },
    "metrics": {
        "iterations": {
            "rate": 731.4644427729452,
            "count": 80462
        },
        "http_req_receiving": {
            "avg": 229.1993720064343,
            "min": 0.005338,
            "med": 190.139387,
            "max": 2193.49389,
            "p(90)": 429.73561650000016,
            "p(95)": 494.3305477999999
        },
        "data_received": {
            "count": 1282173540,
            "rate": 11655991.076213798
        },
        "http_req_connecting": {
            "min": 0,
            "med": 0,
            "max": 1021.916985,
            "p(90)": 0,
            "p(95)": 0,
            "avg": 0.04257840581889586
        },
        "vus_max": {
            "value": 200,
            "min": 200,
            "max": 200
        },
        "http_req_waiting": {
            "min": 1.422281,
            "med": 17.0470185,
            "max": 754.56319,
            "p(90)": 23.754205700000483,
            "p(95)": 56.89065689999994,
            "avg": 19.4983276771024
        },
        "http_reqs": {
            "count": 80462,
            "rate": 731.4644427729452
        },
        "data_sent": {
            "count": 8660187,
            "rate": 78728.08106018373
        },
        "http_req_tls_handshaking": {
            "avg": 0,
            "min": 0,
            "med": 0,
            "max": 0,
            "p(90)": 0,
            "p(95)": 0
        },
        "http_req_failed": {
            "passes": 81,
            "fails": 80381,
            "value": 0.0010066863861201562
        },
        "http_req_duration": {
            "avg": 248.70118513939684,
            "min": 2.055526,
            "med": 211.527719,
            "max": 2209.125616,
            "p(90)": 450.84619240000046,
            "p(95)": 515.5049275
        },
        "http_req_duration{expected_response:true}": {
            "avg": 248.9065729293012,
            "min": 2.055526,
            "med": 211.74107,
            "max": 2209.125616,
            "p(90)": 450.970234,
            "p(95)": 515.525657
        },
        "iteration_duration": {
            "avg": 248.78216021044904,
            "min": 2.080567,
            "med": 211.601987,
            "max": 2209.192266,
            "p(90)": 450.9231788000001,
            "p(95)": 515.5497872499999
        },
        "vus": {
            "value": 1,
            "min": 1,
            "max": 200
        },
        "http_req_blocked": {
            "med": 0.000538,
            "max": 1021.946611,
            "p(90)": 0.000964,
            "p(95)": 0.001095,
            "avg": 0.043274690748426624,
            "min": 0.000357
        },
        "http_req_sending": {
            "max": 0.183138,
            "p(90)": 0.00469,
            "p(95)": 0.005335,
            "avg": 0.0034854558549377475,
            "min": 0.001861,
            "med": 0.00314
        }
    }
}