{
    "root_group": {
        "groups": {},
        "checks": {},
        "name": "",
        "path": "",
        "id": "d41d8cd98f00b204e9800998ecf8427e"
    },
    "metrics": {
        "http_req_tls_handshaking": {
            "avg": 0,
            "min": 0,
            "med": 0,
            "max": 0,
            "p(90)": 0,
            "p(95)": 0
        },
        "http_req_failed": {
            "passes": 81,
            "fails": 80397,
            "value": 0.0010064862446879893
        },
        "iteration_duration": {
            "med": 211.39113700000001,
            "max": 1950.5828,
            "p(90)": 451.9176035000001,
            "p(95)": 515.7232257,
            "avg": 248.75049760640013,
            "min": 2.107859
        },
        "http_req_duration": {
            "avg": 248.65624198082776,
            "min": 2.078074,
            "med": 211.312097,
            "max": 1950.54872,
            "p(90)": 451.8506269,
            "p(95)": 515.62110205
        },
        "iterations": {
            "count": 80478,
            "rate": 731.6081725338007
        },
        "http_req_receiving": {
            "min": 0.005506,
            "med": 190.29101,
            "max": 1932.970966,
            "p(90)": 431.5089339,
            "p(95)": 494.85635874999986,
            "avg": 229.1549570314473
        },
        "http_req_duration{expected_response:true}": {
            "avg": 248.86978446949567,
            "min": 2.078074,
            "med": 211.512656,
            "max": 1950.54872,
            "p(90)": 451.9201344000001,
            "p(95)": 515.6914
        },
        "http_req_blocked": {
            "p(90)": 0.000969,
            "p(95)": 0.00111,
            "avg": 0.05648038744749858,
            "min": 0.000362,
            "med": 0.000545,
            "max": 1022.731705
        },
        "http_req_connecting": {
            "p(90)": 0,
            "p(95)": 0,
            "avg": 0.055778576182310705,
            "min": 0,
            "med": 0,
            "max": 1022.708811
        },
        "data_received": {
            "count": 1282434018,
            "rate": 11658331.572655376
        },
        "data_sent": {
            "count": 8661910,
            "rate": 78743.55905654034
        },
        "http_req_sending": {
            "min": 0.001895,
            "med": 0.003164,
            "max": 0.168905,
            "p(90)": 0.004736,
            "p(95)": 0.005349,
            "avg": 0.0035086249658291438
        },
        "vus_max": {
            "max": 200,
            "value": 200,
            "min": 200
        },
        "http_reqs": {
            "count": 80478,
            "rate": 731.6081725338007
        },
        "http_req_waiting": {
            "avg": 19.497776324411518,
            "min": 1.488707,
            "med": 17.016947000000002,
            "max": 809.671287,
            "p(90)": 22.008459300000062,
            "p(95)": 56.704214649999976
        },
        "vus": {
            "value": 1,
            "min": 1,
            "max": 200
        }
    }
}