{
    "root_group": {
        "name": "",
        "path": "",
        "id": "d41d8cd98f00b204e9800998ecf8427e",
        "groups": {},
        "checks": {}
    },
    "metrics": {
        "http_req_tls_handshaking": {
            "avg": 0,
            "min": 0,
            "med": 0,
            "max": 0,
            "p(90)": 0,
            "p(95)": 0
        },
        "http_req_waiting": {
            "p(90)": 21.537444999999998,
            "p(95)": 56.08197475,
            "avg": 19.428765923799823,
            "min": 1.388155,
            "med": 17.013361500000002,
            "max": 939.121129
        },
        "http_req_failed": {
            "passes": 81,
            "fails": 80365,
            "value": 0.0010068866071650548
        },
        "data_sent": {
            "count": 8658459,
            "rate": 78712.95113664519
        },
        "data_received": {
            "count": 1281922555,
            "rate": 11653795.142146928
        },
        "iteration_duration": {
            "avg": 248.8509486214976,
            "min": 2.094043,
            "med": 211.7628155,
            "max": 2317.872978,
            "p(90)": 450.86519499999997,
            "p(95)": 513.7233415000001
        },
        "iterations": {
            "count": 80446,
            "rate": 731.3243692830974
        },
        "http_req_receiving": {
            "p(95)": 493.810978,
            "avg": 229.34271865878756,
            "min": 0.005562,
            "med": 190.8547485,
            "max": 2302.029985,
            "p(90)": 429.943218
        },
        "http_req_duration{expected_response:true}": {
            "avg": 248.98000431406902,
            "min": 2.067464,
            "med": 211.817989,
            "max": 2317.804638,
            "p(90)": 450.9049296000003,
            "p(95)": 513.7228976
        },
        "http_req_duration": {
            "med": 211.7201265,
            "max": 2317.804638,
            "p(90)": 450.77992,
            "p(95)": 513.56626075,
            "avg": 248.77501737686345,
            "min": 2.067464
        },
        "http_reqs": {
            "count": 80446,
            "rate": 731.3243692830974
        },
        "http_req_connecting": {
            "max": 1010.826395,
            "p(90)": 0,
            "p(95)": 0,
            "avg": 0.03667727926808045,
            "min": 0,
            "med": 0
        },
        "vus_max": {
            "min": 200,
            "max": 200,
            "value": 200
        },
        "http_req_sending": {
            "avg": 0.00353279427193394,
            "min": 0.001943,
            "med": 0.003184,
            "max": 0.11591,
            "p(90)": 0.004749,
            "p(95)": 0.005394
        },
        "vus": {
            "value": 1,
            "min": 1,
            "max": 200
        },
        "http_req_blocked": {
            "med": 0.000547,
            "max": 1010.851081,
            "p(90)": 0.000968,
            "p(95)": 0.001105,
            "avg": 0.03738605465778127,
            "min": 0.000361
        }
    }
}