{
    "root_group": {
        "id": "d41d8cd98f00b204e9800998ecf8427e",
        "groups": {},
        "checks": {},
        "name": "",
        "path": ""
    },
    "metrics": {
        "http_req_waiting": {
            "p(95)": 56.89779984999998,
            "avg": 19.445752418443522,
            "min": 1.511806,
            "med": 17.0045135,
            "max": 815.274278,
            "p(90)": 22.041088200000125
        },
        "http_req_connecting": {
            "p(90)": 0,
            "p(95)": 0,
            "avg": 0.032631398461576706,
            "min": 0,
            "med": 0,
            "max": 1049.333646
        },
        "http_req_sending": {
            "avg": 0.003508338316433027,
            "min": 0.001876,
            "med": 0.00315,
            "max": 0.207638,
            "p(90)": 0.004738,
            "p(95)": 0.005352
        },
        "http_req_receiving": {
            "min": 0.00547,
            "med": 190.0146835,
            "max": 2293.258649,
            "p(90)": 431.2989086000001,
            "p(95)": 494.5426561499999,
            "avg": 229.2480647519113
        },
        "http_req_failed": {
            "fails": 80391,
            "passes": 81,
            "value": 0.0010065612883984492
        },
        "http_req_tls_handshaking": {
            "min": 0,
            "med": 0,
            "max": 0,
            "p(90)": 0,
            "p(95)": 0,
            "avg": 0
        },
        "iteration_duration": {
            "avg": 248.76909335417182,
            "min": 2.170678,
            "med": 211.194716,
            "max": 2302.144825,
            "p(90)": 451.79037840000024,
            "p(95)": 515.2159251999999
        },
        "http_req_duration{expected_response:true}": {
            "avg": 248.91382150453725,
            "min": 2.145493,
            "med": 211.316602,
            "max": 2302.089016,
            "p(90)": 451.819612,
            "p(95)": 515.2399835
        },
        "data_sent": {
            "count": 8661267,
            "rate": 78737.73709037567
        },
        "data_received": {
            "count": 1282323850,
            "rate": 11657333.524762407
        },
        "http_reqs": {
            "count": 80472,
            "rate": 731.5538453134756
        },
        "iterations": {
            "count": 80472,
            "rate": 731.5538453134756
        },
        "vus": {
            "value": 1,
            "min": 1,
            "max": 200
        },
        "vus_max": {
            "value": 200,
            "min": 200,
            "max": 200
        },
        "http_req_duration": {
            "p(95)": 515.1288344999998,
            "avg": 248.69732550867704,
            "min": 2.145493,
            "med": 211.1446195,
            "max": 2302.089016,
            "p(90)": 451.72861730000017
        },
        "http_req_blocked": {
            "max": 1049.355671,
            "p(90)": 0.000968,
            "p(95)": 0.001103,
            "avg": 0.0333414542698072,
            "min": 0.000366,
            "med": 0.000545
        }
    }
}