{
    "root_group": {
        "groups": {},
        "checks": {},
        "name": "",
        "path": "",
        "id": "d41d8cd98f00b204e9800998ecf8427e"
    },
    "metrics": {
        "http_req_sending": {
            "p(95)": 0.00537,
            "avg": 0.0034766507331013925,
            "min": 0.001819,
            "med": 0.003122,
            "max": 0.24678,
            "p(90)": 0.004727
        },
        "http_req_receiving": {
            "p(90)": 430.93846430000013,
            "p(95)": 495.17380660000003,
            "avg": 229.20523493065483,
            "min": 0.00471,
            "med": 189.882456,
            "max": 3256.476928
        },
        "data_received": {
            "count": 1282467736,
            "rate": 11658599.932571646
        },
        "http_req_failed": {
            "fails": 80399,
            "passes": 81,
            "value": 0.0010064612326043739
        },
        "http_req_blocked": {
            "avg": 0.030157631200297814,
            "min": 0.000353,
            "med": 0.000539,
            "max": 1026.999918,
            "p(90)": 0.000971,
            "p(95)": 0.001099
        },
        "http_req_connecting": {
            "p(95)": 0,
            "avg": 0.029461860064612325,
            "min": 0,
            "med": 0,
            "max": 1026.968396,
            "p(90)": 0
        },
        "iteration_duration": {
            "max": 3264.445229,
            "p(90)": 451.375564,
            "p(95)": 516.0056604,
            "avg": 248.74883236426732,
            "min": 2.185296,
            "med": 211.3186645
        },
        "iterations": {
            "count": 80480,
            "rate": 731.6239592115292
        },
        "data_sent": {
            "count": 8662126,
            "rate": 78745.26490195235
        },
        "vus": {
            "value": 1,
            "min": 1,
            "max": 200
        },
        "http_req_duration": {
            "p(95)": 515.9604406000001,
            "avg": 248.6810633091211,
            "min": 2.16127,
            "med": 211.222852,
            "max": 3264.407801,
            "p(90)": 451.3229697
        },
        "http_req_tls_handshaking": {
            "max": 0,
            "p(90)": 0,
            "p(95)": 0,
            "avg": 0,
            "min": 0,
            "med": 0
        },
        "http_req_waiting": {
            "avg": 19.47235172773388,
            "min": 1.469881,
            "med": 17.0106535,
            "max": 1007.145528,
            "p(90)": 21.242341700000022,
            "p(95)": 56.37151245
        },
        "http_reqs": {
            "rate": 731.6239592115292,
            "count": 80480
        },
        "http_req_duration{expected_response:true}": {
            "avg": 248.90189252801744,
            "min": 2.16127,
            "med": 211.422533,
            "max": 3264.407801,
            "p(90)": 451.42174320000004,
            "p(95)": 515.9696118999999
        },
        "vus_max": {
            "min": 200,
            "max": 200,
            "value": 200
        }
    }
}