{
    "metrics": {
        "http_req_sending": {
            "avg": 0.003518716324222213,
            "min": 0.001922,
            "med": 0.003159,
            "max": 0.242597,
            "p(90)": 0.004733,
            "p(95)": 0.005387
        },
        "vus_max": {
            "value": 200,
            "min": 200,
            "max": 200
        },
        "http_req_duration": {
            "min": 1.99571,
            "med": 211.541229,
            "max": 2479.466259,
            "p(90)": 451.926889,
            "p(95)": 514.8015325,
            "avg": 248.72487543846387
        },
        "http_req_blocked": {
            "avg": 0.046650506482206026,
            "min": 0.000363,
            "med": 0.00054,
            "max": 1027.840902,
            "p(90)": 0.000968,
            "p(95)": 0.001106
        },
        "http_req_failed": {
            "passes": 81,
            "fails": 80370,
            "value": 0.001006824029533505
        },
        "http_req_duration{expected_response:true}": {
            "p(95)": 514.9636741,
            "avg": 248.93599907967948,
            "min": 1.99571,
            "med": 211.72745700000002,
            "max": 2479.466259,
            "p(90)": 451.9987762000001
        },
        "http_req_waiting": {
            "avg": 19.5315790604595,
            "min": 1.430306,
            "med": 17.024539,
            "max": 940.597039,
            "p(90)": 22.066346,
            "p(95)": 56.8150775
        },
        "data_sent": {
            "count": 8658999,
            "rate": 78717.25348293001
        },
        "iterations": {
            "count": 80451,
            "rate": 731.3641865480297
        },
        "vus": {
            "value": 1,
            "min": 1,
            "max": 200
        },
        "data_received": {
            "count": 1281995502,
            "rate": 11654368.46625229
        },
        "http_req_connecting": {
            "p(90)": 0,
            "p(95)": 0,
            "avg": 0.04594600774384411,
            "min": 0,
            "med": 0,
            "max": 1027.817394
        },
        "http_req_tls_handshaking": {
            "avg": 0,
            "min": 0,
            "med": 0,
            "max": 0,
            "p(90)": 0,
            "p(95)": 0
        },
        "http_reqs": {
            "count": 80451,
            "rate": 731.3641865480297
        },
        "http_req_receiving": {
            "min": 0.005692,
            "med": 189.8624,
            "max": 2424.96043,
            "p(90)": 430.987883,
            "p(95)": 493.93008199999997,
            "avg": 229.18977766168078
        },
        "iteration_duration": {
            "max": 2479.502742,
            "p(90)": 451.968976,
            "p(95)": 515.0044715,
            "avg": 248.80936312726809,
            "min": 2.027433,
            "med": 211.638634
        }
    },
    "root_group": {
        "name": "",
        "path": "",
        "id": "d41d8cd98f00b204e9800998ecf8427e",
        "groups": {},
        "checks": {}
    }
}