{
    "root_group": {
        "groups": {},
        "checks": {},
        "name": "",
        "path": "",
        "id": "d41d8cd98f00b204e9800998ecf8427e"
    },
    "metrics": {
        "http_req_failed": {
            "passes": 81,
            "fails": 80371,
            "value": 0.0010068115149405856
        },
        "http_req_duration{expected_response:true}": {
            "med": 211.376348,
            "max": 2011.189445,
            "p(90)": 450.923769,
            "p(95)": 513.889718,
            "avg": 248.92808601588777,
            "min": 2.015921
        },
        "http_req_connecting": {
            "med": 0,
            "max": 1024.369001,
            "p(90)": 0,
            "p(95)": 0,
            "avg": 0.08072596707353454,
            "min": 0
        },
        "http_req_receiving": {
            "avg": 229.31512990434007,
            "min": 0.005516,
            "med": 189.97578299999998,
            "max": 2004.590917,
            "p(90)": 429.99586540000007,
            "p(95)": 493.77701545
        },
        "http_reqs": {
            "count": 80452,
            "rate": 731.3741442253122
        },
        "http_req_duration": {
            "min": 2.015921,
            "med": 211.14142900000002,
            "max": 2011.189445,
            "p(90)": 450.83061950000007,
            "p(95)": 513.88009875,
            "avg": 248.71322757951233
        },
        "http_req_waiting": {
            "min": 1.333697,
            "med": 17.057823,
            "max": 823.504497,
            "p(90)": 21.460420500000016,
            "p(95)": 56.02970244999999,
            "avg": 19.394594552813636
        },
        "data_received": {
            "count": 1282018969,
            "rate": 11654595.613943618
        },
        "vus": {
            "value": 1,
            "min": 1,
            "max": 200
        },
        "iterations": {
            "count": 80452,
            "rate": 731.3741442253122
        },
        "vus_max": {
            "value": 200,
            "min": 200,
            "max": 200
        },
        "http_req_blocked": {
            "min": 0.000366,
            "med": 0.000541,
            "max": 1024.388503,
            "p(90)": 0.000966,
            "p(95)": 0.001104,
            "avg": 0.0814276009421733
        },
        "http_req_tls_handshaking": {
            "avg": 0,
            "min": 0,
            "med": 0,
            "max": 0,
            "p(90)": 0,
            "p(95)": 0
        },
        "http_req_sending": {
            "med": 0.003146,
            "max": 0.189784,
            "p(90)": 0.004703,
            "p(95)": 0.005364,
            "avg": 0.0035031223586734993,
            "min": 0.001935
        },
        "data_sent": {
            "count": 8659107,
            "rate": 78718.32859196056
        },
        "iteration_duration": {
            "avg": 248.83238106055617,
            "min": 2.048235,
            "med": 211.2294895,
            "max": 2011.233609,
            "p(90)": 450.9132803000002,
            "p(95)": 513.9459239
        }
    }
}