{
    "metrics": {
        "http_req_connecting": {
            "avg": 0.05688546875233055,
            "min": 0,
            "med": 0,
            "max": 1025.245866,
            "p(90)": 0,
            "p(95)": 0
        },
        "http_req_sending": {
            "max": 0.245915,
            "p(90)": 0.004951699999999997,
            "p(95)": 0.00556,
            "avg": 0.0036511642304919534,
            "min": 0.002083,
            "med": 0.003276
        },
        "iterations": {
            "count": 80454,
            "rate": 731.3911031259062
        },
        "http_req_duration": {
            "avg": 248.7070726374092,
            "min": 2.155024,
            "med": 211.27414299999998,
            "max": 3762.79261,
            "p(90)": 451.9868249,
            "p(95)": 515.2724752999998
        },
        "vus": {
            "value": 1,
            "min": 1,
            "max": 200
        },
        "http_req_blocked": {
            "max": 1025.267724,
            "p(90)": 0.001005,
            "p(95)": 0.001139,
            "avg": 0.057626125475425685,
            "min": 0.000387,
            "med": 0.00058
        },
        "http_req_waiting": {
            "avg": 19.39670828439846,
            "min": 1.411415,
            "med": 16.9874005,
            "max": 813.87089,
            "p(90)": 21.488283599999995,
            "p(95)": 55.81875739999999
        },
        "http_req_tls_handshaking": {
            "avg": 0,
            "min": 0,
            "med": 0,
            "max": 0,
            "p(90)": 0,
            "p(95)": 0
        },
        "http_req_failed": {
            "passes": 81,
            "fails": 80373,
            "value": 0.0010067864866880453
        },
        "data_received": {
            "count": 1282049170,
            "rate": 11654850.681233406
        },
        "iteration_duration": {
            "p(95)": 515.3653183999999,
            "avg": 248.8038408889809,
            "min": 2.181152,
            "med": 211.33237350000002,
            "max": 3762.833491,
            "p(90)": 452.0456122
        },
        "vus_max": {
            "value": 200,
            "min": 200,
            "max": 200
        },
        "data_sent": {
            "count": 8659323,
            "rate": 78720.16060473726
        },
        "http_reqs": {
            "count": 80454,
            "rate": 731.3911031259062
        },
        "http_req_duration{expected_response:true}": {
            "avg": 248.91228156872467,
            "min": 2.155024,
            "med": 211.437281,
            "max": 3762.79261,
            "p(90)": 452.08097660000004,
            "p(95)": 515.3332588
        },
        "http_req_receiving": {
            "avg": 229.30671318877634,
            "min": 0.005751,
            "med": 190.0975215,
            "max": 3745.515215,
            "p(90)": 431.7546926999998,
            "p(95)": 494.45249685
        }
    },
    "root_group": {
        "id": "d41d8cd98f00b204e9800998ecf8427e",
        "groups": {},
        "checks": {},
        "name": "",
        "path": ""
    }
}