{
    "root_group": {
        "path": "",
        "id": "d41d8cd98f00b204e9800998ecf8427e",
        "groups": {},
        "checks": {},
        "name": ""
    },
    "metrics": {
        "data_sent": {
            "count": 8659971,
            "rate": 78725.34686532756
        },
        "http_req_receiving": {
            "avg": 229.23838652520405,
            "min": 0.004837,
            "med": 189.9988565,
            "max": 2057.176393,
            "p(90)": 429.91349710000003,
            "p(95)": 493.59069335
        },
        "iteration_duration": {
            "p(90)": 450.60507050000024,
            "p(95)": 513.75352635,
            "avg": 248.78363889994074,
            "min": 2.120219,
            "med": 211.38204000000002,
            "max": 2096.286817
        },
        "http_reqs": {
            "count": 80460,
            "rate": 731.439101676467
        },
        "http_req_tls_handshaking": {
            "avg": 0,
            "min": 0,
            "med": 0,
            "max": 0,
            "p(90)": 0,
            "p(95)": 0
        },
        "http_req_sending": {
            "min": 0.0018,
            "med": 0.003143,
            "max": 0.150127,
            "p(90)": 0.004733,
            "p(95)": 0.00537,
            "avg": 0.003513842816306242
        },
        "iterations": {
            "count": 80460,
            "rate": 731.439101676467
        },
        "http_req_failed": {
            "passes": 81,
            "fails": 80379,
            "value": 0.0010067114093959733
        },
        "http_req_duration": {
            "max": 2096.253009,
            "p(90)": 450.5593349,
            "p(95)": 513.6207984000001,
            "avg": 248.71191895431286,
            "min": 2.096978,
            "med": 211.339504
        },
        "vus_max": {
            "min": 200,
            "max": 200,
            "value": 200
        },
        "data_received": {
            "count": 1282127729,
            "rate": 11655460.531124145
        },
        "http_req_waiting": {
            "min": 1.437548,
            "med": 17.032218,
            "max": 470.411519,
            "p(90)": 21.500577800000002,
            "p(95)": 56.46413770000001,
            "avg": 19.4700185862914
        },
        "http_req_duration{expected_response:true}": {
            "avg": 248.92611768070026,
            "min": 2.096978,
            "med": 211.477743,
            "max": 2096.253009,
            "p(90)": 450.6822834,
            "p(95)": 513.7791589999999
        },
        "vus": {
            "min": 1,
            "max": 200,
            "value": 1
        },
        "http_req_connecting": {
            "max": 1008.408695,
            "p(90)": 0,
            "p(95)": 0,
            "avg": 0.033143858277404924,
            "min": 0,
            "med": 0
        },
        "http_req_blocked": {
            "avg": 0.033843158575688564,
            "min": 0.000363,
            "med": 0.000534,
            "max": 1008.428205,
            "p(90)": 0.000967,
            "p(95)": 0.001102
        }
    }
}