{
    "metrics": {
        "vus_max": {
            "value": 200,
            "min": 200,
            "max": 200
        },
        "http_req_blocked": {
            "p(95)": 0.001131,
            "avg": 0.03201531488959683,
            "min": 0.000394,
            "med": 0.000583,
            "max": 1009.70964,
            "p(90)": 0.001
        },
        "http_req_failed": {
            "passes": 81,
            "fails": 80398,
            "value": 0.0010064737384907865
        },
        "http_req_receiving": {
            "avg": 229.22611825120913,
            "min": 0.005228,
            "med": 190.205311,
            "max": 2415.233496,
            "p(90)": 430.47930679999996,
            "p(95)": 493.9400333
        },
        "http_req_tls_handshaking": {
            "avg": 0,
            "min": 0,
            "med": 0,
            "max": 0,
            "p(90)": 0,
            "p(95)": 0
        },
        "http_req_waiting": {
            "p(95)": 56.34980959999996,
            "avg": 19.434499379390832,
            "min": 1.323028,
            "med": 17.038051,
            "max": 822.648118,
            "p(90)": 21.238137599999998
        },
        "iteration_duration": {
            "avg": 248.73519673303474,
            "min": 1.986409,
            "med": 211.633049,
            "max": 2448.293613,
            "p(90)": 450.2292164,
            "p(95)": 514.5798483999996
        },
        "http_req_duration": {
            "max": 2448.210321,
            "p(90)": 450.145486,
            "p(95)": 514.4658630999993,
            "avg": 248.6642665046543,
            "min": 1.956511,
            "med": 211.576711
        },
        "http_req_duration{expected_response:true}": {
            "med": 211.721794,
            "max": 2448.210321,
            "p(90)": 450.25642020000004,
            "p(95)": 514.6693589999998,
            "avg": 248.8811350714331,
            "min": 1.956511
        },
        "http_req_sending": {
            "min": 0.002092,
            "med": 0.003284,
            "max": 0.49294,
            "p(90)": 0.004869,
            "p(95)": 0.00552,
            "avg": 0.003648874054101082
        },
        "http_req_connecting": {
            "avg": 0.03127008228233455,
            "min": 0,
            "med": 0,
            "max": 1009.67389,
            "p(90)": 0,
            "p(95)": 0
        },
        "iterations": {
            "count": 80479,
            "rate": 731.6009797795188
        },
        "vus": {
            "value": 1,
            "min": 1,
            "max": 200
        },
        "data_sent": {
            "count": 8662018,
            "rate": 78742.78825119382
        },
        "http_reqs": {
            "count": 80479,
            "rate": 731.6009797795188
        },
        "data_received": {
            "count": 1282481295,
            "rate": 11658501.869691547
        }
    },
    "root_group": {
        "id": "d41d8cd98f00b204e9800998ecf8427e",
        "groups": {},
        "checks": {},
        "name": "",
        "path": ""
    }
}