{
    "root_group": {
        "groups": {},
        "checks": {},
        "name": "",
        "path": "",
        "id": "d41d8cd98f00b204e9800998ecf8427e"
    },
    "metrics": {
        "http_req_sending": {
            "max": 0.191678,
            "p(90)": 0.00469,
            "p(95)": 0.005353,
            "avg": 0.003519166761928433,
            "min": 0.001916,
            "med": 0.003172
        },
        "http_req_duration{expected_response:true}": {
            "min": 1.921858,
            "med": 211.981902,
            "max": 2104.17091,
            "p(90)": 451.1962578,
            "p(95)": 513.8341490999999,
            "avg": 248.87428824401027
        },
        "http_req_duration": {
            "med": 211.85035349999998,
            "max": 2104.17091,
            "p(90)": 451.1539562,
            "p(95)": 513.7494149,
            "avg": 248.67820741099882,
            "min": 1.921858
        },
        "data_sent": {
            "count": 8662126,
            "rate": 78745.55930083588
        },
        "http_req_connecting": {
            "avg": 0.043332920825049706,
            "min": 0,
            "med": 0,
            "max": 1008.886714,
            "p(90)": 0,
            "p(95)": 0
        },
        "vus": {
            "value": 1,
            "min": 1,
            "max": 200
        },
        "iterations": {
            "rate": 731.6266944779229,
            "count": 80480
        },
        "http_req_tls_handshaking": {
            "p(90)": 0,
            "p(95)": 0,
            "avg": 0,
            "min": 0,
            "med": 0,
            "max": 0
        },
        "http_req_waiting": {
            "avg": 19.35521213096436,
            "min": 1.362223,
            "med": 17.0476605,
            "max": 753.759105,
            "p(90)": 21.07058600000004,
            "p(95)": 56.35143735000004
        },
        "vus_max": {
            "min": 200,
            "max": 200,
            "value": 200
        },
        "iteration_duration": {
            "max": 2104.215473,
            "p(90)": 451.21301630000005,
            "p(95)": 513.8123916500001,
            "avg": 248.76073807568272,
            "min": 1.947151,
            "med": 211.9262255
        },
        "http_req_receiving": {
            "p(90)": 430.9679833,
            "p(95)": 494.11827165,
            "avg": 229.31947611326845,
            "min": 0.00564,
            "med": 190.5015275,
            "max": 2095.334045
        },
        "http_req_failed": {
            "passes": 81,
            "fails": 80399,
            "value": 0.0010064612326043739
        },
        "data_received": {
            "count": 1282473276,
            "rate": 11658693.882655976
        },
        "http_req_blocked": {
            "avg": 0.044038138444332714,
            "min": 0.000352,
            "med": 0.000547,
            "max": 1008.904468,
            "p(90)": 0.000962,
            "p(95)": 0.001099
        },
        "http_reqs": {
            "count": 80480,
            "rate": 731.6266944779229
        }
    }
}