{
    "metrics": {
        "http_reqs": {
            "count": 80423,
            "rate": 731.1049577445735
        },
        "http_req_failed": {
            "passes": 81,
            "fails": 80342,
            "value": 0.0010071745644902577
        },
        "http_req_connecting": {
            "min": 0,
            "med": 0,
            "max": 1026.249949,
            "p(90)": 0,
            "p(95)": 0,
            "avg": 0.030396627357845398
        },
        "http_req_blocked": {
            "avg": 0.031096505054523358,
            "min": 0.000361,
            "med": 0.000541,
            "max": 1026.271312,
            "p(90)": 0.000968,
            "p(95)": 0.001108899999999994
        },
        "data_received": {
            "count": 1281521731,
            "rate": 11649986.832019543
        },
        "vus": {
            "value": 1,
            "min": 1,
            "max": 200
        },
        "iterations": {
            "count": 80423,
            "rate": 731.1049577445735
        },
        "http_req_tls_handshaking": {
            "min": 0,
            "med": 0,
            "max": 0,
            "p(90)": 0,
            "p(95)": 0,
            "avg": 0
        },
        "http_req_sending": {
            "p(95)": 0.005379,
            "avg": 0.003522294654514254,
            "min": 0.001888,
            "med": 0.003163,
            "max": 0.418711,
            "p(90)": 0.004719
        },
        "http_req_waiting": {
            "avg": 19.425172246111202,
            "min": 1.251497,
            "med": 17.038807,
            "max": 963.385519,
            "p(90)": 21.992786000000002,
            "p(95)": 56.18763219999995
        },
        "http_req_receiving": {
            "avg": 229.45420874871706,
            "min": 0.005234,
            "med": 190.751227,
            "max": 1838.619351,
            "p(90)": 431.24777280000006,
            "p(95)": 494.53956689999995
        },
        "data_sent": {
            "count": 8655990,
            "rate": 78689.39486449711
        },
        "http_req_duration{expected_response:true}": {
            "p(95)": 515.6542651499999,
            "avg": 249.09496394598014,
            "min": 1.985001,
            "med": 211.6629565,
            "max": 1855.97746,
            "p(90)": 451.21478240000005
        },
        "http_req_duration": {
            "avg": 248.88290328948122,
            "min": 1.985001,
            "med": 211.452065,
            "max": 1855.97746,
            "p(90)": 451.0915954,
            "p(95)": 515.6159117999999
        },
        "vus_max": {
            "value": 200,
            "min": 200,
            "max": 200
        },
        "iteration_duration": {
            "p(95)": 515.6667673,
            "avg": 248.95178392253482,
            "min": 2.006977,
            "med": 211.540575,
            "max": 1856.007777,
            "p(90)": 451.1531488000001
        }
    },
    "root_group": {
        "id": "d41d8cd98f00b204e9800998ecf8427e",
        "groups": {},
        "checks": {},
        "name": "",
        "path": ""
    }
}