{
    "root_group": {
        "groups": {},
        "checks": {},
        "name": "",
        "path": "",
        "id": "d41d8cd98f00b204e9800998ecf8427e"
    },
    "metrics": {
        "http_reqs": {
            "count": 80430,
            "rate": 731.1586290804362
        },
        "http_req_receiving": {
            "min": 0.004932,
            "med": 190.6488635,
            "max": 2061.636033,
            "p(90)": 430.11344190000005,
            "p(95)": 493.9063170500001,
            "avg": 229.33414541688674
        },
        "http_req_tls_handshaking": {
            "med": 0,
            "max": 0,
            "p(90)": 0,
            "p(95)": 0,
            "avg": 0,
            "min": 0
        },
        "http_req_failed": {
            "passes": 81,
            "fails": 80349,
            "value": 0.0010070869078701978
        },
        "iteration_duration": {
            "p(95)": 514.7602407500002,
            "avg": 248.9050829879262,
            "min": 1.865783,
            "med": 212.043622,
            "max": 2068.169123,
            "p(90)": 450.9064033000001
        },
        "http_req_sending": {
            "max": 0.335588,
            "p(90)": 0.004713,
            "p(95)": 0.005352,
            "avg": 0.003508556148203368,
            "min": 0.001927,
            "med": 0.003138
        },
        "http_req_duration{expected_response:true}": {
            "min": 1.842266,
            "med": 212.076686,
            "max": 2068.127931,
            "p(90)": 450.9586119999999,
            "p(95)": 514.8113606,
            "avg": 249.0467758669683
        },
        "http_req_blocked": {
            "avg": 0.021115384930996767,
            "min": 0.000358,
            "med": 0.000538,
            "max": 126.69226,
            "p(90)": 0.000962,
            "p(95)": 0.001094550000000003
        },
        "iterations": {
            "count": 80430,
            "rate": 731.1586290804362
        },
        "data_sent": {
            "count": 8656741,
            "rate": 78695.14959423603
        },
        "vus": {
            "value": 1,
            "min": 1,
            "max": 200
        },
        "http_req_waiting": {
            "p(90)": 25.64736400000041,
            "p(95)": 56.853499700000015,
            "avg": 19.508366970645138,
            "min": 1.293493,
            "med": 17.039407,
            "max": 813.948134
        },
        "vus_max": {
            "value": 200,
            "min": 200,
            "max": 200
        },
        "http_req_duration": {
            "p(95)": 514.6902225000001,
            "avg": 248.8460209436781,
            "min": 1.842266,
            "med": 211.963283,
            "max": 2068.127931,
            "p(90)": 450.8553065000001
        },
        "http_req_connecting": {
            "p(95)": 0,
            "avg": 0.020408042571179907,
            "min": 0,
            "med": 0,
            "max": 126.665974,
            "p(90)": 0
        },
        "data_received": {
            "count": 1281668784,
            "rate": 11651164.87684483
        }
    }
}