{
    "metrics": {
        "iterations": {
            "count": 1470837,
            "rate": 13371.134248888355
        },
        "vus_max": {
            "value": 200,
            "min": 200,
            "max": 200
        },
        "http_req_tls_handshaking": {
            "max": 0,
            "p(90)": 0,
            "p(95)": 0,
            "avg": 0,
            "min": 0,
            "med": 0
        },
        "http_req_receiving": {
            "avg": 0.008534460696868716,
            "min": 0.003165,
            "med": 0.006952,
            "max": 6.585039,
            "p(90)": 0.01217,
            "p(95)": 0.018091
        },
        "iteration_duration": {
            "min": 0.514968,
            "med": 14.23855,
            "max": 1034.512768,
            "p(90)": 15.199296,
            "p(95)": 15.5051346,
            "avg": 13.595462074968276
        },
        "vus": {
            "value": 1,
            "min": 1,
            "max": 200
        },
        "http_req_sending": {
            "avg": 0.0034734500519093127,
            "min": 0.001971,
            "med": 0.002965,
            "max": 7.94746,
            "p(90)": 0.004393,
            "p(95)": 0.005121
        },
        "http_req_failed": {
            "passes": 1470837,
            "fails": 0,
            "value": 1
        },
        "http_reqs": {
            "count": 1470837,
            "rate": 13371.134248888355
        },
        "http_req_waiting": {
            "avg": 13.544141052568694,
            "min": 0.473368,
            "med": 14.188092,
            "max": 1034.463677,
            "p(90)": 15.148108,
            "p(95)": 15.4532228
        },
        "data_received": {
            "count": 175022748,
            "rate": 1591102.6579541825
        },
        "http_req_connecting": {
            "avg": 0.000511506279077831,
            "min": 0,
            "med": 0,
            "max": 1.523894,
            "p(90)": 0,
            "p(95)": 0
        },
        "http_req_duration": {
            "avg": 13.55614896331797,
            "min": 0.482864,
            "med": 14.199869,
            "max": 1034.477126,
            "p(90)": 15.1602834,
            "p(95)": 15.4655336
        },
        "http_req_blocked": {
            "max": 1.599757,
            "p(90)": 0.000865,
            "p(95)": 0.001078,
            "avg": 0.0012348719130678375,
            "min": 0.000393,
            "med": 0.000581
        },
        "data_sent": {
            "count": 158307640,
            "rate": 1439148.3944615808
        }
    },
    "root_group": {
        "checks": {},
        "name": "",
        "path": "",
        "id": "d41d8cd98f00b204e9800998ecf8427e",
        "groups": {}
    }
}