{
    "root_group": {
        "id": "d41d8cd98f00b204e9800998ecf8427e",
        "groups": {},
        "checks": {},
        "name": "",
        "path": ""
    },
    "metrics": {
        "http_req_connecting": {
            "med": 0,
            "max": 1025.624501,
            "p(90)": 0,
            "p(95)": 0,
            "avg": 0.03449877337114007,
            "min": 0
        },
        "http_req_tls_handshaking": {
            "min": 0,
            "med": 0,
            "max": 0,
            "p(90)": 0,
            "p(95)": 0,
            "avg": 0
        },
        "http_req_duration": {
            "avg": 248.88214605573916,
            "min": 2.051257,
            "med": 210.535891,
            "max": 2374.116236,
            "p(90)": 452.1572648,
            "p(95)": 515.4491062
        },
        "iteration_duration": {
            "avg": 248.96340442145635,
            "min": 2.109576,
            "med": 210.642704,
            "max": 2374.154828,
            "p(90)": 452.219713,
            "p(95)": 515.5600623999997
        },
        "vus_max": {
            "max": 200,
            "value": 200,
            "min": 200
        },
        "http_req_failed": {
            "passes": 81,
            "fails": 80328,
            "value": 0.0010073499235160243
        },
        "data_sent": {
            "count": 8654487,
            "rate": 78675.35024001844
        },
        "iterations": {
            "count": 80409,
            "rate": 730.9741452554775
        },
        "http_req_sending": {
            "min": 0.00211,
            "med": 0.003815,
            "max": 1.604156,
            "p(90)": 0.005725,
            "p(95)": 0.006818,
            "avg": 0.004353284458207386
        },
        "http_reqs": {
            "count": 80409,
            "rate": 730.9741452554775
        },
        "http_req_receiving": {
            "avg": 229.40356091133953,
            "min": 0.005588,
            "med": 189.72468,
            "max": 2365.898556,
            "p(90)": 431.707804,
            "p(95)": 493.97611179999996
        },
        "http_req_duration{expected_response:true}": {
            "avg": 249.0948144275835,
            "min": 2.051257,
            "med": 210.7159835,
            "max": 2374.116236,
            "p(90)": 452.23585240000006,
            "p(95)": 515.5597740499999
        },
        "vus": {
            "value": 1,
            "min": 1,
            "max": 200
        },
        "http_req_blocked": {
            "avg": 0.035348220012683465,
            "min": 0.000375,
            "med": 0.000652,
            "max": 1025.65645,
            "p(90)": 0.001117,
            "p(95)": 0.001347
        },
        "data_received": {
            "rate": 11648205.010709576,
            "count": 1281331936
        },
        "http_req_waiting": {
            "med": 16.948225,
            "max": 873.400555,
            "p(90)": 24.399846999999973,
            "p(95)": 55.65693499999996,
            "avg": 19.474231859941206,
            "min": 1.495977
        }
    }
}