{
    "root_group": {
        "id": "d41d8cd98f00b204e9800998ecf8427e",
        "groups": {},
        "checks": {},
        "name": "",
        "path": ""
    },
    "metrics": {
        "http_req_waiting": {
            "max": 1667.837445,
            "p(90)": 23.926777999999942,
            "p(95)": 56.72832449999983,
            "avg": 19.465390928293523,
            "min": 1.341227,
            "med": 17.06018
        },
        "http_req_connecting": {
            "p(90)": 0,
            "p(95)": 0,
            "avg": 0.03200244815325899,
            "min": 0,
            "med": 0,
            "max": 1025.34171
        },
        "http_req_duration{expected_response:true}": {
            "max": 2186.549454,
            "p(90)": 451.899428,
            "p(95)": 515.9015208,
            "avg": 248.99910568362944,
            "min": 2.01229,
            "med": 211.88376399999999
        },
        "http_req_duration": {
            "min": 2.01229,
            "med": 211.772351,
            "max": 2186.549454,
            "p(90)": 451.756917,
            "p(95)": 515.8749572999999,
            "avg": 248.78919918344454
        },
        "http_req_failed": {
            "passes": 81,
            "fails": 80358,
            "value": 0.001006974228918808
        },
        "data_sent": {
            "count": 8657703,
            "rate": 78705.62852558919
        },
        "iteration_duration": {
            "p(95)": 515.9224608,
            "avg": 248.85969204495166,
            "min": 2.037015,
            "med": 211.813989,
            "max": 2186.586461,
            "p(90)": 451.79764659999995
        },
        "data_received": {
            "count": 1281802667,
            "rate": 11652638.644685721
        },
        "vus_max": {
            "max": 200,
            "value": 200,
            "min": 200
        },
        "http_req_receiving": {
            "min": 0.005227,
            "med": 190.529749,
            "max": 2171.412989,
            "p(90)": 430.88382499999994,
            "p(95)": 495.4358789999999,
            "avg": 229.3203054247533
        },
        "http_req_tls_handshaking": {
            "p(95)": 0,
            "avg": 0,
            "min": 0,
            "med": 0,
            "max": 0,
            "p(90)": 0
        },
        "iterations": {
            "count": 80439,
            "rate": 731.2565530337398
        },
        "http_req_sending": {
            "p(90)": 0.004733,
            "p(95)": 0.005363,
            "avg": 0.003502830393217207,
            "min": 0.001824,
            "med": 0.003139,
            "max": 0.285906
        },
        "http_reqs": {
            "count": 80439,
            "rate": 731.2565530337398
        },
        "http_req_blocked": {
            "p(95)": 0.001098,
            "avg": 0.032699035505163836,
            "min": 0.000359,
            "med": 0.000539,
            "max": 1025.364494,
            "p(90)": 0.000967
        },
        "vus": {
            "max": 200,
            "value": 1,
            "min": 1
        }
    }
}