{
    "root_group": {
        "name": "",
        "path": "",
        "id": "d41d8cd98f00b204e9800998ecf8427e",
        "groups": {},
        "checks": {}
    },
    "metrics": {
        "http_req_receiving": {
            "p(95)": 494.22582,
            "avg": 229.26136985274988,
            "min": 0.00553,
            "med": 190.599859,
            "max": 2461.917417,
            "p(90)": 431.052879
        },
        "http_req_duration{expected_response:true}": {
            "avg": 249.03195844639686,
            "min": 2.028712,
            "med": 211.840753,
            "max": 2480.542224,
            "p(90)": 451.6053074000001,
            "p(95)": 515.44919485
        },
        "http_req_waiting": {
            "avg": 19.54981215107963,
            "min": 1.363106,
            "med": 17.052844,
            "max": 808.919904,
            "p(90)": 22.388386,
            "p(95)": 56.121362
        },
        "vus": {
            "value": 1,
            "min": 1,
            "max": 200
        },
        "http_req_blocked": {
            "p(90)": 0.000966,
            "p(95)": 0.001102,
            "avg": 0.04737153175165562,
            "min": 0.000363,
            "med": 0.000544,
            "max": 1019.416719
        },
        "iteration_duration": {
            "p(90)": 451.599727,
            "p(95)": 515.483728,
            "avg": 248.90004001739868,
            "min": 2.053311,
            "med": 211.77251,
            "max": 2480.573505
        },
        "data_sent": {
            "count": 8655774,
            "rate": 78687.81872690724
        },
        "http_req_duration": {
            "max": 2480.542224,
            "p(90)": 451.517501,
            "p(95)": 515.391525,
            "avg": 248.8146996547731,
            "min": 2.028712,
            "med": 211.669962
        },
        "http_reqs": {
            "count": 80421,
            "rate": 731.0903761854927
        },
        "http_req_sending": {
            "p(95)": 0.005372,
            "avg": 0.003517650949378917,
            "min": 0.00184,
            "med": 0.003162,
            "max": 0.134851,
            "p(90)": 0.004719
        },
        "iterations": {
            "count": 80421,
            "rate": 731.0903761854927
        },
        "http_req_connecting": {
            "min": 0,
            "med": 0,
            "max": 1019.386085,
            "p(90)": 0,
            "p(95)": 0,
            "avg": 0.046668620783128785
        },
        "vus_max": {
            "max": 200,
            "value": 200,
            "min": 200
        },
        "http_req_tls_handshaking": {
            "min": 0,
            "med": 0,
            "max": 0,
            "p(90)": 0,
            "p(95)": 0,
            "avg": 0
        },
        "http_req_failed": {
            "passes": 81,
            "fails": 80340,
            "value": 0.001007199612041631
        },
        "data_received": {
            "count": 1281481773,
            "rate": 11649680.947730346
        }
    }
}