{
    "root_group": {
        "path": "",
        "id": "d41d8cd98f00b204e9800998ecf8427e",
        "groups": {},
        "checks": {},
        "name": ""
    },
    "metrics": {
        "http_req_tls_handshaking": {
            "avg": 0,
            "min": 0,
            "med": 0,
            "max": 0,
            "p(90)": 0,
            "p(95)": 0
        },
        "http_req_duration": {
            "med": 212.0095955,
            "max": 2090.621988,
            "p(90)": 451.08115599999996,
            "p(95)": 514.2635875,
            "avg": 248.8517225557953,
            "min": 1.990667
        },
        "http_req_sending": {
            "avg": 0.003921840748016799,
            "min": 0.002004,
            "med": 0.003481,
            "max": 0.535538,
            "p(90)": 0.005114,
            "p(95)": 0.00582375
        },
        "vus_max": {
            "value": 200,
            "min": 200,
            "max": 200
        },
        "http_req_blocked": {
            "avg": 0.02044544401064404,
            "min": 0.000366,
            "med": 0.000601,
            "max": 76.388157,
            "p(90)": 0.001011,
            "p(95)": 0.00118175
        },
        "http_req_failed": {
            "passes": 81,
            "fails": 80345,
            "value": 0.001007136995498968
        },
        "vus": {
            "value": 1,
            "min": 1,
            "max": 200
        },
        "http_req_receiving": {
            "avg": 229.28239452546362,
            "min": 0.006108,
            "med": 190.12403849999998,
            "max": 2072.760754,
            "p(90)": 430.8768865,
            "p(95)": 494.25109425
        },
        "data_received": {
            "count": 1281564678,
            "rate": 11650438.885008812
        },
        "iteration_duration": {
            "avg": 248.91367725011332,
            "min": 2.0224,
            "med": 212.06926950000002,
            "max": 2090.664141,
            "p(90)": 451.132302,
            "p(95)": 514.3167492499999
        },
        "http_req_connecting": {
            "med": 0,
            "max": 76.353988,
            "p(90)": 0,
            "p(95)": 0,
            "avg": 0.019670255738194118,
            "min": 0
        },
        "http_req_waiting": {
            "p(90)": 25.792653,
            "p(95)": 56.49155775,
            "avg": 19.565406189578006,
            "min": 1.393041,
            "med": 17.03305,
            "max": 812.890412
        },
        "iterations": {
            "count": 80426,
            "rate": 731.1360978113028
        },
        "http_reqs": {
            "rate": 731.1360978113028,
            "count": 80426
        },
        "http_req_duration{expected_response:true}": {
            "min": 1.990667,
            "med": 212.213791,
            "max": 2090.621988,
            "p(90)": 451.18516340000025,
            "p(95)": 514.3565736,
            "avg": 249.07895594735697
        },
        "data_sent": {
            "count": 8656309,
            "rate": 78692.71110970159
        }
    }
}