{
    "metrics": {
        "data_received": {
            "count": 1281785210,
            "rate": 11652338.26310687
        },
        "iterations": {
            "count": 80436,
            "rate": 731.2203895153885
        },
        "http_req_sending": {
            "p(95)": 0.005699,
            "avg": 0.003857635685513989,
            "min": 0.001956,
            "med": 0.003435,
            "max": 0.28975,
            "p(90)": 0.005037
        },
        "data_sent": {
            "count": 8657379,
            "rate": 78701.72614951446
        },
        "http_reqs": {
            "count": 80436,
            "rate": 731.2203895153885
        },
        "http_req_connecting": {
            "avg": 0.04361857542642597,
            "min": 0,
            "med": 0,
            "max": 1019.838082,
            "p(90)": 0,
            "p(95)": 0
        },
        "http_req_waiting": {
            "avg": 19.58503449295099,
            "min": 1.280219,
            "med": 17.0490165,
            "max": 839.334536,
            "p(90)": 27.386999,
            "p(95)": 56.34409275
        },
        "http_req_failed": {
            "passes": 81,
            "fails": 80355,
            "value": 0.0010070117857675668
        },
        "http_req_tls_handshaking": {
            "avg": 0,
            "min": 0,
            "med": 0,
            "max": 0,
            "p(90)": 0,
            "p(95)": 0
        },
        "iteration_duration": {
            "min": 2.004352,
            "med": 211.6474625,
            "max": 2210.98466,
            "p(90)": 452.17201950000003,
            "p(95)": 515.98315625,
            "avg": 248.8986829951251
        },
        "http_req_duration{expected_response:true}": {
            "med": 211.732829,
            "max": 2210.942656,
            "p(90)": 452.24163020000003,
            "p(95)": 515.9527822,
            "avg": 249.02018227495574,
            "min": 1.978192
        },
        "vus": {
            "max": 200,
            "value": 1,
            "min": 1
        },
        "http_req_blocked": {
            "avg": 0.044384883845541054,
            "min": 0.000374,
            "med": 0.000597,
            "max": 1019.86068,
            "p(90)": 0.000997,
            "p(95)": 0.00116
        },
        "http_req_receiving": {
            "p(95)": 495.153166,
            "avg": 229.2246850829342,
            "min": 0.004682,
            "med": 190.1469735,
            "max": 2192.48139,
            "p(90)": 431.2666025
        },
        "vus_max": {
            "value": 200,
            "min": 200,
            "max": 200
        },
        "http_req_duration": {
            "p(90)": 452.114158,
            "p(95)": 515.9202735,
            "avg": 248.8135772115727,
            "min": 1.978192,
            "med": 211.59198800000001,
            "max": 2210.942656
        }
    },
    "root_group": {
        "name": "",
        "path": "",
        "id": "d41d8cd98f00b204e9800998ecf8427e",
        "groups": {},
        "checks": {}
    }
}