{
    "root_group": {
        "name": "",
        "path": "",
        "id": "d41d8cd98f00b204e9800998ecf8427e",
        "groups": {},
        "checks": {}
    },
    "metrics": {
        "http_req_tls_handshaking": {
            "max": 0,
            "p(90)": 0,
            "p(95)": 0,
            "avg": 0,
            "min": 0,
            "med": 0
        },
        "http_req_blocked": {
            "max": 3.947199,
            "p(90)": 0.000827,
            "p(95)": 0.00103,
            "avg": 0.001189949619155741,
            "min": 0.000348,
            "med": 0.000543
        },
        "http_reqs": {
            "count": 1490765,
            "rate": 13552.327616779517
        },
        "data_sent": {
            "count": 160452523,
            "rate": 1458650.5308582175
        },
        "iteration_duration": {
            "avg": 13.413890163532434,
            "min": 0.513965,
            "med": 13.958997,
            "max": 1035.932197,
            "p(90)": 15.0377126,
            "p(95)": 15.420500800000001
        },
        "iterations": {
            "count": 1490765,
            "rate": 13552.327616779517
        },
        "http_req_receiving": {
            "p(90)": 0.011311600000000092,
            "p(95)": 0.017101,
            "avg": 0.008021576133059295,
            "min": 0.002813,
            "med": 0.006442,
            "max": 4.902564
        },
        "http_req_failed": {
            "passes": 1490765,
            "fails": 0,
            "value": 1
        },
        "vus_max": {
            "value": 200,
            "min": 200,
            "max": 200
        },
        "http_req_sending": {
            "p(95)": 0.004839,
            "avg": 0.003329425673396045,
            "min": 0.00184,
            "med": 0.002819,
            "max": 8.130827,
            "p(90)": 0.004119
        },
        "vus": {
            "value": 1,
            "min": 1,
            "max": 200
        },
        "http_req_duration": {
            "p(95)": 15.382235000000001,
            "avg": 13.376107945421927,
            "min": 0.485517,
            "med": 13.921209,
            "max": 1035.901497,
            "p(90)": 15.0005556
        },
        "data_received": {
            "count": 177394100,
            "rate": 1612663.9413212326
        },
        "http_req_waiting": {
            "avg": 13.364756943616221,
            "min": 0.47756,
            "med": 13.909603,
            "max": 1035.890958,
            "p(90)": 14.9892472,
            "p(95)": 15.370195800000001
        },
        "http_req_connecting": {
            "max": 3.885952,
            "p(90)": 0,
            "p(95)": 0,
            "avg": 0.0005081374026087274,
            "min": 0,
            "med": 0
        }
    }
}