{
    "metrics": {
        "iteration_duration": {
            "med": 211.989398,
            "max": 1950.233222,
            "p(90)": 450.2828878,
            "p(95)": 515.4328157999998,
            "avg": 249.15196798541544,
            "min": 2.119716
        },
        "data_received": {
            "count": 1280320392,
            "rate": 11639219.922484439
        },
        "vus_max": {
            "max": 200,
            "value": 200,
            "min": 200
        },
        "http_req_connecting": {
            "avg": 0.01854031169800988,
            "min": 0,
            "med": 0,
            "max": 79.186478,
            "p(90)": 0,
            "p(95)": 0
        },
        "http_req_blocked": {
            "min": 0.000376,
            "med": 0.0006,
            "max": 79.209829,
            "p(90)": 0.001009,
            "p(95)": 0.001178,
            "avg": 0.019321907214956323
        },
        "http_reqs": {
            "count": 80347,
            "rate": 730.4237353050432
        },
        "http_req_failed": {
            "passes": 81,
            "fails": 80266,
            "value": 0.001008127248061533
        },
        "http_req_waiting": {
            "avg": 19.52782944833044,
            "min": 1.508846,
            "med": 17.050347,
            "max": 840.763632,
            "p(90)": 25.612786400000218,
            "p(95)": 56.42115739999998
        },
        "data_sent": {
            "count": 8647818,
            "rate": 78616.14653687367
        },
        "http_req_duration{expected_response:true}": {
            "avg": 249.29761530359022,
            "min": 2.088558,
            "med": 212.0673885,
            "max": 1950.193402,
            "p(90)": 450.331805,
            "p(95)": 515.4611045
        },
        "http_req_tls_handshaking": {
            "max": 0,
            "p(90)": 0,
            "p(95)": 0,
            "avg": 0,
            "min": 0,
            "med": 0
        },
        "http_req_receiving": {
            "p(95)": 494.68777559999995,
            "avg": 229.55948687456794,
            "min": 0.005458,
            "med": 190.804526,
            "max": 1931.170513,
            "p(90)": 430.02179580000023
        },
        "http_req_duration": {
            "avg": 249.09122355800403,
            "min": 2.088558,
            "med": 211.941312,
            "max": 1950.193402,
            "p(90)": 450.2372414,
            "p(95)": 515.3548584
        },
        "http_req_sending": {
            "min": 0.002024,
            "med": 0.003471,
            "max": 0.169783,
            "p(90)": 0.005099,
            "p(95)": 0.005779,
            "avg": 0.003907235105231066
        },
        "iterations": {
            "count": 80347,
            "rate": 730.4237353050432
        },
        "vus": {
            "min": 1,
            "max": 200,
            "value": 1
        }
    },
    "root_group": {
        "path": "",
        "id": "d41d8cd98f00b204e9800998ecf8427e",
        "groups": {},
        "checks": {},
        "name": ""
    }
}