{
    "root_group": {
        "id": "d41d8cd98f00b204e9800998ecf8427e",
        "groups": {},
        "checks": {},
        "name": "",
        "path": ""
    },
    "metrics": {
        "http_req_tls_handshaking": {
            "p(90)": 0,
            "p(95)": 0,
            "avg": 0,
            "min": 0,
            "med": 0,
            "max": 0
        },
        "vus": {
            "value": 1,
            "min": 1,
            "max": 200
        },
        "http_req_receiving": {
            "med": 0.006489,
            "max": 3.853472,
            "p(90)": 0.012013,
            "p(95)": 0.018481,
            "avg": 0.0081476868021859,
            "min": 0.00278
        },
        "vus_max": {
            "value": 200,
            "min": 200,
            "max": 200
        },
        "http_req_connecting": {
            "avg": 0.0005191210671881476,
            "min": 0,
            "med": 0,
            "max": 4.837593,
            "p(90)": 0,
            "p(95)": 0
        },
        "http_req_blocked": {
            "p(90)": 0.000827,
            "p(95)": 0.001027,
            "avg": 0.00119974485789184,
            "min": 0.000347,
            "med": 0.000542,
            "max": 4.880251
        },
        "iteration_duration": {
            "max": 1048.201494,
            "p(90)": 15.0572128,
            "p(95)": 15.387559399999999,
            "avg": 13.512441186466331,
            "min": 0.50281,
            "med": 14.123468
        },
        "http_reqs": {
            "count": 1479889,
            "rate": 13453.286269857566
        },
        "http_req_failed": {
            "passes": 1479889,
            "fails": 0,
            "value": 1
        },
        "data_received": {
            "count": 176099901,
            "rate": 1600878.4309137892
        },
        "http_req_duration": {
            "avg": 13.474665577497095,
            "min": 0.477712,
            "med": 14.085931,
            "max": 1048.17155,
            "p(90)": 15.019533,
            "p(95)": 15.349968399999998
        },
        "http_req_sending": {
            "min": 0.001808,
            "med": 0.002815,
            "max": 3.170576,
            "p(90)": 0.004107,
            "p(95)": 0.004789,
            "avg": 0.0032927696225867322
        },
        "http_req_waiting": {
            "min": 0.470334,
            "med": 14.074586,
            "max": 1048.160402,
            "p(90)": 15.007886,
            "p(95)": 15.337944,
            "avg": 13.463225121071495
        },
        "data_sent": {
            "count": 159281929,
            "rate": 1447990.6185207998
        },
        "iterations": {
            "count": 1479889,
            "rate": 13453.286269857566
        }
    }
}