{
    "root_group": {
        "checks": {},
        "name": "",
        "path": "",
        "id": "d41d8cd98f00b204e9800998ecf8427e",
        "groups": {}
    },
    "metrics": {
        "iterations": {
            "count": 80405,
            "rate": 730.9465992941947
        },
        "http_req_sending": {
            "min": 0.002015,
            "med": 0.003495,
            "max": 0.119924,
            "p(90)": 0.005154,
            "p(95)": 0.005853,
            "avg": 0.003951829886201062
        },
        "vus": {
            "value": 1,
            "min": 1,
            "max": 200
        },
        "http_req_receiving": {
            "p(90)": 430.54835660000003,
            "p(95)": 494.02197800000005,
            "avg": 229.23628041359365,
            "min": 0.005047,
            "med": 190.718197,
            "max": 3577.072364
        },
        "data_sent": {
            "count": 8654060,
            "rate": 78672.41747513112
        },
        "iteration_duration": {
            "min": 2.003628,
            "med": 211.97488,
            "max": 3651.744998,
            "p(90)": 451.58971080000003,
            "p(95)": 514.2647468000001,
            "avg": 248.96106548772957
        },
        "http_req_waiting": {
            "med": 17.025862,
            "max": 841.564813,
            "p(90)": 25.913003600000014,
            "p(95)": 56.2812842,
            "avg": 19.607234209402314,
            "min": 1.413795
        },
        "data_received": {
            "count": 1281277662,
            "rate": 11647852.121018799
        },
        "http_req_failed": {
            "passes": 81,
            "fails": 80324,
            "value": 0.0010074000373111124
        },
        "http_req_tls_handshaking": {
            "max": 0,
            "p(90)": 0,
            "p(95)": 0,
            "avg": 0,
            "min": 0,
            "med": 0
        },
        "vus_max": {
            "value": 200,
            "min": 200,
            "max": 200
        },
        "http_req_duration": {
            "min": 1.974049,
            "med": 211.912641,
            "max": 3651.691841,
            "p(90)": 451.5345582000001,
            "p(95)": 513.9951002,
            "avg": 248.8474664528847
        },
        "http_req_blocked": {
            "avg": 0.07147105641440103,
            "min": 0.000379,
            "med": 0.000604,
            "max": 1030.629948,
            "p(90)": 0.001024,
            "p(95)": 0.001202
        },
        "http_reqs": {
            "count": 80405,
            "rate": 730.9465992941947
        },
        "http_req_connecting": {
            "avg": 0.07067450760524849,
            "min": 0,
            "med": 0,
            "max": 1030.603964,
            "p(90)": 0,
            "p(95)": 0
        },
        "http_req_duration{expected_response:true}": {
            "avg": 249.06420637945322,
            "min": 1.974049,
            "med": 212.02038,
            "max": 3651.691841,
            "p(90)": 451.63461179999996,
            "p(95)": 514.2029887499999
        }
    }
}