{
    "root_group": {
        "groups": {},
        "checks": {},
        "name": "",
        "path": "",
        "id": "d41d8cd98f00b204e9800998ecf8427e"
    },
    "metrics": {
        "http_req_failed": {
            "passes": 1470026,
            "fails": 0,
            "value": 1
        },
        "http_req_duration": {
            "avg": 13.563787297251327,
            "min": 0.444217,
            "med": 14.2067885,
            "max": 1042.755844,
            "p(90)": 15.196413499999998,
            "p(95)": 15.51271175
        },
        "http_req_blocked": {
            "p(90)": 0.000861,
            "p(95)": 0.001064,
            "avg": 0.0012311939149381706,
            "min": 0.000379,
            "med": 0.000572,
            "max": 1.54003
        },
        "http_req_receiving": {
            "med": 0.006942,
            "max": 6.729474,
            "p(90)": 0.012241,
            "p(95)": 0.018346,
            "avg": 0.008595598602337743,
            "min": 0.003252
        },
        "http_reqs": {
            "count": 1470026,
            "rate": 13363.759755150284
        },
        "data_sent": {
            "count": 158220359,
            "rate": 1438354.7406982123
        },
        "iteration_duration": {
            "avg": 13.602965082088934,
            "min": 0.472437,
            "med": 14.245378500000001,
            "max": 1042.793297,
            "p(90)": 15.235357,
            "p(95)": 15.55129625
        },
        "http_req_connecting": {
            "avg": 0.0005132779209347315,
            "min": 0,
            "med": 0,
            "max": 1.477376,
            "p(90)": 0,
            "p(95)": 0
        },
        "iterations": {
            "count": 1470026,
            "rate": 13363.759755150284
        },
        "http_req_sending": {
            "p(95)": 0.005073,
            "avg": 0.003486150126596526,
            "min": 0.001969,
            "med": 0.002961,
            "max": 1.410731,
            "p(90)": 0.004369
        },
        "vus": {
            "value": 1,
            "min": 1,
            "max": 200
        },
        "vus_max": {
            "max": 200,
            "value": 200,
            "min": 200
        },
        "data_received": {
            "count": 174926224,
            "rate": 1590224.9568453918
        },
        "http_req_tls_handshaking": {
            "p(95)": 0,
            "avg": 0,
            "min": 0,
            "med": 0,
            "max": 0,
            "p(90)": 0
        },
        "http_req_waiting": {
            "med": 14.1948525,
            "max": 1042.743966,
            "p(90)": 15.1838005,
            "p(95)": 15.49993175,
            "avg": 13.551705548522236,
            "min": 0.436433
        }
    }
}