{
    "metrics": {
        "http_req_failed": {
            "fails": 0,
            "passes": 1464986,
            "value": 1
        },
        "http_req_duration": {
            "p(95)": 15.56253875,
            "avg": 13.611977028300204,
            "min": 0.470498,
            "med": 14.20995,
            "max": 1026.355695,
            "p(90)": 15.221945
        },
        "data_sent": {
            "rate": 1433424.699376064,
            "count": 157677903
        },
        "http_req_connecting": {
            "avg": 0.0005159097622775922,
            "min": 0,
            "med": 0,
            "max": 3.906778,
            "p(90)": 0,
            "p(95)": 0
        },
        "http_reqs": {
            "count": 1464986,
            "rate": 13317.954365743577
        },
        "data_received": {
            "count": 174326524,
            "rate": 1584774.6608982629
        },
        "http_req_blocked": {
            "med": 0.000541,
            "max": 3.973316,
            "p(90)": 0.000828,
            "p(95)": 0.001032,
            "avg": 0.0011996780938525794,
            "min": 0.000349
        },
        "vus_max": {
            "min": 200,
            "max": 200,
            "value": 200
        },
        "iterations": {
            "count": 1464986,
            "rate": 13317.954365743577
        },
        "vus": {
            "min": 1,
            "max": 200,
            "value": 1
        },
        "http_req_sending": {
            "med": 0.00282,
            "max": 4.442947,
            "p(90)": 0.004128,
            "p(95)": 0.004846,
            "avg": 0.003323494560357753,
            "min": 0.001819
        },
        "http_req_tls_handshaking": {
            "avg": 0,
            "min": 0,
            "med": 0,
            "max": 0,
            "p(90)": 0,
            "p(95)": 0
        },
        "iteration_duration": {
            "med": 14.2476815,
            "max": 1026.391953,
            "p(90)": 15.2595435,
            "p(95)": 15.600726,
            "avg": 13.649920539659789,
            "min": 0.511251
        },
        "http_req_receiving": {
            "avg": 0.008394319403052566,
            "min": 0.002742,
            "med": 0.006494,
            "max": 7.773956,
            "p(90)": 0.012016,
            "p(95)": 0.018356
        },
        "http_req_waiting": {
            "p(95)": 15.55073925,
            "avg": 13.600259214336756,
            "min": 0.459164,
            "med": 14.198646499999999,
            "max": 1026.344492,
            "p(90)": 15.2099865
        }
    },
    "root_group": {
        "name": "",
        "path": "",
        "id": "d41d8cd98f00b204e9800998ecf8427e",
        "groups": {},
        "checks": {}
    }
}