{
    "root_group": {
        "name": "",
        "path": "",
        "id": "d41d8cd98f00b204e9800998ecf8427e",
        "groups": {},
        "checks": {}
    },
    "metrics": {
        "http_reqs": {
            "count": 80396,
            "rate": 730.8557183599362
        },
        "data_received": {
            "count": 1281146226,
            "rate": 11646512.82809283
        },
        "vus": {
            "value": 1,
            "min": 1,
            "max": 200
        },
        "http_req_duration{expected_response:true}": {
            "max": 1987.107462,
            "p(90)": 451.888367,
            "p(95)": 515.9559541,
            "avg": 249.14973301060022,
            "min": 2.42802,
            "med": 211.657078
        },
        "data_sent": {
            "count": 8653093,
            "rate": 78662.65113376705
        },
        "http_req_sending": {
            "p(90)": 0.005087,
            "p(95)": 0.00576925,
            "avg": 0.003877028508881036,
            "min": 0.002037,
            "med": 0.003447,
            "max": 0.183322
        },
        "http_req_tls_handshaking": {
            "med": 0,
            "max": 0,
            "p(90)": 0,
            "p(95)": 0,
            "avg": 0,
            "min": 0
        },
        "http_req_blocked": {
            "p(90)": 0.001007,
            "p(95)": 0.001173,
            "avg": 0.03189717698641622,
            "min": 0.000374,
            "med": 0.000591,
            "max": 1030.610631
        },
        "http_req_receiving": {
            "min": 0.005055,
            "med": 190.07295599999998,
            "max": 1978.231578,
            "p(90)": 431.482034,
            "p(95)": 495.02436975,
            "avg": 229.24903516755936
        },
        "iteration_duration": {
            "max": 1987.149723,
            "p(90)": 451.87988399999995,
            "p(95)": 515.99304925,
            "avg": 249.00645440020546,
            "min": 2.464693,
            "med": 211.56297999999998
        },
        "http_req_failed": {
            "passes": 81,
            "fails": 80315,
            "value": 0.0010075128115826658
        },
        "http_req_connecting": {
            "avg": 0.031132849768645204,
            "min": 0,
            "med": 0,
            "max": 1030.56008,
            "p(90)": 0,
            "p(95)": 0
        },
        "vus_max": {
            "max": 200,
            "value": 200,
            "min": 200
        },
        "http_req_duration": {
            "p(90)": 451.8288145,
            "p(95)": 515.926367,
            "avg": 248.93294111001,
            "min": 2.42802,
            "med": 211.5033455,
            "max": 1987.107462
        },
        "iterations": {
            "count": 80396,
            "rate": 730.8557183599362
        },
        "http_req_waiting": {
            "avg": 19.680028913938447,
            "min": 1.522312,
            "med": 17.045267000000003,
            "max": 754.600716,
            "p(90)": 28.315979,
            "p(95)": 57.40666575
        }
    }
}