{
    "metrics": {
        "vus": {
            "min": 1,
            "max": 200,
            "value": 1
        },
        "http_req_duration": {
            "min": 1.864061,
            "med": 210.67727250000002,
            "max": 2135.452431,
            "p(90)": 452.933934,
            "p(95)": 515.9645485000001,
            "avg": 248.88889135302762
        },
        "http_req_connecting": {
            "max": 85.021925,
            "p(90)": 0,
            "p(95)": 0,
            "avg": 0.016003990723239155,
            "min": 0,
            "med": 0
        },
        "http_req_receiving": {
            "max": 2117.85098,
            "p(90)": 432.3513915,
            "p(95)": 495.27669125,
            "avg": 229.31192453050195,
            "min": 0.005523,
            "med": 189.061722
        },
        "data_sent": {
            "count": 8655238,
            "rate": 78682.70405541638
        },
        "http_reqs": {
            "count": 80416,
            "rate": 731.0426737335663
        },
        "http_req_tls_handshaking": {
            "min": 0,
            "med": 0,
            "max": 0,
            "p(90)": 0,
            "p(95)": 0,
            "avg": 0
        },
        "http_req_blocked": {
            "max": 85.042445,
            "p(90)": 0.001009,
            "p(95)": 0.001126,
            "avg": 0.01674351152755729,
            "min": 0.000385,
            "med": 0.000568
        },
        "data_received": {
            "count": 1281434817,
            "rate": 11649218.25053426
        },
        "http_req_duration{expected_response:true}": {
            "p(90)": 453.05350040000025,
            "p(95)": 515.9750413,
            "avg": 249.1077223944117,
            "min": 1.864061,
            "med": 210.901091,
            "max": 2135.452431
        },
        "vus_max": {
            "value": 200,
            "min": 200,
            "max": 200
        },
        "http_req_failed": {
            "passes": 81,
            "fails": 80335,
            "value": 0.0010072622363708715
        },
        "iteration_duration": {
            "med": 210.72124,
            "max": 2135.49027,
            "p(90)": 452.9789085,
            "p(95)": 516.00641,
            "avg": 248.9439437525357,
            "min": 1.887678
        },
        "iterations": {
            "count": 80416,
            "rate": 731.0426737335663
        },
        "http_req_waiting": {
            "avg": 19.573428990810214,
            "min": 1.270354,
            "med": 17.058325,
            "max": 832.305579,
            "p(90)": 25.8955225,
            "p(95)": 56.18546475
        },
        "http_req_sending": {
            "med": 0.003139,
            "max": 0.672505,
            "p(90)": 0.004864,
            "p(95)": 0.00551,
            "avg": 0.0035378317125945268,
            "min": 0.001969
        }
    },
    "root_group": {
        "name": "",
        "path": "",
        "id": "d41d8cd98f00b204e9800998ecf8427e",
        "groups": {},
        "checks": {}
    }
}