{
    "root_group": {
        "name": "",
        "path": "",
        "id": "d41d8cd98f00b204e9800998ecf8427e",
        "groups": {},
        "checks": {}
    },
    "metrics": {
        "http_req_duration": {
            "avg": 248.8535235969827,
            "min": 1.951191,
            "med": 211.80960349999998,
            "max": 2193.978605,
            "p(90)": 450.81200440000003,
            "p(95)": 512.6701630499999
        },
        "http_reqs": {
            "count": 80428,
            "rate": 731.1499689706196
        },
        "http_req_receiving": {
            "avg": 229.29851583492012,
            "min": 0.005516,
            "med": 190.768882,
            "max": 2186.857821,
            "p(90)": 430.8653374,
            "p(95)": 493.4644081999999
        },
        "http_req_failed": {
            "passes": 81,
            "fails": 80347,
            "value": 0.0010071119510618193
        },
        "http_req_duration{expected_response:true}": {
            "p(90)": 450.9610408000001,
            "p(95)": 512.7120267999999,
            "avg": 249.06469924390618,
            "min": 1.951191,
            "med": 211.926213,
            "max": 2193.978605
        },
        "data_received": {
            "count": 1281585007,
            "rate": 11650555.006978432
        },
        "vus_max": {
            "value": 200,
            "min": 200,
            "max": 200
        },
        "http_req_tls_handshaking": {
            "min": 0,
            "med": 0,
            "max": 0,
            "p(90)": 0,
            "p(95)": 0,
            "avg": 0
        },
        "http_req_blocked": {
            "med": 0.000539,
            "max": 151.784907,
            "p(90)": 0.000966,
            "p(95)": 0.001099,
            "avg": 0.019851875478689447,
            "min": 0.000355
        },
        "http_req_connecting": {
            "max": 151.762564,
            "p(90)": 0,
            "p(95)": 0,
            "avg": 0.01915309107524743,
            "min": 0,
            "med": 0
        },
        "iteration_duration": {
            "med": 211.845645,
            "max": 2194.027117,
            "p(90)": 450.8456093,
            "p(95)": 512.71180625,
            "avg": 248.9107439237843,
            "min": 1.976805
        },
        "http_req_sending": {
            "avg": 0.003477153155617416,
            "min": 0.001866,
            "med": 0.00312,
            "max": 0.199235,
            "p(90)": 0.004682,
            "p(95)": 0.005314
        },
        "data_sent": {
            "count": 8656525,
            "rate": 78694.21078658418
        },
        "vus": {
            "value": 1,
            "min": 1,
            "max": 200
        },
        "http_req_waiting": {
            "p(90)": 23.093747700000122,
            "p(95)": 55.7863444,
            "avg": 19.55153060890498,
            "min": 1.475782,
            "med": 17.010321,
            "max": 878.643502
        },
        "iterations": {
            "count": 80428,
            "rate": 731.1499689706196
        }
    }
}