{
    "root_group": {
        "name": "",
        "path": "",
        "id": "d41d8cd98f00b204e9800998ecf8427e",
        "groups": {},
        "checks": {}
    },
    "metrics": {
        "http_reqs": {
            "count": 80429,
            "rate": 731.1458969501361
        },
        "http_req_tls_handshaking": {
            "min": 0,
            "med": 0,
            "max": 0,
            "p(90)": 0,
            "p(95)": 0,
            "avg": 0
        },
        "http_req_duration{expected_response:true}": {
            "med": 210.8801245,
            "max": 2276.870808,
            "p(90)": 453.40852830000006,
            "p(95)": 516.0496529,
            "avg": 249.0179388658959,
            "min": 1.968147
        },
        "http_req_receiving": {
            "min": 0.005222,
            "med": 189.416552,
            "max": 1965.698838,
            "p(90)": 432.84933420000004,
            "p(95)": 494.8231705999996,
            "avg": 229.12188754163276
        },
        "data_received": {
            "count": 1281658723,
            "rate": 11651015.387631342
        },
        "http_req_waiting": {
            "p(95)": 56.644791999999974,
            "avg": 19.670303018426203,
            "min": 1.126512,
            "med": 17.056361,
            "max": 844.984337,
            "p(90)": 27.545388999999982
        },
        "iterations": {
            "count": 80429,
            "rate": 731.1458969501361
        },
        "http_req_duration": {
            "p(90)": 453.25426279999994,
            "p(95)": 516.0301104,
            "avg": 248.79607805306543,
            "min": 1.968147,
            "med": 210.69206,
            "max": 2276.870808
        },
        "iteration_duration": {
            "p(90)": 453.3424465999999,
            "p(95)": 516.0945893999999,
            "avg": 248.88384937942752,
            "min": 2.005174,
            "med": 210.771943,
            "max": 2276.906174
        },
        "vus_max": {
            "value": 200,
            "min": 200,
            "max": 200
        },
        "http_req_blocked": {
            "med": 0.000597,
            "max": 1022.19693,
            "p(90)": 0.000998,
            "p(95)": 0.001158,
            "avg": 0.0466813771027846,
            "min": 0.00037
        },
        "http_req_failed": {
            "passes": 81,
            "fails": 80348,
            "value": 0.0010070994293103234
        },
        "vus": {
            "value": 1,
            "min": 1,
            "max": 200
        },
        "http_req_connecting": {
            "p(95)": 0,
            "avg": 0.045910804858943895,
            "min": 0,
            "med": 0,
            "max": 1022.169462,
            "p(90)": 0
        },
        "http_req_sending": {
            "avg": 0.003887493006253924,
            "min": 0.001923,
            "med": 0.003463,
            "max": 0.140086,
            "p(90)": 0.005075,
            "p(95)": 0.005755
        },
        "data_sent": {
            "rate": 78693.77586881781,
            "count": 8656633
        }
    }
}