{
    "root_group": {
        "name": "",
        "path": "",
        "id": "d41d8cd98f00b204e9800998ecf8427e",
        "groups": {},
        "checks": {}
    },
    "metrics": {
        "http_reqs": {
            "count": 1475298,
            "rate": 13411.661591286605
        },
        "iteration_duration": {
            "avg": 13.554534786991105,
            "min": 0.520914,
            "med": 14.220795,
            "max": 320.968322,
            "p(90)": 15.2001145,
            "p(95)": 15.54671745
        },
        "http_req_tls_handshaking": {
            "max": 0,
            "p(90)": 0,
            "p(95)": 0,
            "avg": 0,
            "min": 0,
            "med": 0
        },
        "http_req_waiting": {
            "med": 14.1723175,
            "max": 318.84432,
            "p(90)": 15.1512162,
            "p(95)": 15.49663195,
            "avg": 13.50531286518288,
            "min": 0.451991
        },
        "http_req_failed": {
            "passes": 1475298,
            "fails": 0,
            "value": 1
        },
        "http_req_sending": {
            "avg": 0.0032974911028145594,
            "min": 0.001795,
            "med": 0.002817,
            "max": 3.295597,
            "p(90)": 0.004115,
            "p(95)": 0.004811
        },
        "vus": {
            "value": 1,
            "min": 1,
            "max": 200
        },
        "vus_max": {
            "max": 200,
            "value": 200,
            "min": 200
        },
        "iterations": {
            "count": 1475298,
            "rate": 13411.661591286605
        },
        "http_req_duration": {
            "max": 319.14422,
            "p(90)": 15.1628903,
            "p(95)": 15.508456,
            "avg": 13.516729724564973,
            "min": 0.484559,
            "med": 14.183601
        },
        "http_req_connecting": {
            "p(95)": 0,
            "avg": 0.000516626648988883,
            "min": 0,
            "med": 0,
            "max": 2.323716,
            "p(90)": 0
        },
        "data_received": {
            "count": 175553567,
            "rate": 1595925.0481917956
        },
        "http_req_receiving": {
            "avg": 0.008119368279493569,
            "min": 0.002656,
            "med": 0.006463,
            "max": 3.302497,
            "p(90)": 0.01191,
            "p(95)": 0.018201
        },
        "data_sent": {
            "count": 158787791,
            "rate": 1443510.4756597953
        },
        "http_req_blocked": {
            "avg": 0.00120103678714444,
            "min": 0.000353,
            "med": 0.000543,
            "max": 2.390271,
            "p(90)": 0.00083,
            "p(95)": 0.001032
        }
    }
}