{
    "root_group": {
        "id": "d41d8cd98f00b204e9800998ecf8427e",
        "groups": {},
        "checks": {},
        "name": "",
        "path": ""
    },
    "metrics": {
        "data_received": {
            "count": 176286835,
            "rate": 1602590.5628307387
        },
        "http_reqs": {
            "rate": 13467.675083117954,
            "count": 1481460
        },
        "http_req_failed": {
            "passes": 1481460,
            "fails": 0,
            "value": 1
        },
        "vus": {
            "value": 1,
            "min": 1,
            "max": 200
        },
        "http_req_duration": {
            "p(95)": 15.31848705,
            "avg": 13.458369731569945,
            "min": 0.521646,
            "med": 14.0591095,
            "max": 1037.830972,
            "p(90)": 14.999568
        },
        "http_req_sending": {
            "p(90)": 0.004422,
            "p(95)": 0.005164,
            "avg": 0.0035328955483104776,
            "min": 0.001966,
            "med": 0.00298,
            "max": 2.861353
        },
        "http_req_tls_handshaking": {
            "avg": 0,
            "min": 0,
            "med": 0,
            "max": 0,
            "p(90)": 0,
            "p(95)": 0
        },
        "http_req_receiving": {
            "avg": 0.008555584781904543,
            "min": 0.003151,
            "med": 0.006978,
            "max": 6.789126,
            "p(90)": 0.011718,
            "p(95)": 0.017129
        },
        "data_sent": {
            "count": 159451002,
            "rate": 1449539.1617820198
        },
        "iteration_duration": {
            "p(95)": 15.35751515,
            "avg": 13.497893501656296,
            "min": 0.548666,
            "med": 14.0979525,
            "max": 1037.861224,
            "p(90)": 15.0385503
        },
        "http_req_connecting": {
            "p(95)": 0,
            "avg": 0.0005079763787074912,
            "min": 0,
            "med": 0,
            "max": 3.444913,
            "p(90)": 0
        },
        "vus_max": {
            "value": 200,
            "min": 200,
            "max": 200
        },
        "http_req_blocked": {
            "min": 0.000387,
            "med": 0.000569,
            "max": 3.477849,
            "p(90)": 0.000867,
            "p(95)": 0.001072,
            "avg": 0.0012289069998520756
        },
        "http_req_waiting": {
            "avg": 13.446281251240261,
            "min": 0.513781,
            "med": 14.047266,
            "max": 1037.820894,
            "p(90)": 14.9871826,
            "p(95)": 15.3057782
        },
        "iterations": {
            "count": 1481460,
            "rate": 13467.675083117954
        }
    }
}