{
    "root_group": {
        "groups": {},
        "checks": {},
        "name": "",
        "path": "",
        "id": "d41d8cd98f00b204e9800998ecf8427e"
    },
    "metrics": {
        "vus_max": {
            "value": 200,
            "min": 200,
            "max": 200
        },
        "http_req_duration": {
            "min": 0.488148,
            "med": 14.366786000000001,
            "max": 328.926215,
            "p(90)": 15.4735975,
            "p(95)": 15.84200575,
            "avg": 13.728785190016012
        },
        "http_req_connecting": {
            "avg": 0.0005209238735742819,
            "min": 0,
            "med": 0,
            "max": 8.770255,
            "p(90)": 0,
            "p(95)": 0
        },
        "iteration_duration": {
            "med": 14.405609,
            "max": 330.349829,
            "p(90)": 15.512203,
            "p(95)": 15.881288999999999,
            "avg": 13.76788389435481,
            "min": 0.515134
        },
        "http_reqs": {
            "count": 1452426,
            "rate": 13203.830737530528
        },
        "http_req_failed": {
            "passes": 1452426,
            "fails": 0,
            "value": 1
        },
        "vus": {
            "value": 1,
            "min": 1,
            "max": 200
        },
        "data_received": {
            "count": 172831889,
            "rate": 1571193.9943265023
        },
        "data_sent": {
            "count": 156326041,
            "rate": 1421141.307875415
        },
        "http_req_receiving": {
            "min": 0.003005,
            "med": 0.006974,
            "max": 3.3071,
            "p(90)": 0.012278,
            "p(95)": 0.01819,
            "avg": 0.008604882688687816
        },
        "iterations": {
            "count": 1452426,
            "rate": 13203.830737530528
        },
        "http_req_blocked": {
            "min": 0.000384,
            "med": 0.000571,
            "max": 8.804391,
            "p(90)": 0.000869,
            "p(95)": 0.001077,
            "avg": 0.001236140719734325
        },
        "http_req_tls_handshaking": {
            "avg": 0,
            "min": 0,
            "med": 0,
            "max": 0,
            "p(90)": 0,
            "p(95)": 0
        },
        "http_req_sending": {
            "avg": 0.0034497263771100465,
            "min": 0.001947,
            "med": 0.002972,
            "max": 1.313228,
            "p(90)": 0.004398,
            "p(95)": 0.005122
        },
        "http_req_waiting": {
            "avg": 13.716730580949694,
            "min": 0.48017,
            "med": 14.354689,
            "max": 328.831764,
            "p(90)": 15.4612665,
            "p(95)": 15.82921
        }
    }
}