{
    "root_group": {
        "id": "d41d8cd98f00b204e9800998ecf8427e",
        "groups": {},
        "checks": {},
        "name": "",
        "path": ""
    },
    "metrics": {
        "vus_max": {
            "value": 200,
            "min": 200,
            "max": 200
        },
        "http_req_blocked": {
            "avg": 0.0012359606615809215,
            "min": 0.000374,
            "med": 0.000575,
            "max": 3.564599,
            "p(90)": 0.000867,
            "p(95)": 0.001071
        },
        "http_req_sending": {
            "avg": 0.003506271203477768,
            "min": 0.001941,
            "med": 0.00301,
            "max": 7.114776,
            "p(90)": 0.004433,
            "p(95)": 0.005138
        },
        "http_req_receiving": {
            "med": 0.00699,
            "max": 5.580816,
            "p(90)": 0.012063,
            "p(95)": 0.01793,
            "avg": 0.008545396539045062,
            "min": 0.00319
        },
        "http_req_waiting": {
            "avg": 13.538902513451852,
            "min": 0.464653,
            "med": 14.222545499999999,
            "max": 314.807235,
            "p(90)": 15.118649000000001,
            "p(95)": 15.4065695
        },
        "iterations": {
            "count": 1471386,
            "rate": 13376.073731130307
        },
        "http_req_failed": {
            "passes": 1471386,
            "fails": 0,
            "value": 1
        },
        "http_req_connecting": {
            "med": 0,
            "max": 2.434351,
            "p(90)": 0,
            "p(95)": 0,
            "avg": 0.0005156589637253591,
            "min": 0
        },
        "vus": {
            "value": 1,
            "min": 1,
            "max": 200
        },
        "http_req_duration": {
            "p(90)": 15.1306655,
            "p(95)": 15.419099,
            "avg": 13.550954181193859,
            "min": 0.472244,
            "med": 14.2344,
            "max": 315.079681
        },
        "data_received": {
            "count": 175088074,
            "rate": 1591690.4111263796
        },
        "data_sent": {
            "count": 158366734,
            "rate": 1439680.0775203113
        },
        "iteration_duration": {
            "avg": 13.59032092049351,
            "min": 0.50677,
            "med": 14.273195,
            "max": 316.833565,
            "p(90)": 15.169424,
            "p(95)": 15.4575595
        },
        "http_reqs": {
            "count": 1471386,
            "rate": 13376.073731130307
        },
        "http_req_tls_handshaking": {
            "med": 0,
            "max": 0,
            "p(90)": 0,
            "p(95)": 0,
            "avg": 0,
            "min": 0
        }
    }
}