{
    "root_group": {
        "name": "",
        "path": "",
        "id": "d41d8cd98f00b204e9800998ecf8427e",
        "groups": {},
        "checks": {}
    },
    "metrics": {
        "http_reqs": {
            "count": 1446865,
            "rate": 13153.103819706548
        },
        "data_received": {
            "count": 172170170,
            "rate": 1565157.8555473564
        },
        "http_req_tls_handshaking": {
            "p(90)": 0,
            "p(95)": 0,
            "avg": 0,
            "min": 0,
            "med": 0,
            "max": 0
        },
        "http_req_failed": {
            "passes": 1446865,
            "fails": 0,
            "value": 1
        },
        "vus_max": {
            "min": 200,
            "max": 200,
            "value": 200
        },
        "http_req_blocked": {
            "avg": 0.001236202165371911,
            "min": 0.000376,
            "med": 0.00057,
            "max": 5.658148,
            "p(90)": 0.000867,
            "p(95)": 0.001075
        },
        "http_req_waiting": {
            "p(90)": 15.4720502,
            "p(95)": 15.869515600000001,
            "avg": 13.768901873900516,
            "min": 0.4655,
            "med": 14.352391,
            "max": 320.685715
        },
        "data_sent": {
            "count": 155727515,
            "rate": 1415681.609811495
        },
        "http_req_connecting": {
            "p(95)": 0,
            "avg": 0.0005168116776617027,
            "min": 0,
            "med": 0,
            "max": 5.571416,
            "p(90)": 0
        },
        "iteration_duration": {
            "min": 0.502386,
            "med": 14.403523,
            "max": 322.8741,
            "p(90)": 15.524065000000002,
            "p(95)": 15.922492799999999,
            "avg": 13.82069805827447
        },
        "http_req_receiving": {
            "med": 0.006991,
            "max": 6.650207,
            "p(90)": 0.012305,
            "p(95)": 0.018361,
            "avg": 0.008733822961368506,
            "min": 0.003161
        },
        "iterations": {
            "count": 1446865,
            "rate": 13153.103819706548
        },
        "vus": {
            "value": 1,
            "min": 1,
            "max": 200
        },
        "http_req_duration": {
            "med": 14.364581,
            "max": 321.01608,
            "p(90)": 15.4845406,
            "p(95)": 15.8825922,
            "avg": 13.781141296603524,
            "min": 0.473208
        },
        "http_req_sending": {
            "max": 0.791824,
            "p(90)": 0.004393,
            "p(95)": 0.005103,
            "avg": 0.0035055997428925195,
            "min": 0.001955,
            "med": 0.002974
        }
    }
}