{
    "root_group": {
        "id": "d41d8cd98f00b204e9800998ecf8427e",
        "groups": {},
        "checks": {},
        "name": "",
        "path": ""
    },
    "metrics": {
        "http_reqs": {
            "count": 80414,
            "rate": 731.0227052613038
        },
        "http_req_sending": {
            "min": 0.001991,
            "med": 0.003477,
            "max": 0.59382,
            "p(90)": 0.005066,
            "p(95)": 0.005739,
            "avg": 0.003919235543562081
        },
        "http_req_duration": {
            "avg": 248.83653391115072,
            "min": 1.936044,
            "med": 211.0365995,
            "max": 2020.23668,
            "p(90)": 451.51774959999995,
            "p(95)": 515.7213813999999
        },
        "data_received": {
            "count": 1281410582,
            "rate": 11648969.460592704
        },
        "iterations": {
            "count": 80414,
            "rate": 731.0227052613038
        },
        "http_req_failed": {
            "passes": 81,
            "fails": 80333,
            "value": 0.0010072872882831347
        },
        "vus_max": {
            "value": 200,
            "min": 200,
            "max": 200
        },
        "http_req_blocked": {
            "p(90)": 0.001002,
            "p(95)": 0.001169,
            "avg": 0.04771197490486584,
            "min": 0.000372,
            "med": 0.0006,
            "max": 1022.072916
        },
        "http_req_tls_handshaking": {
            "avg": 0,
            "min": 0,
            "med": 0,
            "max": 0,
            "p(90)": 0,
            "p(95)": 0
        },
        "data_sent": {
            "count": 8655022,
            "rate": 78680.54812017933
        },
        "vus": {
            "max": 200,
            "value": 1,
            "min": 1
        },
        "http_req_waiting": {
            "min": 1.44267,
            "med": 17.0407335,
            "max": 485.586043,
            "p(90)": 27.449983499999973,
            "p(95)": 57.0044033,
            "avg": 19.655808367311565
        },
        "iteration_duration": {
            "max": 2020.278818,
            "p(90)": 451.613189,
            "p(95)": 515.7784773499999,
            "avg": 248.92570314136813,
            "min": 1.97287,
            "med": 211.105324
        },
        "http_req_receiving": {
            "med": 189.83482700000002,
            "max": 2005.969349,
            "p(90)": 431.21819930000004,
            "p(95)": 494.5132252,
            "avg": 229.17680630828923,
            "min": 0.004504
        },
        "http_req_connecting": {
            "p(95)": 0,
            "avg": 0.04693348082423458,
            "min": 0,
            "med": 0,
            "max": 1022.029498,
            "p(90)": 0
        },
        "http_req_duration{expected_response:true}": {
            "avg": 249.04619201155538,
            "min": 1.936044,
            "med": 211.200185,
            "max": 2020.23668,
            "p(90)": 451.6840470000001,
            "p(95)": 515.7545717999999
        }
    }
}