{
    "metrics": {
        "data_sent": {
            "count": 8655562,
            "rate": 78684.81528287052
        },
        "http_reqs": {
            "rate": 731.0621956417347,
            "count": 80419
        },
        "http_req_duration{expected_response:true}": {
            "med": 212.20680950000002,
            "max": 2339.890029,
            "p(90)": 450.88400670000004,
            "p(95)": 514.05494735,
            "avg": 249.08708606985917,
            "min": 1.982929
        },
        "http_req_sending": {
            "avg": 0.0038898122334274257,
            "min": 0.001905,
            "med": 0.003469,
            "max": 0.222358,
            "p(90)": 0.005086,
            "p(95)": 0.0057570999999999916
        },
        "http_req_receiving": {
            "p(90)": 430.7108489999999,
            "p(95)": 494.03706949999986,
            "avg": 229.30776345715788,
            "min": 0.005971,
            "med": 190.453442,
            "max": 2323.706159
        },
        "iteration_duration": {
            "p(95)": 514.0525060999995,
            "avg": 248.96375892209613,
            "min": 2.021923,
            "med": 212.093509,
            "max": 2339.962741,
            "p(90)": 450.82681139999977
        },
        "http_req_failed": {
            "fails": 80338,
            "passes": 81,
            "value": 0.0010072246608388564
        },
        "data_received": {
            "count": 1281491295,
            "rate": 11649608.174914759
        },
        "vus": {
            "value": 1,
            "min": 1,
            "max": 200
        },
        "http_req_connecting": {
            "med": 0,
            "max": 2059.330463,
            "p(90)": 0,
            "p(95)": 0,
            "avg": 0.04748984116937539,
            "min": 0
        },
        "http_req_blocked": {
            "max": 2059.35473,
            "p(90)": 0.001005,
            "p(95)": 0.001167,
            "avg": 0.04825723544187172,
            "min": 0.00037,
            "med": 0.000598
        },
        "vus_max": {
            "value": 200,
            "min": 200,
            "max": 200
        },
        "http_req_duration": {
            "avg": 248.87389331648427,
            "min": 1.982929,
            "med": 212.027933,
            "max": 2339.890029,
            "p(90)": 450.59036399999997,
            "p(95)": 513.8656775999993
        },
        "http_req_waiting": {
            "max": 956.381821,
            "p(90)": 24.47243199999999,
            "p(95)": 56.41287079999993,
            "avg": 19.562240047090658,
            "min": 1.517041,
            "med": 17.038458
        },
        "iterations": {
            "count": 80419,
            "rate": 731.0621956417347
        },
        "http_req_tls_handshaking": {
            "min": 0,
            "med": 0,
            "max": 0,
            "p(90)": 0,
            "p(95)": 0,
            "avg": 0
        }
    },
    "root_group": {
        "name": "",
        "path": "",
        "id": "d41d8cd98f00b204e9800998ecf8427e",
        "groups": {},
        "checks": {}
    }
}