{
    "metrics": {
        "http_req_waiting": {
            "avg": 19.694490008318397,
            "min": 1.365008,
            "med": 16.997114,
            "max": 1009.131785,
            "p(90)": 25.313841399999966,
            "p(95)": 57.006160200000004
        },
        "http_req_receiving": {
            "max": 1967.676325,
            "p(90)": 431.4081485999999,
            "p(95)": 493.99836739999995,
            "avg": 229.5251112306451,
            "min": 0.005474,
            "med": 190.890992
        },
        "vus_max": {
            "value": 200,
            "min": 200,
            "max": 200
        },
        "iteration_duration": {
            "min": 1.999946,
            "med": 212.071035,
            "max": 1988.098289,
            "p(90)": 451.60920059999995,
            "p(95)": 514.4840141999998,
            "avg": 249.28575070106962
        },
        "iterations": {
            "rate": 730.0788415242768,
            "count": 80309
        },
        "http_req_blocked": {
            "max": 114.174446,
            "p(90)": 0.000997,
            "p(95)": 0.001157,
            "avg": 0.021032873139997462,
            "min": 0.000356,
            "med": 0.0006
        },
        "http_req_connecting": {
            "avg": 0.0202549432068635,
            "min": 0,
            "med": 0,
            "max": 114.146401,
            "p(90)": 0,
            "p(95)": 0
        },
        "http_req_sending": {
            "avg": 0.0039045780049558384,
            "min": 0.002043,
            "med": 0.003481,
            "max": 0.233416,
            "p(90)": 0.005068,
            "p(95)": 0.005765
        },
        "data_received": {
            "count": 1279745891,
            "rate": 11634006.12069299
        },
        "http_req_tls_handshaking": {
            "avg": 0,
            "min": 0,
            "med": 0,
            "max": 0,
            "p(90)": 0,
            "p(95)": 0
        },
        "vus": {
            "value": 1,
            "min": 1,
            "max": 200
        },
        "http_reqs": {
            "count": 80309,
            "rate": 730.0788415242768
        },
        "http_req_failed": {
            "passes": 81,
            "fails": 80228,
            "value": 0.001008604266022488
        },
        "http_req_duration": {
            "avg": 249.22350581697034,
            "min": 1.967405,
            "med": 212.024497,
            "max": 1988.050919,
            "p(90)": 451.570501,
            "p(95)": 514.4392243999998
        },
        "data_sent": {
            "count": 8643734,
            "rate": 78579.07961951965
        },
        "http_req_duration{expected_response:true}": {
            "avg": 249.42927453046417,
            "min": 1.967405,
            "med": 212.174282,
            "max": 1988.050919,
            "p(90)": 451.6504106000001,
            "p(95)": 514.5216045499998
        }
    },
    "root_group": {
        "name": "",
        "path": "",
        "id": "d41d8cd98f00b204e9800998ecf8427e",
        "groups": {},
        "checks": {}
    }
}