{
    "metrics": {
        "http_req_duration{expected_response:true}": {
            "min": 1.946885,
            "med": 211.996894,
            "max": 2114.454704,
            "p(90)": 451.919567,
            "p(95)": 513.86574345,
            "avg": 249.039582040577
        },
        "http_req_waiting": {
            "avg": 19.4819846871744,
            "min": 1.429299,
            "med": 17.050238,
            "max": 759.077911,
            "p(90)": 24.256074200000004,
            "p(95)": 56.321592000000024
        },
        "data_received": {
            "rate": 11650657.853030251,
            "count": 1281575885
        },
        "iterations": {
            "count": 80425,
            "rate": 731.1343548181371
        },
        "http_req_failed": {
            "fails": 80344,
            "passes": 81,
            "value": 0.001007149518184644
        },
        "data_sent": {
            "count": 8656201,
            "rate": 78692.5201530757
        },
        "vus_max": {
            "value": 200,
            "min": 200,
            "max": 200
        },
        "vus": {
            "value": 1,
            "min": 1,
            "max": 200
        },
        "http_req_sending": {
            "min": 0.002005,
            "med": 0.003457,
            "max": 0.246518,
            "p(90)": 0.005034,
            "p(95)": 0.005705,
            "avg": 0.0038838288343176508
        },
        "http_req_blocked": {
            "avg": 0.060208988361826664,
            "min": 0.000364,
            "med": 0.000606,
            "max": 1022.560904,
            "p(90)": 0.001007,
            "p(95)": 0.00117
        },
        "http_req_tls_handshaking": {
            "p(90)": 0,
            "p(95)": 0,
            "avg": 0,
            "min": 0,
            "med": 0,
            "max": 0
        },
        "iteration_duration": {
            "med": 211.919672,
            "max": 2114.557377,
            "p(90)": 451.81925660000024,
            "p(95)": 513.9225100000001,
            "avg": 248.92569953299366,
            "min": 1.992077
        },
        "http_req_connecting": {
            "med": 0,
            "max": 1022.536665,
            "p(90)": 0,
            "p(95)": 0,
            "avg": 0.05943432308361826,
            "min": 0
        },
        "http_reqs": {
            "count": 80425,
            "rate": 731.1343548181371
        },
        "http_req_duration": {
            "max": 2114.454704,
            "p(90)": 451.73566360000007,
            "p(95)": 513.8301068000001,
            "avg": 248.8243589858393,
            "min": 1.946885,
            "med": 211.842464
        },
        "http_req_receiving": {
            "min": 0.005437,
            "med": 190.490327,
            "max": 2099.597867,
            "p(90)": 431.69282260000006,
            "p(95)": 494.0930538,
            "avg": 229.33849046982567
        }
    },
    "root_group": {
        "checks": {},
        "name": "",
        "path": "",
        "id": "d41d8cd98f00b204e9800998ecf8427e",
        "groups": {}
    }
}