{
    "root_group": {
        "path": "",
        "id": "d41d8cd98f00b204e9800998ecf8427e",
        "groups": {},
        "checks": {},
        "name": ""
    },
    "metrics": {
        "http_req_failed": {
            "passes": 81,
            "fails": 80366,
            "value": 0.0010068740910164455
        },
        "vus": {
            "value": 1,
            "min": 1,
            "max": 200
        },
        "http_req_duration": {
            "max": 2315.39138,
            "p(90)": 451.23210340000014,
            "p(95)": 515.5699893,
            "avg": 248.76815874718577,
            "min": 2.097021,
            "med": 211.253031
        },
        "http_req_sending": {
            "avg": 0.003877635262968137,
            "min": 0.001918,
            "med": 0.003454,
            "max": 0.259738,
            "p(90)": 0.005070400000000009,
            "p(95)": 0.005739699999999998
        },
        "iterations": {
            "count": 80447,
            "rate": 731.3347103146325
        },
        "http_req_connecting": {
            "avg": 0.042589241127698976,
            "min": 0,
            "med": 0,
            "max": 1015.2527,
            "p(90)": 0,
            "p(95)": 0
        },
        "http_req_receiving": {
            "min": 0.005297,
            "med": 189.988004,
            "max": 2300.025669,
            "p(90)": 430.30434120000007,
            "p(95)": 494.44252520000003,
            "avg": 229.2547238527192
        },
        "http_req_blocked": {
            "p(90)": 0.001003,
            "p(95)": 0.00117,
            "avg": 0.04336355026290556,
            "min": 0.000383,
            "med": 0.0006,
            "max": 1015.281429
        },
        "http_req_duration{expected_response:true}": {
            "p(95)": 515.60056975,
            "avg": 248.9823779190311,
            "min": 2.097021,
            "med": 211.434609,
            "max": 2315.39138,
            "p(90)": 451.2927595
        },
        "iteration_duration": {
            "avg": 248.85267525180643,
            "min": 2.126239,
            "med": 211.300721,
            "max": 2315.429892,
            "p(90)": 451.2945122,
            "p(95)": 515.6391108
        },
        "http_req_tls_handshaking": {
            "avg": 0,
            "min": 0,
            "med": 0,
            "max": 0,
            "p(90)": 0,
            "p(95)": 0
        },
        "http_req_waiting": {
            "p(90)": 23.18928760000055,
            "p(95)": 56.531992599999995,
            "avg": 19.50955725920176,
            "min": 1.543285,
            "med": 17.041195,
            "max": 783.295108
        },
        "data_received": {
            "count": 1281930661,
            "rate": 11653888.754159639
        },
        "vus_max": {
            "min": 200,
            "max": 200,
            "value": 200
        },
        "http_reqs": {
            "count": 80447,
            "rate": 731.3347103146325
        },
        "data_sent": {
            "count": 8658567,
            "rate": 78714.06750636862
        }
    }
}