{
    "root_group": {
        "name": "",
        "path": "",
        "id": "d41d8cd98f00b204e9800998ecf8427e",
        "groups": {},
        "checks": {}
    },
    "metrics": {
        "http_req_tls_handshaking": {
            "max": 0,
            "p(90)": 0,
            "p(95)": 0,
            "avg": 0,
            "min": 0,
            "med": 0
        },
        "http_req_receiving": {
            "p(90)": 430.67510000000004,
            "p(95)": 495.05550975000006,
            "avg": 229.10171567895165,
            "min": 0.004667,
            "med": 190.02606,
            "max": 2781.090263
        },
        "http_req_failed": {
            "passes": 81,
            "fails": 80315,
            "value": 0.0010075128115826658
        },
        "vus": {
            "max": 200,
            "value": 1,
            "min": 1
        },
        "data_sent": {
            "count": 8653093,
            "rate": 78663.55223096165
        },
        "http_req_sending": {
            "p(95)": 0.005817,
            "avg": 0.003940296942633959,
            "min": 0.00203,
            "med": 0.00348,
            "max": 0.309138,
            "p(90)": 0.0051354999999999994
        },
        "iterations": {
            "count": 80396,
            "rate": 730.8640904657321
        },
        "http_req_connecting": {
            "max": 2041.373948,
            "p(90)": 0,
            "p(95)": 0,
            "avg": 0.044068955669436284,
            "min": 0,
            "med": 0
        },
        "http_reqs": {
            "count": 80396,
            "rate": 730.8640904657321
        },
        "http_req_waiting": {
            "avg": 19.823273660343485,
            "min": 1.355174,
            "med": 17.042118000000002,
            "max": 813.858242,
            "p(90)": 28.454483500000002,
            "p(95)": 57.13564925
        },
        "data_received": {
            "count": 1281124752,
            "rate": 11646451.025469135
        },
        "iteration_duration": {
            "med": 211.7395985,
            "max": 2789.586477,
            "p(90)": 451.56632549999995,
            "p(95)": 515.91789775,
            "avg": 249.01547688555354,
            "min": 2.358885
        },
        "http_req_duration{expected_response:true}": {
            "min": 2.33092,
            "med": 211.796823,
            "max": 2789.527722,
            "p(90)": 451.6203982000001,
            "p(95)": 515.8970992000001,
            "avg": 249.13549249862095
        },
        "http_req_duration": {
            "min": 2.33092,
            "med": 211.6874545,
            "max": 2789.527722,
            "p(90)": 451.487462,
            "p(95)": 515.87806525,
            "avg": 248.92892963623498
        },
        "vus_max": {
            "value": 200,
            "min": 200,
            "max": 200
        },
        "http_req_blocked": {
            "avg": 0.044848030374644375,
            "min": 0.00037,
            "med": 0.000601,
            "max": 2041.398497,
            "p(90)": 0.001013,
            "p(95)": 0.001182
        }
    }
}