{
    "root_group": {
        "checks": {},
        "name": "",
        "path": "",
        "id": "d41d8cd98f00b204e9800998ecf8427e",
        "groups": {}
    },
    "metrics": {
        "http_req_blocked": {
            "p(90)": 0.000997,
            "p(95)": 0.001164,
            "avg": 0.047676939268434505,
            "min": 0.000378,
            "med": 0.000598,
            "max": 1011.566352
        },
        "data_received": {
            "count": 1281261919,
            "rate": 11647787.801985456
        },
        "http_req_sending": {
            "avg": 0.0038926669029762466,
            "min": 0.00203,
            "med": 0.003464,
            "max": 0.214712,
            "p(90)": 0.005039,
            "p(95)": 0.005722
        },
        "vus_max": {
            "max": 200,
            "value": 200,
            "min": 200
        },
        "iterations": {
            "count": 80403,
            "rate": 730.9333624572016
        },
        "http_req_connecting": {
            "max": 1011.523669,
            "p(90)": 0,
            "p(95)": 0,
            "avg": 0.04690525531385644,
            "min": 0,
            "med": 0
        },
        "data_sent": {
            "count": 8653844,
            "rate": 78670.98607141624
        },
        "http_reqs": {
            "rate": 730.9333624572016,
            "count": 80403
        },
        "http_req_duration": {
            "avg": 248.87985045264344,
            "min": 2.010782,
            "med": 211.219345,
            "max": 1949.501913,
            "p(90)": 451.23050980000005,
            "p(95)": 515.9366715
        },
        "http_req_tls_handshaking": {
            "max": 0,
            "p(90)": 0,
            "p(95)": 0,
            "avg": 0,
            "min": 0,
            "med": 0
        },
        "http_req_failed": {
            "passes": 81,
            "fails": 80322,
            "value": 0.0010074250960785045
        },
        "iteration_duration": {
            "max": 1949.545045,
            "p(90)": 451.28494800000004,
            "p(95)": 515.9956626,
            "avg": 248.968619897428,
            "min": 2.035852,
            "med": 211.267837
        },
        "http_req_waiting": {
            "max": 827.327433,
            "p(90)": 23.53847820000026,
            "p(95)": 56.816064999999924,
            "avg": 19.629783418305202,
            "min": 1.129647,
            "med": 17.101336
        },
        "vus": {
            "value": 1,
            "min": 1,
            "max": 200
        },
        "http_req_receiving": {
            "avg": 229.24617436743972,
            "min": 0.00583,
            "med": 190.055167,
            "max": 1942.406858,
            "p(90)": 430.6539826,
            "p(95)": 495.5179631
        },
        "http_req_duration{expected_response:true}": {
            "avg": 249.09457419669445,
            "min": 2.010782,
            "med": 211.34306049999998,
            "max": 1949.501913,
            "p(90)": 451.3561716000001,
            "p(95)": 515.9689621
        }
    }
}