{
    "metrics": {
        "http_req_duration{expected_response:true}": {
            "avg": 249.0846682416669,
            "min": 1.916991,
            "med": 211.5417295,
            "max": 2027.341014,
            "p(90)": 451.3988857,
            "p(95)": 515.0761363
        },
        "vus": {
            "value": 1,
            "min": 1,
            "max": 200
        },
        "http_req_receiving": {
            "max": 2009.922571,
            "p(90)": 430.6559566,
            "p(95)": 494.1628395000001,
            "avg": 229.45919076280498,
            "min": 0.005513,
            "med": 190.090281
        },
        "data_sent": {
            "count": 8655130,
            "rate": 78682.53139473955
        },
        "iterations": {
            "rate": 731.041100723846,
            "count": 80415
        },
        "data_received": {
            "count": 1281445431,
            "rate": 11649434.538279964
        },
        "iteration_duration": {
            "avg": 248.96123916161264,
            "min": 1.941668,
            "med": 211.417958,
            "max": 2027.386403,
            "p(90)": 451.3405218000002,
            "p(95)": 515.1073169
        },
        "http_req_connecting": {
            "avg": 0.05584217351240439,
            "min": 0,
            "med": 0,
            "max": 1026.557994,
            "p(90)": 0,
            "p(95)": 0
        },
        "http_req_duration": {
            "max": 2027.341014,
            "p(90)": 451.2694000000001,
            "p(95)": 514.9707827,
            "avg": 248.86709687169144,
            "min": 1.916991,
            "med": 211.355646
        },
        "http_req_sending": {
            "avg": 0.003492132811042699,
            "min": 0.001919,
            "med": 0.003145,
            "max": 0.189712,
            "p(90)": 0.00469,
            "p(95)": 0.005337
        },
        "http_reqs": {
            "count": 80415,
            "rate": 731.041100723846
        },
        "http_req_blocked": {
            "p(90)": 0.000959,
            "p(95)": 0.001091,
            "avg": 0.056538757109989984,
            "min": 0.000366,
            "med": 0.000535,
            "max": 1026.578339
        },
        "http_req_tls_handshaking": {
            "min": 0,
            "med": 0,
            "max": 0,
            "p(90)": 0,
            "p(95)": 0,
            "avg": 0
        },
        "http_req_waiting": {
            "min": 1.408205,
            "med": 17.060771,
            "max": 822.002245,
            "p(90)": 22.25637660000001,
            "p(95)": 56.2674664,
            "avg": 19.40441397607421
        },
        "http_req_failed": {
            "fails": 80334,
            "passes": 81,
            "value": 0.0010072747621712368
        },
        "vus_max": {
            "value": 200,
            "min": 200,
            "max": 200
        }
    },
    "root_group": {
        "id": "d41d8cd98f00b204e9800998ecf8427e",
        "groups": {},
        "checks": {},
        "name": "",
        "path": ""
    }
}