{
    "metrics": {
        "vus": {
            "value": 1,
            "min": 1,
            "max": 200
        },
        "http_req_receiving": {
            "p(95)": 0.0186075,
            "avg": 0.008352913314490123,
            "min": 0.002675,
            "med": 0.006491,
            "max": 7.294664,
            "p(90)": 0.012185
        },
        "http_req_failed": {
            "passes": 1445951,
            "fails": 0,
            "value": 1
        },
        "data_received": {
            "count": 172061444,
            "rate": 1564174.8534010372
        },
        "http_req_sending": {
            "p(95)": 0.004825,
            "avg": 0.003276234005855182,
            "min": 0.001837,
            "med": 0.002817,
            "max": 0.812517,
            "p(90)": 0.004123
        },
        "http_reqs": {
            "count": 1445951,
            "rate": 13144.840243524186
        },
        "data_sent": {
            "count": 155629144,
            "rate": 1414792.2267880589
        },
        "http_req_duration": {
            "avg": 13.791984912169358,
            "min": 0.477193,
            "med": 14.351784,
            "max": 300.454007,
            "p(90)": 15.459163,
            "p(95)": 15.927914
        },
        "vus_max": {
            "min": 200,
            "max": 200,
            "value": 200
        },
        "iterations": {
            "count": 1445951,
            "rate": 13144.840243524186
        },
        "http_req_waiting": {
            "p(95)": 15.915798,
            "avg": 13.780355764848478,
            "min": 0.468896,
            "med": 14.340254,
            "max": 300.285731,
            "p(90)": 15.447427
        },
        "http_req_blocked": {
            "avg": 0.001191769692749328,
            "min": 0.000354,
            "med": 0.000539,
            "max": 2.494911,
            "p(90)": 0.000826,
            "p(95)": 0.001027
        },
        "iteration_duration": {
            "min": 0.514151,
            "med": 14.389038,
            "max": 301.832367,
            "p(90)": 15.496125,
            "p(95)": 15.9657925,
            "avg": 13.829660447540363
        },
        "http_req_connecting": {
            "med": 0,
            "max": 2.434166,
            "p(90)": 0,
            "p(95)": 0,
            "avg": 0.0005137472583787417,
            "min": 0
        },
        "http_req_tls_handshaking": {
            "max": 0,
            "p(90)": 0,
            "p(95)": 0,
            "avg": 0,
            "min": 0,
            "med": 0
        }
    },
    "root_group": {
        "id": "d41d8cd98f00b204e9800998ecf8427e",
        "groups": {},
        "checks": {},
        "name": "",
        "path": ""
    }
}