{
    "root_group": {
        "name": "",
        "path": "",
        "id": "d41d8cd98f00b204e9800998ecf8427e",
        "groups": {},
        "checks": {}
    },
    "metrics": {
        "http_req_connecting": {
            "p(90)": 0,
            "p(95)": 0,
            "avg": 0.04219516826032354,
            "min": 0,
            "med": 0,
            "max": 1019.269098
        },
        "http_req_sending": {
            "p(95)": 0.005516,
            "avg": 0.0036400771172426243,
            "min": 0.002016,
            "med": 0.00329,
            "max": 0.109232,
            "p(90)": 0.004903
        },
        "http_req_tls_handshaking": {
            "avg": 0,
            "min": 0,
            "med": 0,
            "max": 0,
            "p(90)": 0,
            "p(95)": 0
        },
        "http_req_waiting": {
            "p(95)": 56.7275951,
            "avg": 19.645368192320703,
            "min": 1.105427,
            "med": 17.060838,
            "max": 865.189112,
            "p(90)": 24.290661600000018
        },
        "iteration_duration": {
            "max": 2181.005553,
            "p(90)": 449.8679398000001,
            "p(95)": 515.8069355,
            "avg": 248.92114106775378,
            "min": 1.771889,
            "med": 211.821187
        },
        "data_sent": {
            "count": 8655990,
            "rate": 78689.79170853808
        },
        "vus_max": {
            "value": 200,
            "min": 200,
            "max": 200
        },
        "http_req_blocked": {
            "p(90)": 0.000998,
            "p(95)": 0.001134,
            "avg": 0.0429378631610341,
            "min": 0.000384,
            "med": 0.000583,
            "max": 1019.292147
        },
        "data_received": {
            "count": 1281530949,
            "rate": 11650129.383797247
        },
        "http_req_duration{expected_response:true}": {
            "avg": 249.05217040132186,
            "min": 1.744534,
            "med": 211.900604,
            "max": 2180.973388,
            "p(90)": 449.90722480000017,
            "p(95)": 515.7988563499999
        },
        "vus": {
            "min": 1,
            "max": 200,
            "value": 1
        },
        "http_reqs": {
            "count": 80423,
            "rate": 731.1086448315857
        },
        "http_req_receiving": {
            "p(90)": 429.5524662,
            "p(95)": 494.5625737999999,
            "avg": 229.19027134222753,
            "min": 0.005314,
            "med": 190.534888,
            "max": 2164.500166
        },
        "http_req_failed": {
            "passes": 81,
            "fails": 80342,
            "value": 0.0010071745644902577
        },
        "iterations": {
            "count": 80423,
            "rate": 731.1086448315857
        },
        "http_req_duration": {
            "avg": 248.8392796116658,
            "min": 1.744534,
            "med": 211.77443,
            "max": 2180.973388,
            "p(90)": 449.7971446,
            "p(95)": 515.7485167
        }
    }
}