{
    "root_group": {
        "name": "",
        "path": "",
        "id": "d41d8cd98f00b204e9800998ecf8427e",
        "groups": {},
        "checks": {}
    },
    "metrics": {
        "http_req_receiving": {
            "min": 0.005747,
            "med": 191.035571,
            "max": 2274.638227,
            "p(90)": 431.37752820000037,
            "p(95)": 494.3001412,
            "avg": 229.39478873008642
        },
        "iteration_duration": {
            "avg": 249.0131710956381,
            "min": 2.113238,
            "med": 212.064258,
            "max": 2282.113581,
            "p(90)": 451.77769300000017,
            "p(95)": 514.7871461999998
        },
        "http_req_failed": {
            "passes": 81,
            "fails": 80316,
            "value": 0.0010075002798611888
        },
        "vus_max": {
            "value": 200,
            "min": 200,
            "max": 200
        },
        "http_req_connecting": {
            "avg": 0.05796729603094643,
            "min": 0,
            "med": 0,
            "max": 1016.286886,
            "p(90)": 0,
            "p(95)": 0
        },
        "http_req_sending": {
            "avg": 0.003921171374553785,
            "min": 0.002089,
            "med": 0.003504,
            "max": 0.239434,
            "p(90)": 0.005089,
            "p(95)": 0.005776
        },
        "http_req_duration{expected_response:true}": {
            "p(90)": 451.770994,
            "p(95)": 514.73067975,
            "avg": 249.11274346614866,
            "min": 2.08036,
            "med": 212.125495,
            "max": 2282.079661
        },
        "http_req_tls_handshaking": {
            "med": 0,
            "max": 0,
            "p(90)": 0,
            "p(95)": 0,
            "avg": 0,
            "min": 0
        },
        "vus": {
            "value": 1,
            "min": 1,
            "max": 200
        },
        "data_sent": {
            "count": 8653201,
            "rate": 78663.86914476549
        },
        "http_req_waiting": {
            "avg": 19.513827160428825,
            "min": 1.203306,
            "med": 17.008505,
            "max": 460.299693,
            "p(90)": 25.727564200000096,
            "p(95)": 56.30446899999997
        },
        "iterations": {
            "count": 80397,
            "rate": 730.867003740201
        },
        "http_req_duration": {
            "avg": 248.91253706189516,
            "min": 2.08036,
            "med": 212.010749,
            "max": 2282.079661,
            "p(90)": 451.66127900000004,
            "p(95)": 514.6196716
        },
        "data_received": {
            "count": 1281189652,
            "rate": 11646942.57472531
        },
        "http_reqs": {
            "count": 80397,
            "rate": 730.867003740201
        },
        "http_req_blocked": {
            "min": 0.000377,
            "med": 0.000604,
            "max": 1016.31008,
            "p(90)": 0.001007,
            "p(95)": 0.001171,
            "avg": 0.05874262808313736
        }
    }
}