{
    "metrics": {
        "iterations": {
            "count": 80442,
            "rate": 731.2808047912371
        },
        "http_req_connecting": {
            "max": 1018.223478,
            "p(90)": 0,
            "p(95)": 0,
            "avg": 0.03587175461823423,
            "min": 0,
            "med": 0
        },
        "http_req_waiting": {
            "avg": 19.60228733255019,
            "min": 1.491722,
            "med": 17.017802000000003,
            "max": 819.923382,
            "p(90)": 25.836699900000117,
            "p(95)": 56.3050938
        },
        "http_req_tls_handshaking": {
            "avg": 0,
            "min": 0,
            "med": 0,
            "max": 0,
            "p(90)": 0,
            "p(95)": 0
        },
        "http_req_receiving": {
            "avg": 229.20175532072858,
            "min": 0.00549,
            "med": 190.480391,
            "max": 1886.839607,
            "p(90)": 430.2702555,
            "p(95)": 494.67640455
        },
        "vus": {
            "value": 1,
            "min": 1,
            "max": 200
        },
        "http_req_sending": {
            "max": 0.23043,
            "p(90)": 0.00498,
            "p(95)": 0.00565,
            "avg": 0.0038216014395465003,
            "min": 0.001975,
            "med": 0.003401
        },
        "http_req_duration": {
            "avg": 248.80786425471896,
            "min": 1.967359,
            "med": 211.865607,
            "max": 1903.86955,
            "p(90)": 450.34287430000006,
            "p(95)": 515.7847881499999
        },
        "data_sent": {
            "count": 8658027,
            "rate": 78708.24883101191
        },
        "http_req_blocked": {
            "avg": 0.03663854912856336,
            "min": 0.000358,
            "med": 0.000594,
            "max": 1018.243542,
            "p(90)": 0.000987,
            "p(95)": 0.00115
        },
        "http_reqs": {
            "count": 80442,
            "rate": 731.2808047912371
        },
        "http_req_failed": {
            "passes": 81,
            "fails": 80361,
            "value": 0.0010069366748713358
        },
        "iteration_duration": {
            "p(95)": 515.8321399,
            "avg": 248.8849769348747,
            "min": 1.989418,
            "med": 211.9321415,
            "max": 1903.91095,
            "p(90)": 450.4068762
        },
        "http_req_duration{expected_response:true}": {
            "med": 211.998481,
            "max": 1903.86955,
            "p(90)": 450.419298,
            "p(95)": 515.803693,
            "avg": 249.02299659891113,
            "min": 1.967359
        },
        "vus_max": {
            "max": 200,
            "value": 200,
            "min": 200
        },
        "data_received": {
            "rate": 11652696.51889285,
            "count": 1281814328
        }
    },
    "root_group": {
        "checks": {},
        "name": "",
        "path": "",
        "id": "d41d8cd98f00b204e9800998ecf8427e",
        "groups": {}
    }
}