{
    "metrics": {
        "http_req_blocked": {
            "p(95)": 0.001084,
            "avg": 0.0012452412823029874,
            "min": 0.000389,
            "med": 0.000582,
            "max": 9.092541,
            "p(90)": 0.000869
        },
        "data_received": {
            "count": 173888946,
            "rate": 1580799.0679684419
        },
        "http_req_receiving": {
            "avg": 0.008639074078788821,
            "min": 0.002984,
            "med": 0.007044,
            "max": 3.257603,
            "p(90)": 0.012324,
            "p(95)": 0.01813259999999986
        },
        "http_reqs": {
            "count": 1461309,
            "rate": 13284.547168477839
        },
        "http_req_connecting": {
            "avg": 0.0005231030165420179,
            "min": 0,
            "med": 0,
            "max": 8.996127,
            "p(90)": 0,
            "p(95)": 0
        },
        "vus": {
            "value": 1,
            "min": 1,
            "max": 200
        },
        "iterations": {
            "count": 1461309,
            "rate": 13284.547168477839
        },
        "http_req_tls_handshaking": {
            "avg": 0,
            "min": 0,
            "med": 0,
            "max": 0,
            "p(90)": 0,
            "p(95)": 0
        },
        "http_req_waiting": {
            "avg": 13.632338635579144,
            "min": 0.475707,
            "med": 14.186686,
            "max": 1027.63358,
            "p(90)": 15.2315992,
            "p(95)": 15.6058926
        },
        "data_sent": {
            "count": 157282145,
            "rate": 1429829.0601179292
        },
        "iteration_duration": {
            "avg": 13.684008417965382,
            "min": 0.519524,
            "med": 14.237571,
            "max": 1027.675193,
            "p(90)": 15.283321399999998,
            "p(95)": 15.6575556
        },
        "http_req_failed": {
            "passes": 1461309,
            "fails": 0,
            "value": 1
        },
        "vus_max": {
            "value": 200,
            "min": 200,
            "max": 200
        },
        "http_req_duration": {
            "p(95)": 15.618167199999998,
            "avg": 13.644474454173853,
            "min": 0.484579,
            "med": 14.198532,
            "max": 1027.644839,
            "p(90)": 15.244082
        },
        "http_req_sending": {
            "min": 0.001955,
            "med": 0.002988,
            "max": 5.628403,
            "p(90)": 0.004432,
            "p(95)": 0.005172,
            "avg": 0.0034967445139942577
        }
    },
    "root_group": {
        "checks": {},
        "name": "",
        "path": "",
        "id": "d41d8cd98f00b204e9800998ecf8427e",
        "groups": {}
    }
}