{
    "metrics": {
        "http_reqs": {
            "count": 1466044,
            "rate": 13327.571162699285
        },
        "iterations": {
            "count": 1466044,
            "rate": 13327.571162699285
        },
        "data_received": {
            "rate": 1585918.5597458992,
            "count": 174452371
        },
        "http_req_failed": {
            "passes": 1466044,
            "fails": 0,
            "value": 1
        },
        "vus_max": {
            "value": 200,
            "min": 200,
            "max": 200
        },
        "http_req_connecting": {
            "med": 0,
            "max": 1.647696,
            "p(90)": 0,
            "p(95)": 0,
            "avg": 0.0005084262621040033,
            "min": 0
        },
        "data_sent": {
            "count": 157791769,
            "rate": 1434459.6957770074
        },
        "http_req_waiting": {
            "min": 0.497132,
            "med": 14.2133525,
            "max": 1040.2929,
            "p(90)": 15.2004707,
            "p(95)": 15.5408654,
            "avg": 13.588701754527436
        },
        "iteration_duration": {
            "avg": 13.639841143736133,
            "min": 0.532845,
            "med": 14.264473500000001,
            "max": 1040.354748,
            "p(90)": 15.2517728,
            "p(95)": 15.5926131
        },
        "vus": {
            "value": 1,
            "min": 1,
            "max": 200
        },
        "http_req_duration": {
            "med": 14.2254985,
            "max": 1040.306238,
            "p(90)": 15.2126301,
            "p(95)": 15.55323025,
            "avg": 13.60065033355726,
            "min": 0.504454
        },
        "http_req_blocked": {
            "avg": 0.0012270601400783216,
            "min": 0.000379,
            "med": 0.000572,
            "max": 3.097598,
            "p(90)": 0.000865,
            "p(95)": 0.001069
        },
        "http_req_tls_handshaking": {
            "max": 0,
            "p(90)": 0,
            "p(95)": 0,
            "avg": 0,
            "min": 0,
            "med": 0
        },
        "http_req_sending": {
            "avg": 0.00348751095874373,
            "min": 0.001944,
            "med": 0.002972,
            "max": 4.553147,
            "p(90)": 0.004377,
            "p(95)": 0.005074
        },
        "http_req_receiving": {
            "min": 0.003043,
            "med": 0.006963,
            "max": 5.297681,
            "p(90)": 0.011641,
            "p(95)": 0.017225849999999862,
            "avg": 0.008461068070944181
        }
    },
    "root_group": {
        "name": "",
        "path": "",
        "id": "d41d8cd98f00b204e9800998ecf8427e",
        "groups": {},
        "checks": {}
    }
}