{
    "root_group": {
        "checks": {},
        "name": "",
        "path": "",
        "id": "d41d8cd98f00b204e9800998ecf8427e",
        "groups": {}
    },
    "metrics": {
        "http_reqs": {
            "count": 1460202,
            "rate": 13274.528992015163
        },
        "http_req_blocked": {
            "med": 0.000567,
            "max": 2.383034,
            "p(90)": 0.000858,
            "p(95)": 0.001063,
            "avg": 0.0012287712446640636,
            "min": 0.000369
        },
        "http_req_receiving": {
            "max": 5.80753,
            "p(90)": 0.012239,
            "p(95)": 0.018235,
            "avg": 0.0085703196817977,
            "min": 0.003034,
            "med": 0.006957
        },
        "http_req_tls_handshaking": {
            "avg": 0,
            "min": 0,
            "med": 0,
            "max": 0,
            "p(90)": 0,
            "p(95)": 0
        },
        "vus_max": {
            "value": 200,
            "min": 200,
            "max": 200
        },
        "http_req_connecting": {
            "avg": 0.0005158491215598937,
            "min": 0,
            "med": 0,
            "max": 2.303529,
            "p(90)": 0,
            "p(95)": 0
        },
        "iterations": {
            "count": 1460202,
            "rate": 13274.528992015163
        },
        "http_req_duration": {
            "med": 14.284165000000002,
            "max": 1032.331576,
            "p(90)": 15.366106,
            "p(95)": 15.675830900000001,
            "avg": 13.65538925888076,
            "min": 0.449032
        },
        "http_req_waiting": {
            "avg": 13.64334030958385,
            "min": 0.439,
            "med": 14.272176,
            "max": 1032.322448,
            "p(90)": 15.3539027,
            "p(95)": 15.6634919
        },
        "iteration_duration": {
            "med": 14.3228455,
            "max": 1032.358679,
            "p(90)": 15.405359500000001,
            "p(95)": 15.7146938,
            "avg": 13.694543448513526,
            "min": 0.489556
        },
        "vus": {
            "min": 1,
            "max": 200,
            "value": 1
        },
        "http_req_failed": {
            "passes": 1460202,
            "fails": 0,
            "value": 1
        },
        "data_sent": {
            "count": 157163008,
            "rate": 1428750.8893757926
        },
        "http_req_sending": {
            "p(90)": 0.004389,
            "p(95)": 0.005106,
            "avg": 0.0034786296142592676,
            "min": 0.001971,
            "med": 0.002965,
            "max": 6.11717
        },
        "data_received": {
            "count": 173757248,
            "rate": 1579607.2229381748
        }
    }
}