{
    "root_group": {
        "name": "",
        "path": "",
        "id": "d41d8cd98f00b204e9800998ecf8427e",
        "groups": {},
        "checks": {}
    },
    "metrics": {
        "iteration_duration": {
            "avg": 13.731420616044794,
            "min": 0.512408,
            "med": 14.380103,
            "max": 1041.385375,
            "p(90)": 15.4316459,
            "p(95)": 15.81529065
        },
        "http_req_waiting": {
            "min": 0.479076,
            "med": 14.331845,
            "max": 1041.332594,
            "p(90)": 15.3828366,
            "p(95)": 15.7661389,
            "avg": 13.682864145831672
        },
        "vus_max": {
            "max": 200,
            "value": 200,
            "min": 200
        },
        "http_req_failed": {
            "passes": 1456298,
            "fails": 0,
            "value": 1
        },
        "http_req_connecting": {
            "p(90)": 0,
            "p(95)": 0,
            "avg": 0.0005138206596452095,
            "min": 0,
            "med": 0,
            "max": 2.353129
        },
        "http_req_tls_handshaking": {
            "p(95)": 0,
            "avg": 0,
            "min": 0,
            "med": 0,
            "max": 0,
            "p(90)": 0
        },
        "http_req_receiving": {
            "avg": 0.008036233243470544,
            "min": 0.002729,
            "med": 0.006418,
            "max": 1.873355,
            "p(90)": 0.01206,
            "p(95)": 0.01849914999999991
        },
        "http_req_blocked": {
            "med": 0.000538,
            "max": 2.429016,
            "p(90)": 0.000824,
            "p(95)": 0.001022,
            "avg": 0.001191544104984386,
            "min": 0.000361
        },
        "vus": {
            "value": 1,
            "min": 1,
            "max": 200
        },
        "data_sent": {
            "count": 156742802,
            "rate": 1424917.7835066076
        },
        "http_req_sending": {
            "avg": 0.0032465904533277015,
            "min": 0.001817,
            "med": 0.002793,
            "max": 3.151105,
            "p(90)": 0.004087,
            "p(95)": 0.004782
        },
        "iterations": {
            "count": 1456298,
            "rate": 13238.916823020083
        },
        "http_req_duration": {
            "avg": 13.694146969529111,
            "min": 0.486127,
            "med": 14.343238,
            "max": 1041.343228,
            "p(90)": 15.394343,
            "p(95)": 15.777923849999997
        },
        "data_received": {
            "count": 173292682,
            "rate": 1575369.4663015876
        },
        "http_reqs": {
            "count": 1456298,
            "rate": 13238.916823020083
        }
    }
}