{
    "metrics": {
        "http_req_sending": {
            "min": 0.001894,
            "med": 0.00297,
            "max": 2.151894,
            "p(90)": 0.004424,
            "p(95)": 0.005159,
            "avg": 0.0034899211795049096
        },
        "http_req_waiting": {
            "avg": 13.701404300435906,
            "min": 0.463541,
            "med": 14.346706000000001,
            "max": 308.543247,
            "p(90)": 15.3028851,
            "p(95)": 15.625336050000001
        },
        "vus": {
            "value": 1,
            "min": 1,
            "max": 200
        },
        "iteration_duration": {
            "avg": 13.752857852304844,
            "min": 0.499949,
            "med": 14.397884000000001,
            "max": 310.190263,
            "p(90)": 15.354950400000002,
            "p(95)": 15.67764945
        },
        "http_req_connecting": {
            "avg": 0.0005144186850068774,
            "min": 0,
            "med": 0,
            "max": 2.239657,
            "p(90)": 0,
            "p(95)": 0
        },
        "iterations": {
            "count": 1454000,
            "rate": 13217.966776402129
        },
        "http_req_receiving": {
            "avg": 0.008654462670563454,
            "min": 0.002971,
            "med": 0.006969,
            "max": 5.35467,
            "p(90)": 0.012295,
            "p(95)": 0.0182
        },
        "http_reqs": {
            "count": 1454000,
            "rate": 13217.966776402129
        },
        "http_req_failed": {
            "passes": 1454000,
            "fails": 0,
            "value": 1
        },
        "http_req_tls_handshaking": {
            "avg": 0,
            "min": 0,
            "med": 0,
            "max": 0,
            "p(90)": 0,
            "p(95)": 0
        },
        "data_sent": {
            "rate": 1422662.9821109376,
            "count": 156495474
        },
        "vus_max": {
            "value": 200,
            "min": 200,
            "max": 200
        },
        "http_req_blocked": {
            "p(90)": 0.000867,
            "p(95)": 0.00107,
            "avg": 0.0012319679099042093,
            "min": 0.000368,
            "med": 0.000569,
            "max": 2.302351
        },
        "data_received": {
            "count": 173019220,
            "rate": 1572876.4110309565
        },
        "http_req_duration": {
            "avg": 13.713548684285593,
            "min": 0.472025,
            "med": 14.3587215,
            "max": 308.819778,
            "p(90)": 15.3153741,
            "p(95)": 15.6379473
        }
    },
    "root_group": {
        "id": "d41d8cd98f00b204e9800998ecf8427e",
        "groups": {},
        "checks": {},
        "name": "",
        "path": ""
    }
}