{
    "root_group": {
        "groups": {},
        "checks": {},
        "name": "",
        "path": "",
        "id": "d41d8cd98f00b204e9800998ecf8427e"
    },
    "metrics": {
        "http_req_tls_handshaking": {
            "p(90)": 0,
            "p(95)": 0,
            "avg": 0,
            "min": 0,
            "med": 0,
            "max": 0
        },
        "iterations": {
            "count": 1460914,
            "rate": 13280.878402679671
        },
        "vus_max": {
            "value": 200,
            "min": 200,
            "max": 200
        },
        "data_sent": {
            "count": 157239630,
            "rate": 1429434.180322964
        },
        "http_req_receiving": {
            "p(90)": 0.012305,
            "p(95)": 0.018316,
            "avg": 0.00858437420135577,
            "min": 0.003035,
            "med": 0.006922,
            "max": 3.024234
        },
        "http_req_waiting": {
            "p(95)": 15.529434349999999,
            "avg": 13.636600020868151,
            "min": 0.458914,
            "med": 14.235564499999999,
            "max": 1021.792289,
            "p(90)": 15.1961473
        },
        "vus": {
            "value": 1,
            "min": 1,
            "max": 200
        },
        "data_received": {
            "count": 173841966,
            "rate": 1580362.712472311
        },
        "http_req_duration": {
            "avg": 13.648642290802508,
            "min": 0.467579,
            "med": 14.247459,
            "max": 1021.803396,
            "p(90)": 15.2085787,
            "p(95)": 15.542269699999999
        },
        "http_req_sending": {
            "avg": 0.003457895733766963,
            "min": 0.001905,
            "med": 0.002955,
            "max": 1.099392,
            "p(90)": 0.004386,
            "p(95)": 0.005113
        },
        "http_req_failed": {
            "passes": 1460914,
            "fails": 0,
            "value": 1
        },
        "http_reqs": {
            "count": 1460914,
            "rate": 13280.878402679671
        },
        "http_req_blocked": {
            "avg": 0.0012234237833308407,
            "min": 0.000388,
            "med": 0.000568,
            "max": 1.625466,
            "p(90)": 0.00086,
            "p(95)": 0.001065
        },
        "http_req_connecting": {
            "avg": 0.0005120455878990818,
            "min": 0,
            "med": 0,
            "max": 1.590517,
            "p(90)": 0,
            "p(95)": 0
        },
        "iteration_duration": {
            "max": 1021.84037,
            "p(90)": 15.2479783,
            "p(95)": 15.58210815,
            "avg": 13.68783186969088,
            "min": 0.506541,
            "med": 14.285647
        }
    }
}