{
    "root_group": {
        "name": "",
        "path": "",
        "id": "d41d8cd98f00b204e9800998ecf8427e",
        "groups": {},
        "checks": {}
    },
    "metrics": {
        "iteration_duration": {
            "avg": 13.710681079317055,
            "min": 0.516053,
            "med": 14.304739,
            "max": 1041.080288,
            "p(90)": 15.271049,
            "p(95)": 15.576433999999999
        },
        "data_sent": {
            "count": 156977212,
            "rate": 1427054.2002762044
        },
        "iterations": {
            "rate": 13258.767150241129,
            "count": 1458476
        },
        "vus_max": {
            "value": 200,
            "min": 200,
            "max": 200
        },
        "http_req_tls_handshaking": {
            "med": 0,
            "max": 0,
            "p(90)": 0,
            "p(95)": 0,
            "avg": 0,
            "min": 0
        },
        "http_req_duration": {
            "med": 14.265558500000001,
            "max": 1041.035414,
            "p(90)": 15.231387000000002,
            "p(95)": 15.536485,
            "avg": 13.670950447755487,
            "min": 0.489539
        },
        "http_req_receiving": {
            "p(90)": 0.012289,
            "p(95)": 0.018335,
            "avg": 0.008779235227730768,
            "min": 0.002756,
            "med": 0.007043,
            "max": 7.807073
        },
        "http_reqs": {
            "count": 1458476,
            "rate": 13258.767150241129
        },
        "http_req_failed": {
            "passes": 1458476,
            "fails": 0,
            "value": 1
        },
        "http_req_connecting": {
            "min": 0,
            "med": 0,
            "max": 8.185693,
            "p(90)": 0,
            "p(95)": 0,
            "avg": 0.0005169136900435797
        },
        "http_req_sending": {
            "avg": 0.0035654251026416076,
            "min": 0.001956,
            "med": 0.002988,
            "max": 2.256092,
            "p(90)": 0.004424,
            "p(95)": 0.00516
        },
        "data_received": {
            "count": 173551844,
            "rate": 1577731.4731891186
        },
        "vus": {
            "value": 1,
            "min": 1,
            "max": 200
        },
        "http_req_blocked": {
            "p(95)": 0.001084,
            "avg": 0.001242557923476887,
            "min": 0.000391,
            "med": 0.000576,
            "max": 8.234495,
            "p(90)": 0.000874
        },
        "http_req_waiting": {
            "p(95)": 15.52384675,
            "avg": 13.658605787425396,
            "min": 0.481026,
            "med": 14.2531655,
            "max": 1041.02466,
            "p(90)": 15.2188225
        }
    }
}