{
    "root_group": {
        "name": "",
        "path": "",
        "id": "d41d8cd98f00b204e9800998ecf8427e",
        "groups": {},
        "checks": {}
    },
    "metrics": {
        "data_received": {
            "count": 173835758,
            "rate": 1580315.2265445208
        },
        "data_sent": {
            "count": 157234025,
            "rate": 1429391.3214241103
        },
        "http_reqs": {
            "count": 1460862,
            "rate": 13280.480892085976
        },
        "http_req_connecting": {
            "p(95)": 0,
            "avg": 0.0005134475364545053,
            "min": 0,
            "med": 0,
            "max": 2.309528,
            "p(90)": 0
        },
        "http_req_duration": {
            "med": 14.2476205,
            "max": 1041.78656,
            "p(90)": 15.394687,
            "p(95)": 15.77105775,
            "avg": 13.64889618218265,
            "min": 0.473695
        },
        "http_req_failed": {
            "passes": 1460862,
            "fails": 0,
            "value": 1
        },
        "http_req_receiving": {
            "avg": 0.008594131356007326,
            "min": 0.002892,
            "med": 0.006953,
            "max": 5.260471,
            "p(90)": 0.012153,
            "p(95)": 0.018162
        },
        "vus": {
            "value": 1,
            "min": 1,
            "max": 200
        },
        "http_req_blocked": {
            "avg": 0.0012305059369063316,
            "min": 0.000388,
            "med": 0.00057,
            "max": 2.361626,
            "p(90)": 0.000867,
            "p(95)": 0.001075
        },
        "iteration_duration": {
            "p(95)": 15.810239750000001,
            "avg": 13.68826156193621,
            "min": 0.503942,
            "med": 14.2864835,
            "max": 1041.817656,
            "p(90)": 15.433501
        },
        "iterations": {
            "count": 1460862,
            "rate": 13280.480892085976
        },
        "vus_max": {
            "value": 200,
            "min": 200,
            "max": 200
        },
        "http_req_sending": {
            "avg": 0.003481380196076286,
            "min": 0.001959,
            "med": 0.002972,
            "max": 1.676284,
            "p(90)": 0.004389,
            "p(95)": 0.005105
        },
        "http_req_waiting": {
            "min": 0.464757,
            "med": 14.235678,
            "max": 1041.775165,
            "p(90)": 15.382503000000002,
            "p(95)": 15.758480599999999,
            "avg": 13.636820670632234
        },
        "http_req_tls_handshaking": {
            "avg": 0,
            "min": 0,
            "med": 0,
            "max": 0,
            "p(90)": 0,
            "p(95)": 0
        }
    }
}