{
    "metrics": {
        "data_sent": {
            "count": 156802102,
            "rate": 1425447.4838091205
        },
        "http_req_tls_handshaking": {
            "avg": 0,
            "min": 0,
            "med": 0,
            "max": 0,
            "p(90)": 0,
            "p(95)": 0
        },
        "data_received": {
            "count": 173358231,
            "rate": 1575954.9841784025
        },
        "http_req_duration": {
            "max": 1049.16912,
            "p(90)": 15.4586184,
            "p(95)": 15.905395799999997,
            "avg": 13.686713449457363,
            "min": 0.518466,
            "med": 14.271674
        },
        "vus_max": {
            "min": 200,
            "max": 200,
            "value": 200
        },
        "http_req_connecting": {
            "min": 0,
            "med": 0,
            "max": 2.362965,
            "p(90)": 0,
            "p(95)": 0,
            "avg": 0.0005129871071058144
        },
        "http_req_waiting": {
            "max": 1049.155056,
            "p(90)": 15.446533200000001,
            "p(95)": 15.8931062,
            "avg": 13.674626722215732,
            "min": 0.509643,
            "med": 14.259406
        },
        "iteration_duration": {
            "max": 1049.216236,
            "p(90)": 15.4975194,
            "p(95)": 15.944977799999998,
            "avg": 13.725949981995392,
            "min": 0.548141,
            "med": 14.310699
        },
        "http_req_sending": {
            "avg": 0.0034742893649242234,
            "min": 0.001934,
            "med": 0.002973,
            "max": 1.421502,
            "p(90)": 0.004401,
            "p(95)": 0.00512
        },
        "http_req_failed": {
            "passes": 1456849,
            "fails": 0,
            "value": 1
        },
        "iterations": {
            "count": 1456849,
            "rate": 13243.83866575866
        },
        "http_req_receiving": {
            "avg": 0.008612437877913215,
            "min": 0.003056,
            "med": 0.007005,
            "max": 3.593096,
            "p(90)": 0.012327,
            "p(95)": 0.018359
        },
        "http_req_blocked": {
            "min": 0.000369,
            "med": 0.000569,
            "max": 2.428017,
            "p(90)": 0.000866,
            "p(95)": 0.001071,
            "avg": 0.0012272370403528556
        },
        "vus": {
            "min": 1,
            "max": 200,
            "value": 1
        },
        "http_reqs": {
            "count": 1456849,
            "rate": 13243.83866575866
        }
    },
    "root_group": {
        "name": "",
        "path": "",
        "id": "d41d8cd98f00b204e9800998ecf8427e",
        "groups": {},
        "checks": {}
    }
}