{
    "root_group": {
        "name": "",
        "path": "",
        "id": "d41d8cd98f00b204e9800998ecf8427e",
        "groups": {},
        "checks": {}
    },
    "metrics": {
        "http_req_duration{expected_response:true}": {
            "min": 2.332805,
            "med": 211.208842,
            "max": 2003.197723,
            "p(90)": 451.67321410000005,
            "p(95)": 512.7218599,
            "avg": 249.12982699868186
        },
        "http_req_waiting": {
            "avg": 19.43681006548261,
            "min": 1.47313,
            "med": 17.045349,
            "max": 1019.915942,
            "p(90)": 21.800571000000037,
            "p(95)": 56.0573019
        },
        "http_req_receiving": {
            "avg": 229.48324799890625,
            "min": 0.005298,
            "med": 190.236825,
            "max": 1948.411193,
            "p(90)": 430.36276920000006,
            "p(95)": 493.5592776
        },
        "data_sent": {
            "count": 8653844,
            "rate": 78669.98681864391
        },
        "vus": {
            "value": 1,
            "min": 1,
            "max": 200
        },
        "http_req_failed": {
            "passes": 81,
            "fails": 80322,
            "value": 0.0010074250960785045
        },
        "vus_max": {
            "value": 200,
            "min": 200,
            "max": 200
        },
        "http_req_blocked": {
            "avg": 0.030782544905038928,
            "min": 0.000391,
            "med": 0.000586,
            "max": 1016.850026,
            "p(90)": 0.001009,
            "p(95)": 0.00114
        },
        "http_req_duration": {
            "avg": 248.92372223073914,
            "min": 2.332805,
            "med": 211.04419,
            "max": 2003.197723,
            "p(90)": 451.61003740000007,
            "p(95)": 512.6550215999999
        },
        "http_req_connecting": {
            "avg": 0.030030681429797392,
            "min": 0,
            "med": 0,
            "max": 1016.829564,
            "p(90)": 0,
            "p(95)": 0
        },
        "data_received": {
            "count": 1281252330,
            "rate": 11647552.684385898
        },
        "http_reqs": {
            "count": 80403,
            "rate": 730.92407838406
        },
        "iterations": {
            "count": 80403,
            "rate": 730.92407838406
        },
        "http_req_tls_handshaking": {
            "p(95)": 0,
            "avg": 0,
            "min": 0,
            "med": 0,
            "max": 0,
            "p(90)": 0
        },
        "iteration_duration": {
            "min": 2.364835,
            "med": 211.115564,
            "max": 2003.239899,
            "p(90)": 451.66594660000004,
            "p(95)": 512.7437061999999,
            "avg": 248.99351985141087
        },
        "http_req_sending": {
            "min": 0.001978,
            "med": 0.003292,
            "max": 0.276251,
            "p(90)": 0.004926,
            "p(95)": 0.0055808999999999945,
            "avg": 0.003664166349514286
        }
    }
}