{
    "metrics": {
        "http_req_connecting": {
            "avg": 0.05535192445461554,
            "min": 0,
            "med": 0,
            "max": 1082.444729,
            "p(90)": 0,
            "p(95)": 0
        },
        "http_req_failed": {
            "passes": 81,
            "fails": 80321,
            "value": 0.0010074376259297032
        },
        "http_req_duration{expected_response:true}": {
            "avg": 249.10616655418994,
            "min": 1.953003,
            "med": 210.544615,
            "max": 2398.037985,
            "p(90)": 452.605198,
            "p(95)": 516.03946
        },
        "http_reqs": {
            "count": 80402,
            "rate": 730.9146932534977
        },
        "http_req_blocked": {
            "avg": 0.05612327753040906,
            "min": 0.000371,
            "med": 0.000593,
            "max": 1082.470463,
            "p(90)": 0.000992,
            "p(95)": 0.001157
        },
        "http_req_waiting": {
            "avg": 19.493210962637328,
            "min": 1.120541,
            "med": 17.041900499999997,
            "max": 1784.611029,
            "p(90)": 22.82077430000001,
            "p(95)": 56.6165927
        },
        "vus": {
            "min": 1,
            "max": 200,
            "value": 1
        },
        "http_req_sending": {
            "p(90)": 0.005024,
            "p(95)": 0.005711,
            "avg": 0.0038582146464018457,
            "min": 0.001909,
            "med": 0.003438,
            "max": 0.274966
        },
        "http_req_tls_handshaking": {
            "p(95)": 0,
            "avg": 0,
            "min": 0,
            "med": 0,
            "max": 0,
            "p(90)": 0
        },
        "iterations": {
            "rate": 730.9146932534977,
            "count": 80402
        },
        "http_req_receiving": {
            "p(90)": 432.1979863000001,
            "p(95)": 495.12331195,
            "avg": 229.38919274889656,
            "min": 0.006158,
            "med": 189.397931,
            "max": 2381.519315
        },
        "vus_max": {
            "value": 200,
            "min": 200,
            "max": 200
        },
        "data_received": {
            "rate": 11647492.448863255,
            "count": 1281246220
        },
        "data_sent": {
            "rate": 78668.97333321,
            "count": 8653736
        },
        "http_req_duration": {
            "med": 210.332678,
            "max": 2398.037985,
            "p(90)": 452.5351678,
            "p(95)": 516.0208769,
            "avg": 248.8862619261844,
            "min": 1.953003
        },
        "iteration_duration": {
            "p(90)": 452.62332380000004,
            "p(95)": 516.0769028999999,
            "avg": 248.9832504195901,
            "min": 1.981016,
            "med": 210.398282,
            "max": 2398.076404
        }
    },
    "root_group": {
        "name": "",
        "path": "",
        "id": "d41d8cd98f00b204e9800998ecf8427e",
        "groups": {},
        "checks": {}
    }
}