{
    "root_group": {
        "checks": {},
        "name": "",
        "path": "",
        "id": "d41d8cd98f00b204e9800998ecf8427e",
        "groups": {}
    },
    "metrics": {
        "http_req_waiting": {
            "p(95)": 56.603296699999966,
            "avg": 19.560436867772047,
            "min": 1.270747,
            "med": 17.067864,
            "max": 871.870643,
            "p(90)": 25.409137199999993
        },
        "http_req_sending": {
            "max": 0.154144,
            "p(90)": 0.005055,
            "p(95)": 0.005735099999999991,
            "avg": 0.0038691884227415765,
            "min": 0.001969,
            "med": 0.003449
        },
        "vus_max": {
            "value": 200,
            "min": 200,
            "max": 200
        },
        "http_req_receiving": {
            "p(90)": 431.99752959999995,
            "p(95)": 495.20100139999977,
            "avg": 229.3638376618503,
            "min": 0.005731,
            "med": 190.519353,
            "max": 2205.987243
        },
        "iteration_duration": {
            "avg": 249.00068933555366,
            "min": 2.366678,
            "med": 211.796882,
            "max": 2213.701307,
            "p(90)": 451.7457952,
            "p(95)": 515.8686567
        },
        "vus": {
            "value": 1,
            "min": 1,
            "max": 200
        },
        "http_req_failed": {
            "passes": 81,
            "fails": 80318,
            "value": 0.0010074752173534498
        },
        "http_req_blocked": {
            "avg": 0.031620567021977124,
            "min": 0.000378,
            "med": 0.000596,
            "max": 1015.832883,
            "p(90)": 0.000992,
            "p(95)": 0.001156
        },
        "http_req_connecting": {
            "avg": 0.03084686110523764,
            "min": 0,
            "med": 0,
            "max": 1015.812438,
            "p(90)": 0,
            "p(95)": 0
        },
        "http_req_tls_handshaking": {
            "avg": 0,
            "min": 0,
            "med": 0,
            "max": 0,
            "p(90)": 0,
            "p(95)": 0
        },
        "data_received": {
            "count": 1281194864,
            "rate": 11646885.01514687
        },
        "data_sent": {
            "count": 8653412,
            "rate": 78665.07850182275
        },
        "iterations": {
            "count": 80399,
            "rate": 730.8785998480191
        },
        "http_reqs": {
            "count": 80399,
            "rate": 730.8785998480191
        },
        "http_req_duration": {
            "p(95)": 515.8163058999999,
            "avg": 248.92814371804764,
            "min": 2.322104,
            "med": 211.742816,
            "max": 2213.662529,
            "p(90)": 451.6984776
        },
        "http_req_duration{expected_response:true}": {
            "med": 211.8946765,
            "max": 2213.662529,
            "p(90)": 451.73968890000003,
            "p(95)": 515.83450835,
            "avg": 249.14136571106496,
            "min": 2.322104
        }
    }
}