{
    "root_group": {
        "name": "",
        "path": "",
        "id": "d41d8cd98f00b204e9800998ecf8427e",
        "groups": {},
        "checks": {}
    },
    "metrics": {
        "data_sent": {
            "count": 8656952,
            "rate": 78697.29692169755
        },
        "http_req_tls_handshaking": {
            "p(95)": 0,
            "avg": 0,
            "min": 0,
            "med": 0,
            "max": 0,
            "p(90)": 0
        },
        "vus_max": {
            "value": 200,
            "min": 200,
            "max": 200
        },
        "http_req_waiting": {
            "min": 1.503441,
            "med": 17.0540385,
            "max": 867.302956,
            "p(90)": 26.031801100000248,
            "p(95)": 56.99966859999996,
            "avg": 19.64433923715725
        },
        "http_req_receiving": {
            "p(95)": 495.0673776,
            "avg": 229.148816045031,
            "min": 0.004904,
            "med": 189.9145395,
            "max": 1971.970025,
            "p(90)": 431.5492247000002
        },
        "http_req_blocked": {
            "avg": 0.04710891674955032,
            "min": 0.000374,
            "med": 0.0006,
            "max": 1014.256508,
            "p(90)": 0.000993,
            "p(95)": 0.001161
        },
        "http_req_failed": {
            "passes": 81,
            "fails": 80351,
            "value": 0.0010070618659240103
        },
        "iteration_duration": {
            "avg": 248.88512713381488,
            "min": 2.253899,
            "med": 211.3705375,
            "max": 1991.200551,
            "p(90)": 452.2788363,
            "p(95)": 516.07695745
        },
        "http_reqs": {
            "count": 80432,
            "rate": 731.1789398862298
        },
        "data_received": {
            "count": 1281716071,
            "rate": 11651628.680486917
        },
        "http_req_duration": {
            "med": 211.2932255,
            "max": 1991.162031,
            "p(90)": 452.20015830000006,
            "p(95)": 516.02014,
            "avg": 248.7970447874339,
            "min": 2.22249
        },
        "http_req_connecting": {
            "med": 0,
            "max": 1014.21255,
            "p(90)": 0,
            "p(95)": 0,
            "avg": 0.046330519308235514,
            "min": 0
        },
        "http_req_sending": {
            "avg": 0.003889505246667984,
            "min": 0.002045,
            "med": 0.003466,
            "max": 0.281832,
            "p(90)": 0.005062,
            "p(95)": 0.005726
        },
        "iterations": {
            "count": 80432,
            "rate": 731.1789398862298
        },
        "http_req_duration{expected_response:true}": {
            "med": 211.46055,
            "max": 1991.162031,
            "p(90)": 452.329169,
            "p(95)": 516.049645,
            "avg": 249.01511863266018,
            "min": 2.22249
        },
        "vus": {
            "value": 1,
            "min": 1,
            "max": 200
        }
    }
}