{
    "root_group": {
        "name": "",
        "path": "",
        "id": "d41d8cd98f00b204e9800998ecf8427e",
        "groups": {},
        "checks": {}
    },
    "metrics": {
        "http_req_duration": {
            "avg": 13.387951169546307,
            "min": 0.486251,
            "med": 14.01082,
            "max": 246.709684,
            "p(90)": 15.032806,
            "p(95)": 15.380427
        },
        "http_req_blocked": {
            "med": 0.000541,
            "max": 1.331195,
            "p(90)": 0.000823,
            "p(95)": 0.001023,
            "avg": 0.0011894747155541934,
            "min": 0.000359
        },
        "iteration_duration": {
            "med": 14.047637,
            "max": 248.94226,
            "p(90)": 15.070139600000001,
            "p(95)": 15.417999199999997,
            "avg": 13.425488305134111,
            "min": 0.512617
        },
        "http_req_receiving": {
            "p(90)": 0.011885,
            "p(95)": 0.01828,
            "avg": 0.008101716824004318,
            "min": 0.002784,
            "med": 0.00642,
            "max": 3.727682
        },
        "http_req_failed": {
            "passes": 1489473,
            "fails": 0,
            "value": 1
        },
        "data_sent": {
            "count": 160313449,
            "rate": 1457383.097868076
        },
        "http_req_connecting": {
            "avg": 0.0005064612826147232,
            "min": 0,
            "med": 0,
            "max": 1.194829,
            "p(90)": 0,
            "p(95)": 0
        },
        "iterations": {
            "count": 1489473,
            "rate": 13540.553138064273
        },
        "http_req_waiting": {
            "avg": 13.376568203286494,
            "min": 0.478785,
            "med": 13.999558,
            "max": 246.526504,
            "p(90)": 15.021021,
            "p(95)": 15.368399799999999
        },
        "http_reqs": {
            "count": 1489473,
            "rate": 13540.553138064273
        },
        "vus": {
            "value": 1,
            "min": 1,
            "max": 200
        },
        "http_req_tls_handshaking": {
            "p(95)": 0,
            "avg": 0,
            "min": 0,
            "med": 0,
            "max": 0,
            "p(90)": 0
        },
        "http_req_sending": {
            "p(90)": 0.004091,
            "p(95)": 0.004769,
            "avg": 0.003281249435874614,
            "min": 0.00172,
            "med": 0.002804,
            "max": 1.07627
        },
        "data_received": {
            "rate": 1611262.8239437586,
            "count": 177240357
        },
        "vus_max": {
            "value": 200,
            "min": 200,
            "max": 200
        }
    }
}