{
    "metrics": {
        "http_req_waiting": {
            "p(95)": 15.685426099999999,
            "avg": 13.677326642989037,
            "min": 0.447776,
            "med": 14.332475500000001,
            "max": 310.219013,
            "p(90)": 15.365764400000002
        },
        "iteration_duration": {
            "p(90)": 15.4163837,
            "p(95)": 15.73708915,
            "avg": 13.727017810065142,
            "min": 0.485873,
            "med": 14.3811505,
            "max": 312.331392
        },
        "http_req_sending": {
            "avg": 0.003339009802575554,
            "min": 0.001841,
            "med": 0.002816,
            "max": 2.776136,
            "p(90)": 0.00411,
            "p(95)": 0.004807
        },
        "iterations": {
            "rate": 13243.086636502836,
            "count": 1456760
        },
        "http_req_blocked": {
            "min": 0.000345,
            "med": 0.000543,
            "max": 1.943333,
            "p(90)": 0.000829,
            "p(95)": 0.001032,
            "avg": 0.0011977381572809106
        },
        "http_req_failed": {
            "passes": 1456760,
            "fails": 0,
            "value": 1
        },
        "http_req_connecting": {
            "avg": 0.0005124880398967569,
            "min": 0,
            "med": 0,
            "max": 1.621607,
            "p(90)": 0,
            "p(95)": 0
        },
        "vus_max": {
            "value": 200,
            "min": 200,
            "max": 200
        },
        "http_req_tls_handshaking": {
            "min": 0,
            "med": 0,
            "max": 0,
            "p(90)": 0,
            "p(95)": 0,
            "avg": 0
        },
        "data_received": {
            "count": 173347660,
            "rate": 1575865.6742462981
        },
        "http_req_duration": {
            "p(90)": 15.377837099999999,
            "p(95)": 15.69799635,
            "avg": 13.688934090997318,
            "min": 0.4559,
            "med": 14.344014999999999,
            "max": 310.558637
        },
        "data_sent": {
            "count": 156792534,
            "rate": 1425366.6435918177
        },
        "vus": {
            "value": 1,
            "min": 1,
            "max": 200
        },
        "http_reqs": {
            "count": 1456760,
            "rate": 13243.086636502836
        },
        "http_req_receiving": {
            "avg": 0.008268438206018794,
            "min": 0.002895,
            "med": 0.006469,
            "max": 7.60625,
            "p(90)": 0.012044,
            "p(95)": 0.018485
        }
    },
    "root_group": {
        "name": "",
        "path": "",
        "id": "d41d8cd98f00b204e9800998ecf8427e",
        "groups": {},
        "checks": {}
    }
}