{
    "root_group": {
        "checks": {},
        "name": "",
        "path": "",
        "id": "d41d8cd98f00b204e9800998ecf8427e",
        "groups": {}
    },
    "metrics": {
        "iterations": {
            "count": 80333,
            "rate": 730.2960633324315
        },
        "http_req_failed": {
            "passes": 81,
            "fails": 80252,
            "value": 0.0010083029390163445
        },
        "http_reqs": {
            "count": 80333,
            "rate": 730.2960633324315
        },
        "data_sent": {
            "count": 8646311,
            "rate": 78602.40356575628
        },
        "http_req_sending": {
            "min": 0.001846,
            "med": 0.003205,
            "max": 0.521131,
            "p(90)": 0.0047868000000000025,
            "p(95)": 0.005422,
            "avg": 0.003569593056402731
        },
        "http_req_duration{expected_response:true}": {
            "avg": 249.32456031150502,
            "min": 2.029503,
            "med": 212.292011,
            "max": 2225.405576,
            "p(90)": 451.0549184000003,
            "p(95)": 515.67586635
        },
        "iteration_duration": {
            "avg": 249.17424678685157,
            "min": 2.075588,
            "med": 212.180217,
            "max": 2225.445032,
            "p(90)": 450.8975542,
            "p(95)": 515.6858162
        },
        "http_req_blocked": {
            "p(90)": 0.000971,
            "p(95)": 0.001108,
            "avg": 0.019263361806481322,
            "min": 0.000363,
            "med": 0.000549,
            "max": 88.203082
        },
        "http_req_connecting": {
            "avg": 0.0185562628309661,
            "min": 0,
            "med": 0,
            "max": 88.179169,
            "p(90)": 0,
            "p(95)": 0
        },
        "http_req_tls_handshaking": {
            "max": 0,
            "p(90)": 0,
            "p(95)": 0,
            "avg": 0,
            "min": 0,
            "med": 0
        },
        "http_req_waiting": {
            "p(90)": 21.513043000000003,
            "p(95)": 56.035732599999996,
            "avg": 19.474619471860912,
            "min": 1.387602,
            "med": 17.082222,
            "max": 894.750338
        },
        "http_req_receiving": {
            "avg": 229.63803810101862,
            "min": 0.006266,
            "med": 190.648253,
            "max": 2206.204056,
            "p(90)": 430.6535174,
            "p(95)": 494.79979519999983
        },
        "vus": {
            "value": 1,
            "min": 1,
            "max": 200
        },
        "vus_max": {
            "value": 200,
            "min": 200,
            "max": 200
        },
        "http_req_duration": {
            "med": 212.126425,
            "max": 2225.405576,
            "p(90)": 450.8356308,
            "p(95)": 515.6518877999999,
            "avg": 249.11622716593317,
            "min": 2.029503
        },
        "data_received": {
            "count": 1280103975,
            "rate": 11637246.13295529
        }
    }
}