{
    "root_group": {
        "checks": {},
        "name": "",
        "path": "",
        "id": "d41d8cd98f00b204e9800998ecf8427e",
        "groups": {}
    },
    "metrics": {
        "http_req_tls_handshaking": {
            "avg": 0,
            "min": 0,
            "med": 0,
            "max": 0,
            "p(90)": 0,
            "p(95)": 0
        },
        "http_req_blocked": {
            "avg": 0.0012176831378230108,
            "min": 0.00036,
            "med": 0.000564,
            "max": 2.669455,
            "p(90)": 0.000856,
            "p(95)": 0.001059
        },
        "iterations": {
            "rate": 13241.00703775242,
            "count": 1456526
        },
        "vus": {
            "value": 1,
            "min": 1,
            "max": 200
        },
        "http_req_connecting": {
            "med": 0,
            "max": 2.295798,
            "p(90)": 0,
            "p(95)": 0,
            "avg": 0.0005116597026074367,
            "min": 0
        },
        "http_req_sending": {
            "avg": 0.0034376432449543595,
            "min": 0.001911,
            "med": 0.002932,
            "max": 1.980909,
            "p(90)": 0.004324,
            "p(95)": 0.005048
        },
        "http_reqs": {
            "count": 1456526,
            "rate": 13241.00703775242
        },
        "vus_max": {
            "value": 200,
            "min": 200,
            "max": 200
        },
        "http_req_waiting": {
            "p(90)": 15.3805285,
            "p(95)": 15.75247875,
            "avg": 13.678012834764113,
            "min": 0.485108,
            "med": 14.24784,
            "max": 1026.009414
        },
        "data_received": {
            "rate": 1575618.2926813602,
            "count": 173319824
        },
        "iteration_duration": {
            "avg": 13.729073341356855,
            "min": 0.521565,
            "med": 14.297929,
            "max": 1026.068781,
            "p(90)": 15.4317735,
            "p(95)": 15.804227749999999
        },
        "http_req_failed": {
            "passes": 1456526,
            "fails": 0,
            "value": 1
        },
        "http_req_duration": {
            "avg": 13.6900990640766,
            "min": 0.493402,
            "med": 14.2596895,
            "max": 1026.021574,
            "p(90)": 15.3928975,
            "p(95)": 15.76489375
        },
        "http_req_receiving": {
            "avg": 0.00864858606849446,
            "min": 0.0027,
            "med": 0.006823,
            "max": 9.109135,
            "p(90)": 0.012255,
            "p(95)": 0.018424
        },
        "data_sent": {
            "count": 156767335,
            "rate": 1425142.6929726563
        }
    }
}