{
    "root_group": {
        "id": "d41d8cd98f00b204e9800998ecf8427e",
        "groups": {},
        "checks": {},
        "name": "",
        "path": ""
    },
    "metrics": {
        "http_reqs": {
            "count": 1460974,
            "rate": 13281.564192942427
        },
        "iterations": {
            "count": 1460974,
            "rate": 13281.564192942427
        },
        "iteration_duration": {
            "avg": 13.687481083794157,
            "min": 0.496853,
            "med": 14.3054175,
            "max": 1018.579179,
            "p(90)": 15.337941,
            "p(95)": 15.6596681
        },
        "vus": {
            "value": 1,
            "min": 1,
            "max": 200
        },
        "http_req_duration": {
            "avg": 13.649850780683702,
            "min": 0.470734,
            "med": 14.267812,
            "max": 1018.537299,
            "p(90)": 15.300971,
            "p(95)": 15.62235235
        },
        "data_sent": {
            "count": 157246083,
            "rate": 1429507.9484325203
        },
        "http_req_failed": {
            "passes": 1460974,
            "fails": 0,
            "value": 1
        },
        "http_req_waiting": {
            "p(90)": 15.2896657,
            "p(95)": 15.61071035,
            "avg": 13.638618019898223,
            "min": 0.463678,
            "med": 14.2564525,
            "max": 1018.527775
        },
        "http_req_tls_handshaking": {
            "avg": 0,
            "min": 0,
            "med": 0,
            "max": 0,
            "p(90)": 0,
            "p(95)": 0
        },
        "http_req_sending": {
            "avg": 0.0032762981599950454,
            "min": 0.001826,
            "med": 0.002798,
            "max": 3.604619,
            "p(90)": 0.004098,
            "p(95)": 0.004792
        },
        "http_req_blocked": {
            "min": 0.000348,
            "med": 0.00054,
            "max": 2.33107,
            "p(90)": 0.000826,
            "p(95)": 0.001028,
            "avg": 0.0011896504044566331
        },
        "data_received": {
            "count": 173849081,
            "rate": 1580444.0935879403
        },
        "vus_max": {
            "value": 200,
            "min": 200,
            "max": 200
        },
        "http_req_connecting": {
            "avg": 0.0005092094842208004,
            "min": 0,
            "med": 0,
            "max": 2.247558,
            "p(90)": 0,
            "p(95)": 0
        },
        "http_req_receiving": {
            "p(95)": 0.01728934999999986,
            "avg": 0.007956462625618624,
            "min": 0.002944,
            "med": 0.0064335,
            "max": 2.568942,
            "p(90)": 0.011365
        }
    }
}