{
    "root_group": {
        "id": "d41d8cd98f00b204e9800998ecf8427e",
        "groups": {},
        "checks": {},
        "name": "",
        "path": ""
    },
    "metrics": {
        "http_req_connecting": {
            "max": 193.601004,
            "p(90)": 0,
            "p(95)": 0,
            "avg": 0.020781129457566813,
            "min": 0,
            "med": 0
        },
        "http_req_failed": {
            "passes": 81,
            "fails": 80316,
            "value": 0.0010075002798611888
        },
        "http_req_blocked": {
            "max": 193.630795,
            "p(90)": 0.0010124000000000088,
            "p(95)": 0.001176,
            "avg": 0.021557180989341174,
            "min": 0.000377,
            "med": 0.000593
        },
        "http_req_waiting": {
            "min": 1.233505,
            "med": 17.067367,
            "max": 859.877864,
            "p(90)": 23.944483000000112,
            "p(95)": 56.14418019999997,
            "avg": 19.544820469482335
        },
        "http_req_receiving": {
            "med": 190.59774,
            "max": 2069.469416,
            "p(90)": 430.21567380000005,
            "p(95)": 493.26871479999994,
            "avg": 229.40635379145803,
            "min": 0.004735
        },
        "data_received": {
            "count": 1281136404,
            "rate": 11646624.796936454
        },
        "iteration_duration": {
            "p(90)": 450.18077860000005,
            "p(95)": 512.8036393999998,
            "avg": 249.01845353004552,
            "min": 2.139238,
            "med": 212.180382,
            "max": 2104.257572
        },
        "vus_max": {
            "value": 200,
            "min": 200,
            "max": 200
        },
        "http_req_sending": {
            "min": 0.001972,
            "med": 0.003475,
            "max": 0.172384,
            "p(90)": 0.00512,
            "p(95)": 0.005779,
            "avg": 0.003906772342251563
        },
        "http_req_duration": {
            "avg": 248.9550810332867,
            "min": 2.103654,
            "med": 212.121372,
            "max": 2104.199851,
            "p(90)": 450.1266932000002,
            "p(95)": 512.7665883999999
        },
        "http_reqs": {
            "count": 80397,
            "rate": 730.877438870514
        },
        "http_req_duration{expected_response:true}": {
            "p(90)": 450.309489,
            "p(95)": 512.91433375,
            "avg": 249.16625605352792,
            "min": 2.103654,
            "med": 212.2829145,
            "max": 2104.199851
        },
        "data_sent": {
            "count": 8653201,
            "rate": 78664.99228717203
        },
        "vus": {
            "max": 200,
            "value": 1,
            "min": 1
        },
        "http_req_tls_handshaking": {
            "max": 0,
            "p(90)": 0,
            "p(95)": 0,
            "avg": 0,
            "min": 0,
            "med": 0
        },
        "iterations": {
            "count": 80397,
            "rate": 730.877438870514
        }
    }
}