{
    "root_group": {
        "path": "",
        "id": "d41d8cd98f00b204e9800998ecf8427e",
        "groups": {},
        "checks": {},
        "name": ""
    },
    "metrics": {
        "http_req_failed": {
            "passes": 1473580,
            "fails": 0,
            "value": 1
        },
        "http_reqs": {
            "count": 1473580,
            "rate": 13396.113682746622
        },
        "http_req_receiving": {
            "med": 0.007044,
            "max": 1.644745,
            "p(90)": 0.012279,
            "p(95)": 0.018199,
            "avg": 0.008696163718970105,
            "min": 0.003207
        },
        "http_req_tls_handshaking": {
            "min": 0,
            "med": 0,
            "max": 0,
            "p(90)": 0,
            "p(95)": 0,
            "avg": 0
        },
        "http_req_sending": {
            "p(95)": 0.005183,
            "avg": 0.0035011412485243883,
            "min": 0.00188,
            "med": 0.003009,
            "max": 1.07183,
            "p(90)": 0.004452
        },
        "iteration_duration": {
            "p(90)": 15.1640241,
            "p(95)": 15.49107345,
            "avg": 13.570096064272922,
            "min": 0.538683,
            "med": 14.1622875,
            "max": 1034.076286
        },
        "http_req_blocked": {
            "avg": 0.0012371836703816525,
            "min": 0.000386,
            "med": 0.000574,
            "max": 7.355279,
            "p(90)": 0.000875,
            "p(95)": 0.001077
        },
        "data_received": {
            "count": 175349150,
            "rate": 1594075.0740190486
        },
        "vus_max": {
            "value": 200,
            "min": 200,
            "max": 200
        },
        "data_sent": {
            "count": 158602886,
            "rate": 1441837.0846969304
        },
        "http_req_connecting": {
            "avg": 0.0005162930170062031,
            "min": 0,
            "med": 0,
            "max": 7.302891,
            "p(90)": 0,
            "p(95)": 0
        },
        "http_req_waiting": {
            "avg": 13.518333939000165,
            "min": 0.483746,
            "med": 14.110915,
            "max": 1034.013492,
            "p(90)": 15.1121105,
            "p(95)": 15.438076
        },
        "vus": {
            "value": 1,
            "min": 1,
            "max": 200
        },
        "iterations": {
            "count": 1473580,
            "rate": 13396.113682746622
        },
        "http_req_duration": {
            "p(95)": 15.45086715,
            "avg": 13.530531243967488,
            "min": 0.495043,
            "med": 14.122982,
            "max": 1034.027175,
            "p(90)": 15.124476
        }
    }
}