{
    "root_group": {
        "name": "",
        "path": "",
        "id": "d41d8cd98f00b204e9800998ecf8427e",
        "groups": {},
        "checks": {}
    },
    "metrics": {
        "http_req_failed": {
            "passes": 1451122,
            "fails": 0,
            "value": 1
        },
        "http_req_blocked": {
            "avg": 0.0012343571002306204,
            "min": 0.000373,
            "med": 0.000571,
            "max": 8.8948,
            "p(90)": 0.00087,
            "p(95)": 0.001079
        },
        "vus_max": {
            "max": 200,
            "value": 200,
            "min": 200
        },
        "http_req_receiving": {
            "min": 0.002954,
            "med": 0.007043,
            "max": 6.251777,
            "p(90)": 0.012359,
            "p(95)": 0.018296949999999954,
            "avg": 0.008721261035253993
        },
        "data_sent": {
            "rate": 1419854.402107864,
            "count": 156185709
        },
        "http_req_waiting": {
            "p(95)": 15.823699900000001,
            "avg": 13.728288678356332,
            "min": 0.437079,
            "med": 14.378594,
            "max": 1025.45118,
            "p(90)": 15.455861800000003
        },
        "iteration_duration": {
            "min": 0.502628,
            "med": 14.430066499999999,
            "max": 1025.512046,
            "p(90)": 15.5078426,
            "p(95)": 15.87697975,
            "avg": 13.780110534779253
        },
        "http_req_duration": {
            "med": 14.3907325,
            "max": 1025.465152,
            "p(90)": 15.468322500000001,
            "p(95)": 15.8369507,
            "avg": 13.740523518729107,
            "min": 0.449767
        },
        "iterations": {
            "count": 1451122,
            "rate": 13191.872501571625
        },
        "data_received": {
            "count": 172676738,
            "rate": 1569771.192004041
        },
        "http_req_sending": {
            "min": 0.001975,
            "med": 0.002995,
            "max": 3.833098,
            "p(90)": 0.004437,
            "p(95)": 0.005158,
            "avg": 0.003513579337230288
        },
        "http_req_connecting": {
            "p(95)": 0,
            "avg": 0.0005164496038238003,
            "min": 0,
            "med": 0,
            "max": 8.091416,
            "p(90)": 0
        },
        "http_req_tls_handshaking": {
            "avg": 0,
            "min": 0,
            "med": 0,
            "max": 0,
            "p(90)": 0,
            "p(95)": 0
        },
        "vus": {
            "max": 200,
            "value": 1,
            "min": 1
        },
        "http_reqs": {
            "count": 1451122,
            "rate": 13191.872501571625
        }
    }
}