{
    "metrics": {
        "http_req_blocked": {
            "avg": 0.05963651438065292,
            "min": 0.000376,
            "med": 0.000599,
            "max": 1021.723246,
            "p(90)": 0.000991,
            "p(95)": 0.0011535
        },
        "http_req_failed": {
            "fails": 80270,
            "passes": 81,
            "value": 0.0010080770618909535
        },
        "data_sent": {
            "count": 8648250,
            "rate": 78618.24037563875
        },
        "data_received": {
            "count": 1280361763,
            "rate": 11639324.586050428
        },
        "vus": {
            "value": 1,
            "min": 1,
            "max": 200
        },
        "http_req_receiving": {
            "avg": 229.36752701102762,
            "min": 0.005816,
            "med": 190.676864,
            "max": 2107.812548,
            "p(90)": 431.591872,
            "p(95)": 494.3082995
        },
        "http_req_connecting": {
            "med": 0,
            "max": 1021.701034,
            "p(90)": 0,
            "p(95)": 0,
            "avg": 0.058869597092755535,
            "min": 0
        },
        "http_req_duration{expected_response:true}": {
            "med": 211.889759,
            "max": 2124.042749,
            "p(90)": 452.0333265,
            "p(95)": 514.8759067000001,
            "avg": 249.2370031868203,
            "min": 2.034167
        },
        "vus_max": {
            "value": 200,
            "min": 200,
            "max": 200
        },
        "iteration_duration": {
            "min": 2.06095,
            "med": 211.775713,
            "max": 2124.079112,
            "p(90)": 452.050419,
            "p(95)": 514.8786655,
            "avg": 249.12859663441483
        },
        "iterations": {
            "count": 80351,
            "rate": 730.443064483907
        },
        "http_req_sending": {
            "avg": 0.00400377645580018,
            "min": 0.001982,
            "med": 0.003459,
            "max": 5.575959,
            "p(90)": 0.005043,
            "p(95)": 0.005735499999999999
        },
        "http_reqs": {
            "count": 80351,
            "rate": 730.443064483907
        },
        "http_req_duration": {
            "p(95)": 514.5924175,
            "avg": 249.02794773491374,
            "min": 2.034167,
            "med": 211.700054,
            "max": 2124.042749,
            "p(90)": 451.990613
        },
        "http_req_tls_handshaking": {
            "max": 0,
            "p(90)": 0,
            "p(95)": 0,
            "avg": 0,
            "min": 0,
            "med": 0
        },
        "http_req_waiting": {
            "p(95)": 56.343419,
            "avg": 19.6564169474304,
            "min": 1.409651,
            "med": 17.044341,
            "max": 841.117252,
            "p(90)": 26.602155
        }
    },
    "root_group": {
        "name": "",
        "path": "",
        "id": "d41d8cd98f00b204e9800998ecf8427e",
        "groups": {},
        "checks": {}
    }
}