{
    "root_group": {
        "name": "",
        "path": "",
        "id": "d41d8cd98f00b204e9800998ecf8427e",
        "groups": {},
        "checks": {}
    },
    "metrics": {
        "data_received": {
            "count": 1281707418,
            "rate": 11651563.914688895
        },
        "http_req_failed": {
            "passes": 81,
            "fails": 80352,
            "value": 0.0010070493454179255
        },
        "http_req_waiting": {
            "avg": 19.538541663707598,
            "min": 1.087514,
            "med": 17.049133,
            "max": 748.368249,
            "p(90)": 22.96392440000002,
            "p(95)": 56.29128439999996
        },
        "http_req_blocked": {
            "avg": 0.055009730036177235,
            "min": 0.000372,
            "med": 0.0006,
            "max": 1014.795413,
            "p(90)": 0.001002,
            "p(95)": 0.001168
        },
        "http_req_connecting": {
            "avg": 0.05423614308803601,
            "min": 0,
            "med": 0,
            "max": 1014.770142,
            "p(90)": 0,
            "p(95)": 0
        },
        "http_req_tls_handshaking": {
            "avg": 0,
            "min": 0,
            "med": 0,
            "max": 0,
            "p(90)": 0,
            "p(95)": 0
        },
        "iteration_duration": {
            "min": 1.683788,
            "med": 210.435818,
            "max": 2283.61919,
            "p(90)": 451.5332616,
            "p(95)": 515.9562824,
            "avg": 248.88367658813175
        },
        "http_req_receiving": {
            "p(90)": 430.7293498,
            "p(95)": 495.247952,
            "avg": 229.24503039691552,
            "min": 0.005493,
            "med": 189.273985,
            "max": 2275.939508
        },
        "http_req_duration": {
            "avg": 248.78745742773572,
            "min": 1.655333,
            "med": 210.368988,
            "max": 2283.576149,
            "p(90)": 451.4350926,
            "p(95)": 515.9042681999999
        },
        "data_sent": {
            "count": 8657060,
            "rate": 78698.37256672306
        },
        "vus_max": {
            "value": 200,
            "min": 200,
            "max": 200
        },
        "http_req_duration{expected_response:true}": {
            "p(95)": 515.9137776499999,
            "avg": 248.98423203553222,
            "min": 1.655333,
            "med": 210.4748155,
            "max": 2283.576149,
            "p(90)": 451.539435
        },
        "http_reqs": {
            "count": 80433,
            "rate": 731.1889025441934
        },
        "http_req_sending": {
            "med": 0.003473,
            "max": 0.184444,
            "p(90)": 0.00507,
            "p(95)": 0.005737,
            "avg": 0.0038853671130009235,
            "min": 0.002052
        },
        "iterations": {
            "count": 80433,
            "rate": 731.1889025441934
        },
        "vus": {
            "max": 200,
            "value": 1,
            "min": 1
        }
    }
}