{
    "metrics": {
        "http_reqs": {
            "count": 1453678,
            "rate": 13215.151055684424
        },
        "iteration_duration": {
            "med": 14.352746,
            "max": 251.028671,
            "p(90)": 15.4597903,
            "p(95)": 15.83438235,
            "avg": 13.756145237488298,
            "min": 0.51026
        },
        "http_req_tls_handshaking": {
            "avg": 0,
            "min": 0,
            "med": 0,
            "max": 0,
            "p(90)": 0,
            "p(95)": 0
        },
        "http_req_receiving": {
            "min": 0.002983,
            "med": 0.00648,
            "max": 9.050598,
            "p(90)": 0.012114,
            "p(95)": 0.018515,
            "avg": 0.008241392516086942
        },
        "data_sent": {
            "count": 156460821,
            "rate": 1422359.9612922545
        },
        "vus": {
            "min": 1,
            "max": 200,
            "value": 1
        },
        "http_req_waiting": {
            "med": 14.304110999999999,
            "max": 249.068508,
            "p(90)": 15.4110829,
            "p(95)": 15.78443345,
            "avg": 13.706893036177586,
            "min": 0.468983
        },
        "data_received": {
            "count": 172980907,
            "rate": 1572541.3851996793
        },
        "http_req_blocked": {
            "min": 0.00036,
            "med": 0.000541,
            "max": 2.041373,
            "p(90)": 0.000828,
            "p(95)": 0.001031,
            "avg": 0.0011930815221807892
        },
        "http_req_connecting": {
            "p(95)": 0,
            "avg": 0.0005140027261883312,
            "min": 0,
            "med": 0,
            "max": 1.999725,
            "p(90)": 0
        },
        "http_req_sending": {
            "min": 0.001847,
            "med": 0.002814,
            "max": 6.026666,
            "p(90)": 0.004129,
            "p(95)": 0.004841,
            "avg": 0.003281897984285556
        },
        "http_req_failed": {
            "passes": 1453678,
            "fails": 0,
            "value": 1
        },
        "iterations": {
            "rate": 13215.151055684424,
            "count": 1453678
        },
        "vus_max": {
            "value": 200,
            "min": 200,
            "max": 200
        },
        "http_req_duration": {
            "max": 249.264343,
            "p(90)": 15.422646,
            "p(95)": 15.796543949999998,
            "avg": 13.718416326677849,
            "min": 0.479453,
            "med": 14.315605000000001
        }
    },
    "root_group": {
        "id": "d41d8cd98f00b204e9800998ecf8427e",
        "groups": {},
        "checks": {},
        "name": "",
        "path": ""
    }
}