{
    "root_group": {
        "name": "",
        "path": "",
        "id": "d41d8cd98f00b204e9800998ecf8427e",
        "groups": {},
        "checks": {}
    },
    "metrics": {
        "http_req_receiving": {
            "avg": 229.40803346336057,
            "min": 0.005513,
            "med": 190.3478135,
            "max": 1944.035988,
            "p(90)": 431.327869,
            "p(95)": 493.4538060499999
        },
        "vus": {
            "value": 1,
            "min": 1,
            "max": 200
        },
        "http_req_connecting": {
            "avg": 0.047817365898858245,
            "min": 0,
            "med": 0,
            "max": 1020.259317,
            "p(90)": 0,
            "p(95)": 0
        },
        "http_req_tls_handshaking": {
            "p(90)": 0,
            "p(95)": 0,
            "avg": 0,
            "min": 0,
            "med": 0,
            "max": 0
        },
        "http_reqs": {
            "count": 80402,
            "rate": 730.9232506759012
        },
        "http_req_sending": {
            "med": 0.00345,
            "max": 0.194816,
            "p(90)": 0.005071,
            "p(95)": 0.005776,
            "avg": 0.0038840172010647074,
            "min": 0.002005
        },
        "http_req_failed": {
            "passes": 81,
            "fails": 80321,
            "value": 0.0010074376259297032
        },
        "http_req_duration": {
            "p(90)": 451.27385990000005,
            "p(95)": 513.7514047499998,
            "avg": 248.92281841183294,
            "min": 2.305282,
            "med": 211.53009550000002,
            "max": 1985.056089
        },
        "http_req_blocked": {
            "max": 1020.290122,
            "p(90)": 0.001006,
            "p(95)": 0.001178,
            "avg": 0.04859446011293161,
            "min": 0.000372,
            "med": 0.000594
        },
        "data_sent": {
            "count": 8653736,
            "rate": 78669.89437589949
        },
        "data_received": {
            "count": 1281231778,
            "rate": 11647497.525497183
        },
        "http_req_duration{expected_response:true}": {
            "avg": 249.12670046771322,
            "min": 2.305282,
            "med": 211.670277,
            "max": 1985.056089,
            "p(90)": 451.434504,
            "p(95)": 513.841897
        },
        "iteration_duration": {
            "avg": 249.01308319753775,
            "min": 2.331343,
            "med": 211.630091,
            "max": 1985.120336,
            "p(90)": 451.37031490000004,
            "p(95)": 513.8867383999999
        },
        "iterations": {
            "count": 80402,
            "rate": 730.9232506759012
        },
        "http_req_waiting": {
            "med": 17.050196,
            "max": 837.051041,
            "p(90)": 24.98675790000003,
            "p(95)": 56.291361199999976,
            "avg": 19.510900931270296,
            "min": 1.489153
        },
        "vus_max": {
            "min": 200,
            "max": 200,
            "value": 200
        }
    }
}