{
    "root_group": {
        "checks": {},
        "name": "",
        "path": "",
        "id": "d41d8cd98f00b204e9800998ecf8427e",
        "groups": {}
    },
    "metrics": {
        "http_req_tls_handshaking": {
            "p(95)": 0,
            "avg": 0,
            "min": 0,
            "med": 0,
            "max": 0,
            "p(90)": 0
        },
        "http_req_waiting": {
            "avg": 19.530649873168272,
            "min": 1.500226,
            "med": 17.039806,
            "max": 840.077393,
            "p(90)": 25.821173100000003,
            "p(95)": 56.82174285
        },
        "http_reqs": {
            "count": 80398,
            "rate": 730.868259523412
        },
        "http_req_receiving": {
            "max": 1837.481543,
            "p(90)": 431.0690108000003,
            "p(95)": 495.43808585,
            "avg": 229.35157364940858,
            "min": 0.005364,
            "med": 189.88336900000002
        },
        "iterations": {
            "rate": 730.868259523412,
            "count": 80398
        },
        "http_req_duration{expected_response:true}": {
            "min": 2.288338,
            "med": 211.186149,
            "max": 1889.272803,
            "p(90)": 452.09595940000014,
            "p(95)": 516.1432278,
            "avg": 249.10694181368967
        },
        "http_req_duration": {
            "p(90)": 452.0340566,
            "p(95)": 516.090057,
            "avg": 248.88612081213603,
            "min": 2.288338,
            "med": 210.9715415,
            "max": 1889.272803
        },
        "http_req_blocked": {
            "min": 0.000379,
            "med": 0.000597,
            "max": 1017.502585,
            "p(90)": 0.001006,
            "p(95)": 0.00117,
            "avg": 0.04566874076469456
        },
        "vus_max": {
            "value": 200,
            "min": 200,
            "max": 200
        },
        "http_req_sending": {
            "max": 0.262874,
            "p(90)": 0.005089,
            "p(95)": 0.005773,
            "avg": 0.00389728955944173,
            "min": 0.002082,
            "med": 0.003469
        },
        "data_sent": {
            "count": 8653304,
            "rate": 78663.96220810193
        },
        "iteration_duration": {
            "p(95)": 516.1732119999999,
            "avg": 248.97358144107974,
            "min": 2.316914,
            "med": 211.075217,
            "max": 1889.317095,
            "p(90)": 452.105088
        },
        "data_received": {
            "count": 1281189593,
            "rate": 11646817.183952568
        },
        "vus": {
            "value": 1,
            "min": 1,
            "max": 200
        },
        "http_req_failed": {
            "fails": 80317,
            "passes": 81,
            "value": 0.001007487748451454
        },
        "http_req_connecting": {
            "avg": 0.04489614659568647,
            "min": 0,
            "med": 0,
            "max": 1017.480557,
            "p(90)": 0,
            "p(95)": 0
        }
    }
}