{
    "root_group": {
        "name": "",
        "path": "",
        "id": "d41d8cd98f00b204e9800998ecf8427e",
        "groups": {},
        "checks": {}
    },
    "metrics": {
        "http_req_duration{expected_response:true}": {
            "min": 2.077906,
            "med": 212.0379105,
            "max": 2064.119926,
            "p(90)": 450.5277525999999,
            "p(95)": 514.7905465999993,
            "avg": 249.01986262938252
        },
        "iterations": {
            "count": 80425,
            "rate": 731.122269187543
        },
        "http_req_duration": {
            "avg": 248.81483884860552,
            "min": 2.077906,
            "med": 211.909775,
            "max": 2064.119926,
            "p(90)": 450.35719300000005,
            "p(95)": 514.4705214
        },
        "http_req_blocked": {
            "p(95)": 0.001167,
            "avg": 0.047169152564500286,
            "min": 0.000378,
            "med": 0.000595,
            "max": 1017.57404,
            "p(90)": 0.001006
        },
        "data_sent": {
            "rate": 78691.2193679015,
            "count": 8656201
        },
        "vus": {
            "max": 200,
            "value": 1,
            "min": 1
        },
        "http_req_waiting": {
            "avg": 19.659691583587307,
            "min": 1.384794,
            "med": 17.057589,
            "max": 811.507882,
            "p(90)": 24.65135740000008,
            "p(95)": 57.12457500000003
        },
        "http_req_receiving": {
            "min": 0.00532,
            "med": 190.700869,
            "max": 1989.787923,
            "p(90)": 429.6693170000001,
            "p(95)": 493.7797006,
            "avg": 229.15125920598152
        },
        "iteration_duration": {
            "p(95)": 514.6158734000002,
            "avg": 248.9035370977318,
            "min": 2.132844,
            "med": 211.970884,
            "max": 2064.173805,
            "p(90)": 450.4222182000001
        },
        "vus_max": {
            "max": 200,
            "value": 200,
            "min": 200
        },
        "http_req_tls_handshaking": {
            "max": 0,
            "p(90)": 0,
            "p(95)": 0,
            "avg": 0,
            "min": 0,
            "med": 0
        },
        "http_req_sending": {
            "avg": 0.0038880590363692892,
            "min": 0.001986,
            "med": 0.003462,
            "max": 0.205616,
            "p(90)": 0.005103,
            "p(95)": 0.005789
        },
        "http_req_failed": {
            "passes": 81,
            "fails": 80344,
            "value": 0.001007149518184644
        },
        "data_received": {
            "count": 1281537404,
            "rate": 11650115.447450334
        },
        "http_req_connecting": {
            "max": 1017.552072,
            "p(90)": 0,
            "p(95)": 0,
            "avg": 0.046401785862604926,
            "min": 0,
            "med": 0
        },
        "http_reqs": {
            "count": 80425,
            "rate": 731.122269187543
        }
    }
}