{
    "root_group": {
        "name": "",
        "path": "",
        "id": "d41d8cd98f00b204e9800998ecf8427e",
        "groups": {},
        "checks": {}
    },
    "metrics": {
        "http_req_tls_handshaking": {
            "avg": 0,
            "min": 0,
            "med": 0,
            "max": 0,
            "p(90)": 0,
            "p(95)": 0
        },
        "iterations": {
            "count": 1464505,
            "rate": 13313.570164288732
        },
        "http_req_blocked": {
            "p(90)": 0.000822,
            "p(95)": 0.001022,
            "avg": 0.0011823119818646776,
            "min": 0.000359,
            "med": 0.00054,
            "max": 1.15368
        },
        "http_req_waiting": {
            "p(95)": 15.478795600000002,
            "avg": 13.60574181013522,
            "min": 0.471054,
            "med": 14.249778,
            "max": 1032.222791,
            "p(90)": 15.1608898
        },
        "vus_max": {
            "min": 200,
            "max": 200,
            "value": 200
        },
        "http_req_connecting": {
            "p(95)": 0,
            "avg": 0.0005027607007145751,
            "min": 0,
            "med": 0,
            "max": 1.104078,
            "p(90)": 0
        },
        "http_req_receiving": {
            "min": 0.002669,
            "med": 0.006449,
            "max": 2.222075,
            "p(90)": 0.011181,
            "p(95)": 0.017082,
            "avg": 0.007932381917439457
        },
        "vus": {
            "max": 200,
            "value": 1,
            "min": 1
        },
        "http_req_failed": {
            "passes": 1464505,
            "fails": 0,
            "value": 1
        },
        "data_received": {
            "rate": 1584252.8955244804,
            "count": 174269280
        },
        "iteration_duration": {
            "p(90)": 15.209826,
            "p(95)": 15.5286182,
            "avg": 13.654444350868431,
            "min": 0.516912,
            "med": 14.299026,
            "max": 1032.263414
        },
        "http_req_sending": {
            "med": 0.00281,
            "max": 1.521271,
            "p(90)": 0.004086,
            "p(95)": 0.004754,
            "avg": 0.0032715423730204636,
            "min": 0.001833
        },
        "http_reqs": {
            "count": 1464505,
            "rate": 13313.570164288732
        },
        "data_sent": {
            "count": 157626120,
            "rate": 1432952.7098539067
        },
        "http_req_duration": {
            "p(95)": 15.4904542,
            "avg": 13.616945734424714,
            "min": 0.4796,
            "med": 14.261135,
            "max": 1032.231716,
            "p(90)": 15.172329
        }
    }
}