{
    "metrics": {
        "http_reqs": {
            "count": 80441,
            "rate": 731.2693024079889
        },
        "data_received": {
            "count": 1281785867,
            "rate": 11652399.358505107
        },
        "http_req_blocked": {
            "max": 1013.067464,
            "p(90)": 0.000986,
            "p(95)": 0.001156,
            "avg": 0.04582661290883863,
            "min": 0.000374,
            "med": 0.000596
        },
        "http_req_waiting": {
            "avg": 19.482703239430073,
            "min": 1.493605,
            "med": 17.034391,
            "max": 846.562585,
            "p(90)": 22.527247,
            "p(95)": 56.021883
        },
        "iteration_duration": {
            "avg": 248.87051645418384,
            "min": 2.073676,
            "med": 211.24248,
            "max": 2277.722654,
            "p(90)": 452.486813,
            "p(95)": 515.709604
        },
        "http_req_duration": {
            "max": 2277.689622,
            "p(90)": 452.421029,
            "p(95)": 515.646074,
            "avg": 248.78383713065722,
            "min": 2.045367,
            "med": 211.174647
        },
        "data_sent": {
            "count": 8657919,
            "rate": 78707.00746428902
        },
        "http_req_duration{expected_response:true}": {
            "p(95)": 515.6605195999999,
            "avg": 248.98974514192636,
            "min": 2.045367,
            "med": 211.32631550000002,
            "max": 2277.689622,
            "p(90)": 452.50146930000005
        },
        "http_req_receiving": {
            "p(90)": 432.172963,
            "p(95)": 494.7267,
            "avg": 229.29728302543464,
            "min": 0.005515,
            "med": 189.810894,
            "max": 2260.948269
        },
        "http_req_sending": {
            "min": 0.002059,
            "med": 0.003434,
            "max": 0.212532,
            "p(90)": 0.004989,
            "p(95)": 0.005674,
            "avg": 0.00385086578983351
        },
        "http_req_connecting": {
            "min": 0,
            "med": 0,
            "max": 1013.043012,
            "p(90)": 0,
            "p(95)": 0,
            "avg": 0.04505969095361819
        },
        "vus": {
            "value": 1,
            "min": 1,
            "max": 200
        },
        "http_req_tls_handshaking": {
            "min": 0,
            "med": 0,
            "max": 0,
            "p(90)": 0,
            "p(95)": 0,
            "avg": 0
        },
        "iterations": {
            "count": 80441,
            "rate": 731.2693024079889
        },
        "vus_max": {
            "min": 200,
            "max": 200,
            "value": 200
        },
        "http_req_failed": {
            "passes": 81,
            "fails": 80360,
            "value": 0.0010069491925759253
        }
    },
    "root_group": {
        "name": "",
        "path": "",
        "id": "d41d8cd98f00b204e9800998ecf8427e",
        "groups": {},
        "checks": {}
    }
}