{
    "root_group": {
        "name": "",
        "path": "",
        "id": "d41d8cd98f00b204e9800998ecf8427e",
        "groups": {},
        "checks": {}
    },
    "metrics": {
        "http_req_connecting": {
            "min": 0,
            "med": 0,
            "max": 2.236621,
            "p(90)": 0,
            "p(95)": 0,
            "avg": 0.000510451420648863
        },
        "http_req_blocked": {
            "p(95)": 0.001075,
            "avg": 0.001226654038981061,
            "min": 0.000386,
            "med": 0.000573,
            "max": 2.298412,
            "p(90)": 0.000869
        },
        "http_req_failed": {
            "passes": 1463451,
            "fails": 0,
            "value": 1
        },
        "data_received": {
            "rate": 1583103.349600342,
            "count": 174143864
        },
        "http_req_sending": {
            "avg": 0.0035093562852464935,
            "min": 0.001984,
            "med": 0.002985,
            "max": 6.928573,
            "p(90)": 0.004415,
            "p(95)": 0.005133
        },
        "vus": {
            "max": 200,
            "value": 1,
            "min": 1
        },
        "vus_max": {
            "value": 200,
            "min": 200,
            "max": 200
        },
        "http_req_waiting": {
            "min": 0.466084,
            "med": 14.153219,
            "max": 1049.606484,
            "p(90)": 15.225488,
            "p(95)": 15.584277499999999,
            "avg": 13.61246394468546
        },
        "data_sent": {
            "count": 157512672,
            "rate": 1431912.8616997956
        },
        "iteration_duration": {
            "med": 14.203923,
            "max": 1049.657448,
            "p(90)": 15.277796,
            "p(95)": 15.6372475,
            "avg": 13.664073824345994,
            "min": 0.503266
        },
        "http_req_duration": {
            "max": 1049.617436,
            "p(90)": 15.238077,
            "p(95)": 15.597096,
            "avg": 13.624603891973463,
            "min": 0.475139,
            "med": 14.165184
        },
        "iterations": {
            "count": 1463451,
            "rate": 13303.909347480485
        },
        "http_reqs": {
            "count": 1463451,
            "rate": 13303.909347480485
        },
        "http_req_tls_handshaking": {
            "avg": 0,
            "min": 0,
            "med": 0,
            "max": 0,
            "p(90)": 0,
            "p(95)": 0
        },
        "http_req_receiving": {
            "min": 0.002873,
            "med": 0.00697,
            "max": 6.115306,
            "p(90)": 0.012224,
            "p(95)": 0.018225,
            "avg": 0.008630591003047097
        }
    }
}