{
    "root_group": {
        "name": "",
        "path": "",
        "id": "d41d8cd98f00b204e9800998ecf8427e",
        "groups": {},
        "checks": {}
    },
    "metrics": {
        "data_sent": {
            "rate": 78661.92387606009,
            "count": 8652985
        },
        "data_received": {
            "count": 1281128482,
            "rate": 11646389.208641458
        },
        "vus": {
            "value": 1,
            "min": 1,
            "max": 200
        },
        "http_req_duration{expected_response:true}": {
            "p(95)": 514.0833024999997,
            "avg": 249.11761091867288,
            "min": 2.191766,
            "med": 212.2763455,
            "max": 2153.924493,
            "p(90)": 450.32503749999995
        },
        "vus_max": {
            "value": 200,
            "min": 200,
            "max": 200
        },
        "http_req_tls_handshaking": {
            "max": 0,
            "p(90)": 0,
            "p(95)": 0,
            "avg": 0,
            "min": 0,
            "med": 0
        },
        "http_req_failed": {
            "passes": 81,
            "fails": 80314,
            "value": 0.0010075253436158966
        },
        "http_req_duration": {
            "avg": 248.90421228383968,
            "min": 2.191766,
            "med": 212.159733,
            "max": 2153.924493,
            "p(90)": 450.2430798000001,
            "p(95)": 514.0259189
        },
        "http_reqs": {
            "rate": 730.848992574915,
            "count": 80395
        },
        "http_req_connecting": {
            "avg": 0.04076463846010324,
            "min": 0,
            "med": 0,
            "max": 1026.034841,
            "p(90)": 0,
            "p(95)": 0
        },
        "iteration_duration": {
            "p(95)": 514.0783659,
            "avg": 248.98691165371088,
            "min": 2.218163,
            "med": 212.218737,
            "max": 2153.971136,
            "p(90)": 450.3215124000002
        },
        "http_req_blocked": {
            "max": 1026.07456,
            "p(90)": 0.00099,
            "p(95)": 0.001163,
            "avg": 0.04153807036507076,
            "min": 0.000377,
            "med": 0.000597
        },
        "iterations": {
            "count": 80395,
            "rate": 730.848992574915
        },
        "http_req_sending": {
            "min": 0.002037,
            "med": 0.003468,
            "max": 0.29468,
            "p(90)": 0.005032,
            "p(95)": 0.005704300000000002,
            "avg": 0.0039017697618011116
        },
        "http_req_receiving": {
            "avg": 229.34012091262053,
            "min": 0.005463,
            "med": 190.781958,
            "max": 2135.414553,
            "p(90)": 430.2286498,
            "p(95)": 493.9575529
        },
        "http_req_waiting": {
            "max": 843.585513,
            "p(90)": 25.1376148,
            "p(95)": 56.89623220000005,
            "avg": 19.56018960145517,
            "min": 1.295457,
            "med": 17.024825
        }
    }
}