{
    "metrics": {
        "http_req_tls_handshaking": {
            "min": 0,
            "med": 0,
            "max": 0,
            "p(90)": 0,
            "p(95)": 0,
            "avg": 0
        },
        "http_req_sending": {
            "avg": 0.003493821519144694,
            "min": 0.001886,
            "med": 0.003126,
            "max": 0.229374,
            "p(90)": 0.004734,
            "p(95)": 0.005364
        },
        "data_received": {
            "count": 1281782167,
            "rate": 11652279.159099037
        },
        "data_sent": {
            "count": 8657811,
            "rate": 78705.44096805053
        },
        "vus_max": {
            "value": 200,
            "min": 200,
            "max": 200
        },
        "http_req_duration": {
            "avg": 248.78525448194011,
            "min": 2.047088,
            "med": 211.974017,
            "max": 2568.357249,
            "p(90)": 451.2323286,
            "p(95)": 513.1939853
        },
        "http_req_receiving": {
            "avg": 229.1912477822514,
            "min": 0.005023,
            "med": 190.207113,
            "max": 2561.479668,
            "p(90)": 431.14806120000003,
            "p(95)": 493.72976165
        },
        "http_req_connecting": {
            "p(95)": 0,
            "avg": 0.04708155471158628,
            "min": 0,
            "med": 0,
            "max": 1016.353765,
            "p(90)": 0
        },
        "iteration_duration": {
            "avg": 248.87069649838568,
            "min": 2.070957,
            "med": 212.03411799999998,
            "max": 2568.395897,
            "p(90)": 451.3207335,
            "p(95)": 513.3708715500004
        },
        "http_req_blocked": {
            "p(90)": 0.000971,
            "p(95)": 0.001109,
            "avg": 0.04777761713077906,
            "min": 0.00036,
            "med": 0.000534,
            "max": 1016.372519
        },
        "http_req_failed": {
            "passes": 81,
            "fails": 80359,
            "value": 0.0010069617105917454
        },
        "vus": {
            "value": 1,
            "min": 1,
            "max": 200
        },
        "http_req_duration{expected_response:true}": {
            "p(90)": 451.32561499999997,
            "p(95)": 513.3385452999993,
            "avg": 248.98440521809948,
            "min": 2.047088,
            "med": 212.079128,
            "max": 2568.357249
        },
        "http_req_waiting": {
            "p(90)": 24.74175940000024,
            "p(95)": 56.39578190000003,
            "avg": 19.590512878170227,
            "min": 1.403465,
            "med": 17.043384,
            "max": 841.531497
        },
        "http_reqs": {
            "count": 80440,
            "rate": 731.2547792357658
        },
        "iterations": {
            "count": 80440,
            "rate": 731.2547792357658
        }
    },
    "root_group": {
        "name": "",
        "path": "",
        "id": "d41d8cd98f00b204e9800998ecf8427e",
        "groups": {},
        "checks": {}
    }
}