{
    "root_group": {
        "path": "",
        "id": "d41d8cd98f00b204e9800998ecf8427e",
        "groups": {},
        "checks": {},
        "name": ""
    },
    "metrics": {
        "iteration_duration": {
            "avg": 248.94528123468535,
            "min": 2.044506,
            "med": 211.700107,
            "max": 2713.207353,
            "p(90)": 451.51192319999996,
            "p(95)": 515.9848837
        },
        "http_req_receiving": {
            "med": 190.06656,
            "max": 2696.734534,
            "p(90)": 431.0490113999999,
            "p(95)": 495.4206519,
            "avg": 229.239367168975,
            "min": 0.005159
        },
        "data_received": {
            "count": 1281460913,
            "rate": 11649499.154931743
        },
        "http_req_connecting": {
            "avg": 0.03209339116377969,
            "min": 0,
            "med": 0,
            "max": 1026.143165,
            "p(90)": 0,
            "p(95)": 0
        },
        "http_req_failed": {
            "passes": 81,
            "fails": 80338,
            "value": 0.0010072246608388564
        },
        "http_req_waiting": {
            "p(90)": 24.576136599999995,
            "p(95)": 57.086150899999986,
            "avg": 19.63195854575398,
            "min": 1.362251,
            "med": 17.039736,
            "max": 805.8742
        },
        "vus": {
            "min": 1,
            "max": 200,
            "value": 1
        },
        "vus_max": {
            "value": 200,
            "min": 200,
            "max": 200
        },
        "http_req_sending": {
            "min": 0.001846,
            "med": 0.003148,
            "max": 0.241359,
            "p(90)": 0.004605,
            "p(95)": 0.005269,
            "avg": 0.0034900864845372383
        },
        "data_sent": {
            "count": 8655562,
            "rate": 78685.94444164626
        },
        "iterations": {
            "count": 80419,
            "rate": 731.0726866785485
        },
        "http_req_duration{expected_response:true}": {
            "p(90)": 451.5994898000002,
            "p(95)": 515.9661096499999,
            "avg": 249.09215123448433,
            "min": 2.023267,
            "med": 211.799423,
            "max": 2713.171339
        },
        "http_req_tls_handshaking": {
            "avg": 0,
            "min": 0,
            "med": 0,
            "max": 0,
            "p(90)": 0,
            "p(95)": 0
        },
        "http_reqs": {
            "count": 80419,
            "rate": 731.0726866785485
        },
        "http_req_blocked": {
            "min": 0.000357,
            "med": 0.000543,
            "max": 1026.163171,
            "p(90)": 0.000955,
            "p(95)": 0.001085,
            "avg": 0.03279374472450429
        },
        "http_req_duration": {
            "p(95)": 515.9430494999999,
            "avg": 248.8748158012161,
            "min": 2.023267,
            "med": 211.633041,
            "max": 2713.171339,
            "p(90)": 451.4602768
        }
    }
}