{
    "root_group": {
        "name": "",
        "path": "",
        "id": "d41d8cd98f00b204e9800998ecf8427e",
        "groups": {},
        "checks": {}
    },
    "metrics": {
        "iterations": {
            "count": 80397,
            "rate": 730.86213130073
        },
        "http_req_duration{expected_response:true}": {
            "med": 211.74098600000002,
            "max": 2004.560636,
            "p(90)": 451.5507345,
            "p(95)": 515.775588,
            "avg": 249.16347497300617,
            "min": 2.381561
        },
        "data_sent": {
            "count": 8653201,
            "rate": 78663.34471974835
        },
        "http_req_connecting": {
            "min": 0,
            "med": 0,
            "max": 1012.781919,
            "p(90)": 0,
            "p(95)": 0,
            "avg": 0.03050555881438363
        },
        "vus": {
            "value": 1,
            "min": 1,
            "max": 200
        },
        "http_req_sending": {
            "min": 0.001902,
            "med": 0.003158,
            "max": 0.144215,
            "p(90)": 0.004686,
            "p(95)": 0.005319,
            "avg": 0.003487461833153029
        },
        "http_req_receiving": {
            "avg": 229.43596906001426,
            "min": 0.005291,
            "med": 190.429501,
            "max": 1986.731143,
            "p(90)": 430.7291064000001,
            "p(95)": 495.4345752
        },
        "http_req_blocked": {
            "med": 0.000544,
            "max": 1012.824096,
            "p(90)": 0.000967,
            "p(95)": 0.001103,
            "avg": 0.03121215653569023,
            "min": 0.000363
        },
        "http_req_waiting": {
            "min": 1.419623,
            "med": 17.09,
            "max": 444.755824,
            "p(90)": 24.652177000000176,
            "p(95)": 56.27589559999997,
            "avg": 19.50621467063426
        },
        "data_received": {
            "count": 1281178299,
            "rate": 11646761.722245654
        },
        "http_req_failed": {
            "passes": 81,
            "fails": 80316,
            "value": 0.0010075002798611888
        },
        "http_req_duration": {
            "max": 2004.560636,
            "p(90)": 451.42174840000007,
            "p(95)": 515.7301096,
            "avg": 248.9456711924819,
            "min": 2.381561,
            "med": 211.585202
        },
        "http_req_tls_handshaking": {
            "min": 0,
            "med": 0,
            "max": 0,
            "p(90)": 0,
            "p(95)": 0,
            "avg": 0
        },
        "http_reqs": {
            "count": 80397,
            "rate": 730.86213130073
        },
        "vus_max": {
            "min": 200,
            "max": 200,
            "value": 200
        },
        "iteration_duration": {
            "p(95)": 515.7716962,
            "avg": 249.01462097586935,
            "min": 2.410043,
            "med": 211.669196,
            "max": 2004.593215,
            "p(90)": 451.4574874
        }
    }
}