{
    "root_group": {
        "name": "",
        "path": "",
        "id": "d41d8cd98f00b204e9800998ecf8427e",
        "groups": {},
        "checks": {}
    },
    "metrics": {
        "http_req_receiving": {
            "p(95)": 0.018719,
            "avg": 0.008711706979479405,
            "min": 0.003097,
            "med": 0.006947,
            "max": 9.469341,
            "p(90)": 0.0125
        },
        "http_reqs": {
            "count": 1442056,
            "rate": 13109.378666971043
        },
        "data_sent": {
            "count": 155209921,
            "rate": 1410975.4595242215
        },
        "http_req_tls_handshaking": {
            "p(95)": 0,
            "avg": 0,
            "min": 0,
            "med": 0,
            "max": 0,
            "p(90)": 0
        },
        "data_received": {
            "count": 171597924,
            "rate": 1559954.789676766
        },
        "http_req_waiting": {
            "min": 0.47723,
            "med": 14.420602,
            "max": 1037.169908,
            "p(90)": 15.4132405,
            "p(95)": 15.80173475,
            "avg": 13.815334587624891
        },
        "http_req_failed": {
            "passes": 1442056,
            "fails": 0,
            "value": 1
        },
        "http_req_blocked": {
            "med": 0.000576,
            "max": 1.645552,
            "p(90)": 0.000862,
            "p(95)": 0.001074,
            "avg": 0.0012373711894689398,
            "min": 0.00039
        },
        "http_req_duration": {
            "avg": 13.827527690951229,
            "min": 0.487796,
            "med": 14.4327285,
            "max": 1037.179581,
            "p(90)": 15.4257705,
            "p(95)": 15.814401
        },
        "vus_max": {
            "min": 200,
            "max": 200,
            "value": 200
        },
        "http_req_connecting": {
            "avg": 0.000516821487515048,
            "min": 0,
            "med": 0,
            "max": 1.616238,
            "p(90)": 0,
            "p(95)": 0
        },
        "http_req_sending": {
            "avg": 0.003481396346605447,
            "min": 0.001958,
            "med": 0.002978,
            "max": 0.685485,
            "p(90)": 0.004415,
            "p(95)": 0.005152
        },
        "iteration_duration": {
            "avg": 13.866867687432372,
            "min": 0.51991,
            "med": 14.471773500000001,
            "max": 1037.213176,
            "p(90)": 15.464967,
            "p(95)": 15.853688
        },
        "iterations": {
            "count": 1442056,
            "rate": 13109.378666971043
        },
        "vus": {
            "max": 200,
            "value": 1,
            "min": 1
        }
    }
}