{
    "root_group": {
        "name": "",
        "path": "",
        "id": "d41d8cd98f00b204e9800998ecf8427e",
        "groups": {},
        "checks": {}
    },
    "metrics": {
        "http_reqs": {
            "count": 80418,
            "rate": 731.054298364174
        },
        "http_req_tls_handshaking": {
            "p(90)": 0,
            "p(95)": 0,
            "avg": 0,
            "min": 0,
            "med": 0,
            "max": 0
        },
        "data_sent": {
            "count": 8655454,
            "rate": 78683.96193630013
        },
        "iterations": {
            "count": 80418,
            "rate": 731.054298364174
        },
        "http_req_connecting": {
            "avg": 0.02938170800069635,
            "min": 0,
            "med": 0,
            "max": 1021.863391,
            "p(90)": 0,
            "p(95)": 0
        },
        "http_req_receiving": {
            "max": 2335.052725,
            "p(90)": 431.5570157000001,
            "p(95)": 493.70504565,
            "avg": 229.28553240952107,
            "min": 0.005441,
            "med": 189.7586905
        },
        "http_req_blocked": {
            "min": 0.00037,
            "med": 0.000596,
            "max": 1021.882574,
            "p(90)": 0.000992,
            "p(95)": 0.001157,
            "avg": 0.030155900494913495
        },
        "http_req_waiting": {
            "avg": 19.565262601308532,
            "min": 1.235329,
            "med": 17.027397999999998,
            "max": 830.29516,
            "p(90)": 25.10693230000015,
            "p(95)": 56.07714084999997
        },
        "vus": {
            "value": 1,
            "min": 1,
            "max": 200
        },
        "http_req_sending": {
            "p(90)": 0.005084,
            "p(95)": 0.005767149999999994,
            "avg": 0.004007051679972162,
            "min": 0.001989,
            "med": 0.003478,
            "max": 5.528552
        },
        "data_received": {
            "count": 1281465441,
            "rate": 11649392.161558256
        },
        "vus_max": {
            "value": 200,
            "min": 200,
            "max": 200
        },
        "http_req_failed": {
            "passes": 81,
            "fails": 80337,
            "value": 0.001007237185704693
        },
        "http_req_duration": {
            "med": 211.106109,
            "max": 2410.686634,
            "p(90)": 452.1125944000001,
            "p(95)": 513.5422765999998,
            "avg": 248.8548020625082,
            "min": 2.076461
        },
        "iteration_duration": {
            "min": 2.101265,
            "med": 211.1628265,
            "max": 2410.72183,
            "p(90)": 452.1744567,
            "p(95)": 513.6960480999999,
            "avg": 248.9263041648152
        },
        "http_req_duration{expected_response:true}": {
            "min": 2.076461,
            "med": 211.342261,
            "max": 2410.686634,
            "p(90)": 452.18052580000005,
            "p(95)": 513.7269326,
            "avg": 249.06764940363453
        }
    }
}