{
    "metrics": {
        "vus": {
            "value": 1,
            "min": 1,
            "max": 200
        },
        "http_req_blocked": {
            "p(95)": 0.001031,
            "avg": 0.001205751915679101,
            "min": 0.000352,
            "med": 0.000545,
            "max": 3.171483,
            "p(90)": 0.000831
        },
        "http_req_failed": {
            "passes": 1459274,
            "fails": 0,
            "value": 1
        },
        "data_received": {
            "count": 173646816,
            "rate": 1578604.7986737173
        },
        "http_req_duration": {
            "avg": 13.665178633428853,
            "min": 0.486658,
            "med": 14.230805,
            "max": 1026.486998,
            "p(90)": 15.2573489,
            "p(95)": 15.649190749999999
        },
        "http_req_receiving": {
            "p(95)": 0.018387,
            "avg": 0.008291375115982524,
            "min": 0.002941,
            "med": 0.006518,
            "max": 6.195128,
            "p(90)": 0.012031
        },
        "data_sent": {
            "count": 157063123,
            "rate": 1427844.2033885624
        },
        "vus_max": {
            "max": 200,
            "value": 200,
            "min": 200
        },
        "http_req_sending": {
            "avg": 0.0033605507142594774,
            "min": 0.001857,
            "med": 0.002831,
            "max": 6.514079,
            "p(90)": 0.004144,
            "p(95)": 0.004854
        },
        "http_req_connecting": {
            "max": 1.88618,
            "p(90)": 0,
            "p(95)": 0,
            "avg": 0.0005155580699717796,
            "min": 0,
            "med": 0
        },
        "http_req_waiting": {
            "avg": 13.653526707598523,
            "min": 0.471296,
            "med": 14.2195135,
            "max": 1026.46143,
            "p(90)": 15.2451987,
            "p(95)": 15.636779749999999
        },
        "http_req_tls_handshaking": {
            "avg": 0,
            "min": 0,
            "med": 0,
            "max": 0,
            "p(90)": 0,
            "p(95)": 0
        },
        "iterations": {
            "count": 1459274,
            "rate": 13266.105259193408
        },
        "iteration_duration": {
            "avg": 13.70335624046572,
            "min": 0.517903,
            "med": 14.2681635,
            "max": 1027.463998,
            "p(90)": 15.2954084,
            "p(95)": 15.6874311
        },
        "http_reqs": {
            "count": 1459274,
            "rate": 13266.105259193408
        }
    },
    "root_group": {
        "name": "",
        "path": "",
        "id": "d41d8cd98f00b204e9800998ecf8427e",
        "groups": {},
        "checks": {}
    }
}