{
    "root_group": {
        "groups": {},
        "checks": {},
        "name": "",
        "path": "",
        "id": "d41d8cd98f00b204e9800998ecf8427e"
    },
    "metrics": {
        "http_req_failed": {
            "passes": 81,
            "fails": 80306,
            "value": 0.0010076256111062735
        },
        "http_req_duration{expected_response:true}": {
            "med": 212.184516,
            "max": 2200.083316,
            "p(90)": 451.392356,
            "p(95)": 513.53950825,
            "avg": 249.18140084105497,
            "min": 2.226219
        },
        "http_req_waiting": {
            "avg": 19.494892026845218,
            "min": 1.616768,
            "med": 17.018414,
            "max": 894.33987,
            "p(90)": 24.294864400000012,
            "p(95)": 56.043471299999986
        },
        "http_req_blocked": {
            "avg": 0.03487145971363419,
            "min": 0.000372,
            "med": 0.0006,
            "max": 1012.705744,
            "p(90)": 0.000996,
            "p(95)": 0.001158
        },
        "http_req_receiving": {
            "max": 2183.907957,
            "p(90)": 430.955405,
            "p(95)": 493.7665271,
            "avg": 229.47965032390883,
            "min": 0.005819,
            "med": 191.137516
        },
        "data_sent": {
            "count": 8652121,
            "rate": 78653.29777659198
        },
        "http_req_tls_handshaking": {
            "avg": 0,
            "min": 0,
            "med": 0,
            "max": 0,
            "p(90)": 0,
            "p(95)": 0
        },
        "http_req_sending": {
            "max": 0.195706,
            "p(90)": 0.005013,
            "p(95)": 0.005680699999999998,
            "avg": 0.0038573629815765688,
            "min": 0.002011,
            "med": 0.003442
        },
        "http_req_duration": {
            "avg": 248.97839971373173,
            "min": 2.226219,
            "med": 212.010879,
            "max": 2200.083316,
            "p(90)": 451.31483840000004,
            "p(95)": 513.4589642999999
        },
        "http_reqs": {
            "count": 80387,
            "rate": 730.7690967760275
        },
        "http_req_connecting": {
            "p(95)": 0,
            "avg": 0.03410133857464516,
            "min": 0,
            "med": 0,
            "max": 1012.678321,
            "p(90)": 0
        },
        "vus_max": {
            "min": 200,
            "max": 200,
            "value": 200
        },
        "iteration_duration": {
            "avg": 249.0538846924241,
            "min": 2.253629,
            "med": 212.065115,
            "max": 2200.125069,
            "p(90)": 451.36231840000005,
            "p(95)": 513.5309726999999
        },
        "data_received": {
            "count": 1281014129,
            "rate": 11645235.39884135
        },
        "iterations": {
            "count": 80387,
            "rate": 730.7690967760275
        },
        "vus": {
            "min": 1,
            "max": 200,
            "value": 1
        }
    }
}