{
    "root_group": {
        "name": "",
        "path": "",
        "id": "d41d8cd98f00b204e9800998ecf8427e",
        "groups": {},
        "checks": {}
    },
    "metrics": {
        "http_req_blocked": {
            "p(95)": 0.001168,
            "avg": 0.01838083318202804,
            "min": 0.000376,
            "med": 0.000601,
            "max": 85.719774,
            "p(90)": 0.000998
        },
        "data_sent": {
            "rate": 78676.9535864241,
            "count": 8654703
        },
        "http_req_sending": {
            "avg": 0.0038899774284613165,
            "min": 0.001947,
            "med": 0.00348,
            "max": 0.170993,
            "p(90)": 0.005068,
            "p(95)": 0.005732
        },
        "http_reqs": {
            "rate": 730.9889796146614,
            "count": 80411
        },
        "http_req_failed": {
            "passes": 81,
            "fails": 80330,
            "value": 0.0010073248684881423
        },
        "data_received": {
            "count": 1281381690,
            "rate": 11648603.972964028
        },
        "iterations": {
            "count": 80411,
            "rate": 730.9889796146614
        },
        "http_req_connecting": {
            "avg": 0.01760511584235987,
            "min": 0,
            "med": 0,
            "max": 85.687201,
            "p(90)": 0,
            "p(95)": 0
        },
        "http_req_receiving": {
            "max": 2137.627727,
            "p(90)": 431.929806,
            "p(95)": 494.98485,
            "avg": 229.2122606904557,
            "min": 0.005101,
            "med": 190.283355
        },
        "http_req_tls_handshaking": {
            "p(95)": 0,
            "avg": 0,
            "min": 0,
            "med": 0,
            "max": 0,
            "p(90)": 0
        },
        "vus_max": {
            "value": 200,
            "min": 200,
            "max": 200
        },
        "http_req_duration": {
            "med": 211.645101,
            "max": 2146.472992,
            "p(90)": 452.553896,
            "p(95)": 515.7955744999999,
            "avg": 248.89506843945324,
            "min": 2.035268
        },
        "vus": {
            "value": 1,
            "min": 1,
            "max": 200
        },
        "http_req_waiting": {
            "p(95)": 57.6098055,
            "avg": 19.678917771573573,
            "min": 1.473611,
            "med": 17.050606,
            "max": 849.617603,
            "p(90)": 30.626624
        },
        "http_req_duration{expected_response:true}": {
            "min": 2.035268,
            "med": 211.8112435,
            "max": 2146.472992,
            "p(90)": 452.6362389,
            "p(95)": 515.8185885500001,
            "avg": 249.11205651552186
        },
        "iteration_duration": {
            "avg": 248.954557956139,
            "min": 2.062047,
            "med": 211.70249,
            "max": 2146.509636,
            "p(90)": 452.587496,
            "p(95)": 515.842187
        }
    }
}