{
    "root_group": {
        "groups": {},
        "checks": {},
        "name": "",
        "path": "",
        "id": "d41d8cd98f00b204e9800998ecf8427e"
    },
    "metrics": {
        "vus_max": {
            "value": 200,
            "min": 200,
            "max": 200
        },
        "http_req_receiving": {
            "min": 0.002777,
            "med": 0.006612,
            "max": 5.985513,
            "p(90)": 0.014692,
            "p(95)": 0.020859,
            "avg": 0.008597472569070003
        },
        "data_received": {
            "count": 124422687,
            "rate": 1131087.451932032
        },
        "http_req_blocked": {
            "med": 0.000526,
            "max": 7.003743,
            "p(90)": 0.000832,
            "p(95)": 0.001031,
            "avg": 0.0012136279293964078,
            "min": 0.000345
        },
        "iterations": {
            "count": 1045608,
            "rate": 9505.292940987105
        },
        "http_req_tls_handshaking": {
            "max": 0,
            "p(90)": 0,
            "p(95)": 0,
            "avg": 0,
            "min": 0,
            "med": 0
        },
        "http_req_duration": {
            "max": 1081.468178,
            "p(90)": 21.8823682,
            "p(95)": 25.39510184999998,
            "avg": 19.088621845185965,
            "min": 0.781252,
            "med": 18.6358355
        },
        "http_req_sending": {
            "med": 0.002769,
            "max": 9.111285,
            "p(90)": 0.00413,
            "p(95)": 0.004938,
            "avg": 0.003247632280931392,
            "min": 0.001809
        },
        "iteration_duration": {
            "max": 1081.497824,
            "p(90)": 21.9212269,
            "p(95)": 25.44123229999999,
            "avg": 19.1259101901472,
            "min": 0.808604,
            "med": 18.672777
        },
        "http_req_connecting": {
            "avg": 0.0005422571307794117,
            "min": 0,
            "med": 0,
            "max": 6.94838,
            "p(90)": 0,
            "p(95)": 0
        },
        "vus": {
            "value": 1,
            "min": 1,
            "max": 200
        },
        "http_req_failed": {
            "passes": 1045608,
            "fails": 0,
            "value": 1
        },
        "data_sent": {
            "count": 112539844,
            "rate": 1023064.269547469
        },
        "http_req_waiting": {
            "avg": 19.076776740334402,
            "min": 0.772653,
            "med": 18.624084,
            "max": 1081.45841,
            "p(90)": 21.8700857,
            "p(95)": 25.38192729999999
        },
        "http_reqs": {
            "count": 1045608,
            "rate": 9505.292940987105
        }
    }
}