{
    "root_group": {
        "name": "",
        "path": "",
        "id": "d41d8cd98f00b204e9800998ecf8427e",
        "groups": {},
        "checks": {}
    },
    "metrics": {
        "http_req_duration{expected_response:true}": {
            "med": 211.915645,
            "max": 2129.078758,
            "p(90)": 450.5428525999999,
            "p(95)": 515.7158537999998,
            "avg": 249.14440799051252,
            "min": 3.088771
        },
        "data_received": {
            "count": 1281083140,
            "rate": 11645823.797454787
        },
        "vus": {
            "value": 1,
            "min": 1,
            "max": 200
        },
        "vus_max": {
            "value": 200,
            "min": 200,
            "max": 200
        },
        "http_req_failed": {
            "passes": 81,
            "fails": 80309,
            "value": 0.0010075880084587634
        },
        "http_req_sending": {
            "p(95)": 0.005792100000000006,
            "avg": 0.0039107667122776696,
            "min": 0.002025,
            "med": 0.003482,
            "max": 0.220316,
            "p(90)": 0.005115
        },
        "iterations": {
            "count": 80390,
            "rate": 730.7939241768418
        },
        "data_sent": {
            "count": 8652445,
            "rate": 78655.98003824224
        },
        "iteration_duration": {
            "p(95)": 515.7119417,
            "avg": 249.02489142817458,
            "min": 3.113398,
            "med": 211.830768,
            "max": 2129.114434,
            "p(90)": 450.42534200000006
        },
        "http_req_receiving": {
            "med": 190.1318875,
            "max": 2111.824776,
            "p(90)": 430.0365064000001,
            "p(95)": 494.5323359000001,
            "avg": 228.9482302602324,
            "min": 0.006005
        },
        "http_req_connecting": {
            "med": 0,
            "max": 1026.5056,
            "p(90)": 0,
            "p(95)": 0,
            "avg": 0.046335541161836045,
            "min": 0
        },
        "http_req_tls_handshaking": {
            "avg": 0,
            "min": 0,
            "med": 0,
            "max": 0,
            "p(90)": 0,
            "p(95)": 0
        },
        "http_req_blocked": {
            "med": 0.000604,
            "max": 1026.533351,
            "p(90)": 0.001007,
            "p(95)": 0.001168,
            "avg": 0.04711375916158564,
            "min": 0.000374
        },
        "http_req_waiting": {
            "avg": 19.983978517813256,
            "min": 2.279269,
            "med": 17.039382,
            "max": 732.983087,
            "p(90)": 25.69027710000001,
            "p(95)": 56.70479485
        },
        "http_req_duration": {
            "p(90)": 450.3380382000002,
            "p(95)": 515.62740045,
            "avg": 248.93611954475756,
            "min": 3.088771,
            "med": 211.7867615,
            "max": 2129.078758
        },
        "http_reqs": {
            "count": 80390,
            "rate": 730.7939241768418
        }
    }
}