{
    "root_group": {
        "name": "",
        "path": "",
        "id": "d41d8cd98f00b204e9800998ecf8427e",
        "groups": {},
        "checks": {}
    },
    "metrics": {
        "http_req_connecting": {
            "p(90)": 0,
            "p(95)": 0,
            "avg": 0.0005365907494484672,
            "min": 0,
            "med": 0,
            "max": 1.600423
        },
        "http_req_tls_handshaking": {
            "avg": 0,
            "min": 0,
            "med": 0,
            "max": 0,
            "p(90)": 0,
            "p(95)": 0
        },
        "http_req_waiting": {
            "med": 18.543426,
            "max": 1146.493679,
            "p(90)": 22.0692498,
            "p(95)": 25.4359576,
            "avg": 18.956516650458482,
            "min": 0.800299
        },
        "vus": {
            "value": 1,
            "min": 1,
            "max": 200
        },
        "http_reqs": {
            "count": 1052067,
            "rate": 9564.166771362685
        },
        "http_req_duration": {
            "min": 0.809037,
            "med": 18.555818,
            "max": 1146.513943,
            "p(90)": 22.082087599999998,
            "p(95)": 25.448096099999983,
            "avg": 18.969060939250824
        },
        "http_req_blocked": {
            "avg": 0.0012405113324535507,
            "min": 0.00037,
            "med": 0.000552,
            "max": 1.62059,
            "p(90)": 0.000869,
            "p(95)": 0.001075
        },
        "http_req_failed": {
            "passes": 1052067,
            "fails": 0,
            "value": 1
        },
        "iterations": {
            "count": 1052067,
            "rate": 9564.166771362685
        },
        "iteration_duration": {
            "min": 0.838517,
            "med": 18.595452,
            "max": 1146.561735,
            "p(90)": 22.121641200000003,
            "p(95)": 25.493357199999988,
            "avg": 19.008228686929034
        },
        "data_received": {
            "count": 125191248,
            "rate": 1138092.8916000836
        },
        "vus_max": {
            "value": 200,
            "min": 200,
            "max": 200
        },
        "data_sent": {
            "count": 113235019,
            "rate": 1029400.7948870388
        },
        "http_req_receiving": {
            "med": 0.007127,
            "max": 3.614937,
            "p(90)": 0.014733,
            "p(95)": 0.021197,
            "avg": 0.009090707769562157,
            "min": 0.002797
        },
        "http_req_sending": {
            "max": 1.315527,
            "p(90)": 0.004407,
            "p(95)": 0.005237,
            "avg": 0.0034535810219310592,
            "min": 0.0019,
            "med": 0.002922
        }
    }
}