{
    "metrics": {
        "vus": {
            "value": 1,
            "min": 1,
            "max": 200
        },
        "http_req_sending": {
            "min": 0.001939,
            "med": 0.003155,
            "max": 0.299783,
            "p(90)": 0.0047738000000000025,
            "p(95)": 0.005429,
            "avg": 0.0035323060823498403
        },
        "http_req_tls_handshaking": {
            "avg": 0,
            "min": 0,
            "med": 0,
            "max": 0,
            "p(90)": 0,
            "p(95)": 0
        },
        "iterations": {
            "count": 80413,
            "rate": 731.0189052190585
        },
        "http_req_duration{expected_response:true}": {
            "max": 2075.739417,
            "p(90)": 451.0476204,
            "p(95)": 515.5265866,
            "avg": 249.0674672267485,
            "min": 3.164394,
            "med": 211.9275605
        },
        "http_req_failed": {
            "passes": 81,
            "fails": 80332,
            "value": 0.0010072998147065773
        },
        "data_sent": {
            "count": 8654914,
            "rate": 78680.13576219146
        },
        "http_req_waiting": {
            "p(90)": 23.095267600000007,
            "p(95)": 55.84539659999998,
            "avg": 19.80234158751707,
            "min": 2.566532,
            "med": 17.039767,
            "max": 767.291576
        },
        "iteration_duration": {
            "avg": 248.93674238630575,
            "min": 3.19052,
            "med": 211.804752,
            "max": 2075.77573,
            "p(90)": 450.99608240000003,
            "p(95)": 515.5640308
        },
        "http_req_connecting": {
            "avg": 0.041957215512417156,
            "min": 0,
            "med": 0,
            "max": 1022.420233,
            "p(90)": 0,
            "p(95)": 0
        },
        "http_req_receiving": {
            "max": 2059.86153,
            "p(90)": 430.46808940000005,
            "p(95)": 494.2367097999999,
            "avg": 229.0499884513101,
            "min": 0.005583,
            "med": 189.934549
        },
        "http_req_blocked": {
            "max": 1022.444347,
            "p(90)": 0.000977,
            "p(95)": 0.001118,
            "avg": 0.042661313419470694,
            "min": 0.000355,
            "med": 0.000539
        },
        "data_received": {
            "count": 1281386812,
            "rate": 11648837.681349777
        },
        "http_reqs": {
            "count": 80413,
            "rate": 731.0189052190585
        },
        "http_req_duration": {
            "p(95)": 515.4563428,
            "avg": 248.8558623449089,
            "min": 3.164394,
            "med": 211.720173,
            "max": 2075.739417,
            "p(90)": 450.91368140000003
        },
        "vus_max": {
            "value": 200,
            "min": 200,
            "max": 200
        }
    },
    "root_group": {
        "name": "",
        "path": "",
        "id": "d41d8cd98f00b204e9800998ecf8427e",
        "groups": {},
        "checks": {}
    }
}