{
    "metrics": {
        "iteration_duration": {
            "med": 18.454997,
            "max": 1141.673549,
            "p(90)": 22.821303,
            "p(95)": 25.673152,
            "avg": 18.933897136922006,
            "min": 0.838379
        },
        "http_req_failed": {
            "passes": 1056201,
            "fails": 0,
            "value": 1
        },
        "http_req_waiting": {
            "med": 18.403161,
            "max": 1141.629838,
            "p(90)": 22.767238,
            "p(95)": 25.614798,
            "avg": 18.882168606348213,
            "min": 0.796262
        },
        "http_req_receiving": {
            "avg": 0.009101797597237282,
            "min": 0.003072,
            "med": 0.007131,
            "max": 4.662083,
            "p(90)": 0.014773,
            "p(95)": 0.021189
        },
        "http_req_sending": {
            "p(95)": 0.005236,
            "avg": 0.0034263126242070146,
            "min": 0.001949,
            "med": 0.002911,
            "max": 1.447232,
            "p(90)": 0.004401
        },
        "http_req_duration": {
            "avg": 18.894696716569207,
            "min": 0.805941,
            "med": 18.415368,
            "max": 1141.639856,
            "p(90)": 22.780009,
            "p(95)": 25.628154
        },
        "http_req_blocked": {
            "p(95)": 0.001076,
            "avg": 0.001240728790259036,
            "min": 0.00038,
            "med": 0.000551,
            "max": 1.339692,
            "p(90)": 0.000869
        },
        "vus_max": {
            "value": 200,
            "min": 200,
            "max": 200
        },
        "http_req_tls_handshaking": {
            "p(90)": 0,
            "p(95)": 0,
            "avg": 0,
            "min": 0,
            "med": 0,
            "max": 0
        },
        "iterations": {
            "rate": 9601.692599474161,
            "count": 1056201
        },
        "data_received": {
            "count": 125683149,
            "rate": 1142558.056309271
        },
        "vus": {
            "value": 1,
            "min": 1,
            "max": 200
        },
        "data_sent": {
            "count": 113679976,
            "rate": 1033439.832255035
        },
        "http_reqs": {
            "count": 1056201,
            "rate": 9601.692599474161
        },
        "http_req_connecting": {
            "min": 0,
            "med": 0,
            "max": 1.290975,
            "p(90)": 0,
            "p(95)": 0,
            "avg": 0.0005355243755686647
        }
    },
    "root_group": {
        "name": "",
        "path": "",
        "id": "d41d8cd98f00b204e9800998ecf8427e",
        "groups": {},
        "checks": {}
    }
}