{
    "metrics": {
        "data_sent": {
            "count": 8655238,
            "rate": 78683.71265979878
        },
        "iteration_duration": {
            "p(90)": 450.154741,
            "p(95)": 515.6220784999999,
            "avg": 248.9100196681036,
            "min": 2.566724,
            "med": 211.9834285,
            "max": 2239.839009
        },
        "http_req_duration{expected_response:true}": {
            "med": 212.085512,
            "max": 2239.802123,
            "p(90)": 450.23091120000004,
            "p(95)": 515.5979027000001,
            "avg": 249.04589269606993,
            "min": 2.540971
        },
        "http_req_waiting": {
            "max": 805.28018,
            "p(90)": 22.728095000000003,
            "p(95)": 55.910455999999996,
            "avg": 19.780743271662356,
            "min": 1.816109,
            "med": 17.029241
        },
        "data_received": {
            "count": 1281445658,
            "rate": 11649466.131748056
        },
        "vus_max": {
            "value": 200,
            "min": 200,
            "max": 200
        },
        "iterations": {
            "count": 80416,
            "rate": 731.0520446982947
        },
        "http_req_duration": {
            "p(90)": 450.1022885,
            "p(95)": 515.573433,
            "avg": 248.83174554712724,
            "min": 2.540971,
            "med": 211.8991565,
            "max": 2239.802123
        },
        "http_req_sending": {
            "med": 0.003489,
            "max": 0.390469,
            "p(90)": 0.005131,
            "p(95)": 0.005871,
            "avg": 0.003935052962097118,
            "min": 0.002073
        },
        "http_req_receiving": {
            "avg": 229.0470672225057,
            "min": 0.005376,
            "med": 190.531051,
            "max": 2222.092811,
            "p(90)": 429.3898325,
            "p(95)": 494.0810395
        },
        "http_req_failed": {
            "passes": 81,
            "fails": 80335,
            "value": 0.0010072622363708715
        },
        "http_req_blocked": {
            "avg": 0.036431369180261755,
            "min": 0.000375,
            "med": 0.000601,
            "max": 1007.957529,
            "p(90)": 0.001013,
            "p(95)": 0.001197
        },
        "http_req_tls_handshaking": {
            "p(95)": 0,
            "avg": 0,
            "min": 0,
            "med": 0,
            "max": 0,
            "p(90)": 0
        },
        "http_reqs": {
            "count": 80416,
            "rate": 731.0520446982947
        },
        "vus": {
            "value": 1,
            "min": 1,
            "max": 200
        },
        "http_req_connecting": {
            "p(90)": 0,
            "p(95)": 0,
            "avg": 0.03565257014773178,
            "min": 0,
            "med": 0,
            "max": 1007.937542
        }
    },
    "root_group": {
        "name": "",
        "path": "",
        "id": "d41d8cd98f00b204e9800998ecf8427e",
        "groups": {},
        "checks": {}
    }
}