{
    "root_group": {
        "name": "",
        "path": "",
        "id": "d41d8cd98f00b204e9800998ecf8427e",
        "groups": {},
        "checks": {}
    },
    "metrics": {
        "http_req_duration{expected_response:true}": {
            "p(95)": 516.35780225,
            "avg": 248.99645358789508,
            "min": 2.671601,
            "med": 211.37609049999998,
            "max": 2257.344809,
            "p(90)": 453.862558
        },
        "http_req_waiting": {
            "avg": 19.96152398748094,
            "min": 2.156096,
            "med": 17.047243,
            "max": 871.200942,
            "p(90)": 22.98869980000011,
            "p(95)": 55.9669084
        },
        "data_received": {
            "count": 1281765671,
            "rate": 11652179.809461916
        },
        "iterations": {
            "count": 80437,
            "rate": 731.2306832203249
        },
        "data_sent": {
            "count": 8657487,
            "rate": 78702.83742532766
        },
        "http_reqs": {
            "count": 80437,
            "rate": 731.2306832203249
        },
        "http_req_tls_handshaking": {
            "avg": 0,
            "min": 0,
            "med": 0,
            "max": 0,
            "p(90)": 0,
            "p(95)": 0
        },
        "http_req_blocked": {
            "p(95)": 0.001165,
            "avg": 0.07109481665154063,
            "min": 0.000375,
            "med": 0.000599,
            "max": 1030.382894,
            "p(90)": 0.001005
        },
        "http_req_sending": {
            "avg": 0.003902127652697098,
            "min": 0.001991,
            "med": 0.003489,
            "max": 0.168583,
            "p(90)": 0.005088,
            "p(95)": 0.005745
        },
        "http_req_failed": {
            "passes": 81,
            "fails": 80356,
            "value": 0.001006999266506707
        },
        "iteration_duration": {
            "avg": 248.88573487232125,
            "min": 2.702281,
            "med": 211.282799,
            "max": 2257.385044,
            "p(90)": 453.81071860000014,
            "p(95)": 516.3973176
        },
        "http_req_connecting": {
            "p(90)": 0,
            "p(95)": 0,
            "avg": 0.0703225888707933,
            "min": 0,
            "med": 0,
            "max": 1030.354899
        },
        "vus": {
            "max": 200,
            "value": 1,
            "min": 1
        },
        "http_req_duration": {
            "med": 211.196947,
            "max": 2257.344809,
            "p(90)": 453.7139496000001,
            "p(95)": 516.300254,
            "avg": 248.7728842705459,
            "min": 2.671601
        },
        "http_req_receiving": {
            "max": 2246.058353,
            "p(90)": 432.5045770000001,
            "p(95)": 495.6302223999999,
            "avg": 228.80745815541093,
            "min": 0.00592,
            "med": 189.52215
        },
        "vus_max": {
            "max": 200,
            "value": 200,
            "min": 200
        }
    }
}