{
    "metrics": {
        "http_req_waiting": {
            "avg": 19.095482966575506,
            "min": 0.748408,
            "med": 18.550292,
            "max": 1101.325002,
            "p(90)": 22.6757258,
            "p(95)": 26.042543899999988
        },
        "http_req_blocked": {
            "avg": 0.0012094512582954543,
            "min": 0.000347,
            "med": 0.000526,
            "max": 1.423955,
            "p(90)": 0.000829,
            "p(95)": 0.001031
        },
        "http_req_sending": {
            "min": 0.001842,
            "med": 0.002756,
            "max": 0.81291,
            "p(90)": 0.004104,
            "p(95)": 0.004925,
            "avg": 0.0032237158037427987
        },
        "iteration_duration": {
            "p(90)": 22.7274521,
            "p(95)": 26.096549449999998,
            "avg": 19.144636511217623,
            "min": 0.788718,
            "med": 18.599186000000003,
            "max": 1101.369792
        },
        "http_req_connecting": {
            "min": 0,
            "med": 0,
            "max": 1.377887,
            "p(90)": 0,
            "p(95)": 0,
            "avg": 0.000538315113709903
        },
        "http_req_tls_handshaking": {
            "p(90)": 0,
            "p(95)": 0,
            "avg": 0,
            "min": 0,
            "med": 0,
            "max": 0
        },
        "data_sent": {
            "count": 112430051,
            "rate": 1022083.5190282209
        },
        "http_reqs": {
            "rate": 9496.181576708981,
            "count": 1044588
        },
        "iterations": {
            "count": 1044588,
            "rate": 9496.181576708981
        },
        "http_req_receiving": {
            "p(90)": 0.014744,
            "p(95)": 0.020879649999999906,
            "avg": 0.008570478270858722,
            "min": 0.002921,
            "med": 0.006579,
            "max": 2.036121
        },
        "vus_max": {
            "value": 200,
            "min": 200,
            "max": 200
        },
        "http_req_failed": {
            "passes": 1044588,
            "fails": 0,
            "value": 1
        },
        "vus": {
            "value": 1,
            "min": 1,
            "max": 200
        },
        "http_req_duration": {
            "avg": 19.107277160649705,
            "min": 0.760263,
            "med": 18.562170000000002,
            "max": 1101.333972,
            "p(90)": 22.6882167,
            "p(95)": 26.055073549999996
        },
        "data_received": {
            "count": 124301292,
            "rate": 1130003.0625007404
        }
    },
    "root_group": {
        "path": "",
        "id": "d41d8cd98f00b204e9800998ecf8427e",
        "groups": {},
        "checks": {},
        "name": ""
    }
}