{
    "root_group": {
        "name": "",
        "path": "",
        "id": "d41d8cd98f00b204e9800998ecf8427e",
        "groups": {},
        "checks": {}
    },
    "metrics": {
        "http_req_receiving": {
            "p(95)": 0.021203,
            "avg": 0.00909541621322038,
            "min": 0.003164,
            "med": 0.007096,
            "max": 6.443087,
            "p(90)": 0.014718
        },
        "http_req_tls_handshaking": {
            "avg": 0,
            "min": 0,
            "med": 0,
            "max": 0,
            "p(90)": 0,
            "p(95)": 0
        },
        "http_reqs": {
            "count": 1050291,
            "rate": 9548.004032056673
        },
        "http_req_connecting": {
            "max": 1.019268,
            "p(90)": 0,
            "p(95)": 0,
            "avg": 0.0005212503668031046,
            "min": 0,
            "med": 0
        },
        "http_req_sending": {
            "avg": 0.0034661323537956016,
            "min": 0.001948,
            "med": 0.002919,
            "max": 5.305414,
            "p(90)": 0.004408,
            "p(95)": 0.005241
        },
        "http_req_blocked": {
            "avg": 0.0012335135719533995,
            "min": 0.000366,
            "med": 0.000554,
            "max": 1.110756,
            "p(90)": 0.000874,
            "p(95)": 0.001082
        },
        "http_req_waiting": {
            "avg": 18.988644881353476,
            "min": 0.808412,
            "med": 18.568808,
            "max": 1113.927059,
            "p(90)": 21.877479,
            "p(95)": 25.972188000000003
        },
        "iterations": {
            "rate": 9548.004032056673,
            "count": 1050291
        },
        "http_req_duration": {
            "p(90)": 21.890779,
            "p(95)": 25.9840505,
            "avg": 19.001206429918902,
            "min": 0.81718,
            "med": 18.581337,
            "max": 1113.937256
        },
        "iteration_duration": {
            "p(90)": 21.932139,
            "p(95)": 26.026256500000002,
            "avg": 19.040434566577364,
            "min": 0.846168,
            "med": 18.620405,
            "max": 1113.969175
        },
        "vus_max": {
            "min": 200,
            "max": 200,
            "value": 200
        },
        "http_req_failed": {
            "passes": 1050291,
            "fails": 0,
            "value": 1
        },
        "data_sent": {
            "count": 113043870,
            "rate": 1027661.216328894
        },
        "data_received": {
            "count": 124979944,
            "rate": 1136169.8893337345
        },
        "vus": {
            "value": 1,
            "min": 1,
            "max": 200
        }
    }
}