{
    "root_group": {
        "path": "",
        "id": "d41d8cd98f00b204e9800998ecf8427e",
        "groups": {},
        "checks": {},
        "name": ""
    },
    "metrics": {
        "http_req_receiving": {
            "avg": 0.008771124044294112,
            "min": 0.002686,
            "med": 0.006594,
            "max": 5.775531,
            "p(90)": 0.014661,
            "p(95)": 0.020847
        },
        "http_req_duration": {
            "avg": 18.909165137543564,
            "min": 0.801773,
            "med": 18.418775500000002,
            "max": 1114.250093,
            "p(90)": 22.1098845,
            "p(95)": 25.490201149999976
        },
        "http_req_tls_handshaking": {
            "p(90)": 0,
            "p(95)": 0,
            "avg": 0,
            "min": 0,
            "med": 0,
            "max": 0
        },
        "data_received": {
            "count": 125599988,
            "rate": 1141808.5737207257
        },
        "http_req_failed": {
            "passes": 1055502,
            "fails": 0,
            "value": 1
        },
        "http_req_blocked": {
            "min": 0.000356,
            "med": 0.000528,
            "max": 4.512117,
            "p(90)": 0.00083,
            "p(95)": 0.001031,
            "avg": 0.0012111165549666895
        },
        "iteration_duration": {
            "max": 1114.28714,
            "p(90)": 22.148089,
            "p(95)": 25.532454949999998,
            "avg": 18.946614913009814,
            "min": 0.820731,
            "med": 18.456297
        },
        "iterations": {
            "count": 1055502,
            "rate": 9595.392900669493
        },
        "http_req_waiting": {
            "avg": 18.89716684761952,
            "min": 0.795494,
            "med": 18.4068705,
            "max": 1114.238536,
            "p(90)": 22.0977467,
            "p(95)": 25.476687399999996
        },
        "vus": {
            "max": 200,
            "value": 1,
            "min": 1
        },
        "http_req_connecting": {
            "avg": 0.0005369652970813889,
            "min": 0,
            "med": 0,
            "max": 4.467947,
            "p(90)": 0,
            "p(95)": 0
        },
        "vus_max": {
            "value": 200,
            "min": 200,
            "max": 200
        },
        "http_reqs": {
            "count": 1055502,
            "rate": 9595.392900669493
        },
        "data_sent": {
            "count": 113604722,
            "rate": 1032761.608183908
        },
        "http_req_sending": {
            "min": 0.001778,
            "med": 0.00276,
            "max": 1.115436,
            "p(90)": 0.004117,
            "p(95)": 0.004916,
            "avg": 0.00322716587936385
        }
    }
}