{
    "root_group": {
        "name": "",
        "path": "",
        "id": "d41d8cd98f00b204e9800998ecf8427e",
        "groups": {},
        "checks": {}
    },
    "metrics": {
        "http_req_waiting": {
            "avg": 19.768446839751178,
            "min": 2.380806,
            "med": 17.05604,
            "max": 807.413143,
            "p(90)": 21.517007,
            "p(95)": 56.38721225
        },
        "vus_max": {
            "value": 200,
            "min": 200,
            "max": 200
        },
        "data_received": {
            "count": 1281311925,
            "rate": 11648052.288167091
        },
        "http_req_blocked": {
            "avg": 0.09546739674899812,
            "min": 0.000384,
            "med": 0.000604,
            "max": 1027.689516,
            "p(90)": 0.001004,
            "p(95)": 0.00118
        },
        "http_req_duration{expected_response:true}": {
            "min": 2.949996,
            "med": 211.91253,
            "max": 2038.39378,
            "p(90)": 450.77477060000007,
            "p(95)": 514.7935676000002,
            "avg": 249.0650973728129
        },
        "http_req_connecting": {
            "med": 0,
            "max": 1027.660784,
            "p(90)": 0,
            "p(95)": 0,
            "avg": 0.0946866485212546,
            "min": 0
        },
        "http_req_receiving": {
            "p(90)": 430.259851,
            "p(95)": 493.6696045,
            "avg": 229.0770072535272,
            "min": 0.005629,
            "med": 190.62321500000002,
            "max": 2020.500146
        },
        "data_sent": {
            "count": 8654168,
            "rate": 78672.64746996124
        },
        "http_req_duration": {
            "med": 211.744143,
            "max": 2038.39378,
            "p(90)": 450.634959,
            "p(95)": 514.68401875,
            "avg": 248.849403666184,
            "min": 2.949996
        },
        "http_req_sending": {
            "avg": 0.003949572905007147,
            "min": 0.002054,
            "med": 0.003521,
            "max": 0.232191,
            "p(90)": 0.005129,
            "p(95)": 0.00586
        },
        "http_reqs": {
            "count": 80406,
            "rate": 730.9487050019948
        },
        "http_req_failed": {
            "passes": 81,
            "fails": 80325,
            "value": 0.0010073875083948958
        },
        "iteration_duration": {
            "min": 2.99201,
            "med": 211.8237835,
            "max": 2038.434672,
            "p(90)": 450.7839215,
            "p(95)": 515.0563392500001,
            "avg": 248.98666087274734
        },
        "http_req_tls_handshaking": {
            "avg": 0,
            "min": 0,
            "med": 0,
            "max": 0,
            "p(90)": 0,
            "p(95)": 0
        },
        "iterations": {
            "count": 80406,
            "rate": 730.9487050019948
        },
        "vus": {
            "value": 1,
            "min": 1,
            "max": 200
        }
    }
}