{
    "root_group": {
        "groups": {},
        "checks": {},
        "name": "",
        "path": "",
        "id": "d41d8cd98f00b204e9800998ecf8427e"
    },
    "metrics": {
        "http_req_tls_handshaking": {
            "med": 0,
            "max": 0,
            "p(90)": 0,
            "p(95)": 0,
            "avg": 0,
            "min": 0
        },
        "http_req_connecting": {
            "p(95)": 0,
            "avg": 0.05777367444318705,
            "min": 0,
            "med": 0,
            "max": 1025.187715,
            "p(90)": 0
        },
        "http_req_duration": {
            "max": 2384.702678,
            "p(90)": 452.08313780000003,
            "p(95)": 515.8379885999999,
            "avg": 248.8516576086196,
            "min": 3.249526,
            "med": 211.387421
        },
        "http_req_waiting": {
            "p(95)": 55.971588999999895,
            "avg": 19.93306792585772,
            "min": 2.555853,
            "med": 17.026012,
            "max": 759.348389,
            "p(90)": 25.072954200000044
        },
        "http_req_receiving": {
            "p(90)": 430.75336560000005,
            "p(95)": 495.048234,
            "avg": 228.91473710556394,
            "min": 0.006314,
            "med": 189.525048,
            "max": 2365.971939
        },
        "http_req_blocked": {
            "avg": 0.0585466544712893,
            "min": 0.00038,
            "med": 0.000597,
            "max": 1025.219179,
            "p(90)": 0.000998800000000003,
            "p(95)": 0.0011603999999999942
        },
        "data_sent": {
            "count": 8654914,
            "rate": 78679.35364400837
        },
        "vus_max": {
            "value": 200,
            "min": 200,
            "max": 200
        },
        "http_req_failed": {
            "passes": 81,
            "fails": 80332,
            "value": 0.0010072998147065773
        },
        "iterations": {
            "count": 80413,
            "rate": 731.0116385414858
        },
        "http_req_sending": {
            "p(95)": 0.005655,
            "avg": 0.0038525771952296678,
            "min": 0.002061,
            "med": 0.003443,
            "max": 0.278005,
            "p(90)": 0.00503
        },
        "data_received": {
            "count": 1281383024,
            "rate": 11648687.45070429
        },
        "http_req_duration{expected_response:true}": {
            "min": 3.249526,
            "med": 211.533299,
            "max": 2384.702678,
            "p(90)": 452.1435145000001,
            "p(95)": 515.8469335499999,
            "avg": 249.05229162811744
        },
        "http_reqs": {
            "count": 80413,
            "rate": 731.0116385414858
        },
        "iteration_duration": {
            "avg": 248.95117023319378,
            "min": 3.281473,
            "med": 211.446705,
            "max": 2384.741789,
            "p(90)": 452.15235140000004,
            "p(95)": 515.8882282
        },
        "vus": {
            "min": 1,
            "max": 200,
            "value": 1
        }
    }
}