{
    "root_group": {
        "name": "",
        "path": "",
        "id": "d41d8cd98f00b204e9800998ecf8427e",
        "groups": {},
        "checks": {}
    },
    "metrics": {
        "http_req_tls_handshaking": {
            "avg": 0,
            "min": 0,
            "med": 0,
            "max": 0,
            "p(90)": 0,
            "p(95)": 0
        },
        "data_sent": {
            "count": 8655346,
            "rate": 78682.71687427281
        },
        "http_req_receiving": {
            "avg": 228.87208928910553,
            "min": 0.004946,
            "med": 189.508735,
            "max": 2329.136504,
            "p(90)": 431.8857970000001,
            "p(95)": 494.2419617999999
        },
        "http_req_blocked": {
            "avg": 0.033365722956587754,
            "min": 0.000375,
            "med": 0.000596,
            "max": 1024.27246,
            "p(90)": 0.001006,
            "p(95)": 0.001178
        },
        "vus_max": {
            "value": 200,
            "min": 200,
            "max": 200
        },
        "http_req_failed": {
            "passes": 81,
            "fails": 80336,
            "value": 0.0010072497108820275
        },
        "iteration_duration": {
            "avg": 248.93456073698374,
            "min": 2.366374,
            "med": 211.476806,
            "max": 2338.730185,
            "p(90)": 452.52054680000003,
            "p(95)": 515.8024214000001
        },
        "http_req_duration{expected_response:true}": {
            "med": 211.587103,
            "max": 2338.695634,
            "p(90)": 452.60006899999996,
            "p(95)": 515.77114375,
            "avg": 249.06932254140227,
            "min": 2.334161
        },
        "iterations": {
            "count": 80417,
            "rate": 731.0427616502444
        },
        "vus": {
            "value": 1,
            "min": 1,
            "max": 200
        },
        "http_reqs": {
            "count": 80417,
            "rate": 731.0427616502444
        },
        "http_req_duration": {
            "p(90)": 452.4538962000001,
            "p(95)": 515.7546638,
            "avg": 248.8604389257632,
            "min": 2.334161,
            "med": 211.401823,
            "max": 2338.695634
        },
        "data_received": {
            "count": 1281432837,
            "rate": 11649056.791844854
        },
        "http_req_connecting": {
            "med": 0,
            "max": 1024.247762,
            "p(90)": 0,
            "p(95)": 0,
            "avg": 0.032588894039817434,
            "min": 0
        },
        "http_req_waiting": {
            "avg": 19.984498573261902,
            "min": 1.790666,
            "med": 17.02928,
            "max": 883.301895,
            "p(90)": 24.6694362000001,
            "p(95)": 56.02331599999997
        },
        "http_req_sending": {
            "avg": 0.0038510633945558832,
            "min": 0.001998,
            "med": 0.00342,
            "max": 0.243623,
            "p(90)": 0.005023,
            "p(95)": 0.005727199999999997
        }
    }
}