{
    "root_group": {
        "id": "d41d8cd98f00b204e9800998ecf8427e",
        "groups": {},
        "checks": {},
        "name": "",
        "path": ""
    },
    "metrics": {
        "iterations": {
            "count": 1039298,
            "rate": 9447.935878494918
        },
        "http_req_failed": {
            "passes": 1039298,
            "fails": 0,
            "value": 1
        },
        "vus": {
            "value": 1,
            "min": 1,
            "max": 200
        },
        "http_req_waiting": {
            "max": 1110.080885,
            "p(90)": 21.6403556,
            "p(95)": 24.88663835,
            "avg": 19.19059996265565,
            "min": 0.764202,
            "med": 18.755999000000003
        },
        "http_req_blocked": {
            "min": 0.000379,
            "med": 0.000552,
            "max": 1.689432,
            "p(90)": 0.00087,
            "p(95)": 0.001081,
            "avg": 0.0012361239038278082
        },
        "http_req_receiving": {
            "min": 0.002982,
            "med": 0.007067,
            "max": 1.527897,
            "p(90)": 0.014132,
            "p(95)": 0.020385,
            "avg": 0.008906469101258576
        },
        "data_received": {
            "count": 123671812,
            "rate": 1124262.0978326509
        },
        "http_reqs": {
            "count": 1039298,
            "rate": 9447.935878494918
        },
        "data_sent": {
            "count": 111860675,
            "rate": 1016890.7134673207
        },
        "iteration_duration": {
            "med": 18.8068485,
            "max": 1110.142621,
            "p(90)": 21.6938108,
            "p(95)": 24.947915549999973,
            "avg": 19.24200335387773,
            "min": 0.804043
        },
        "vus_max": {
            "min": 200,
            "max": 200,
            "value": 200
        },
        "http_req_connecting": {
            "med": 0,
            "max": 1.651706,
            "p(90)": 0,
            "p(95)": 0,
            "avg": 0.0005285260165996658,
            "min": 0
        },
        "http_req_tls_handshaking": {
            "avg": 0,
            "min": 0,
            "med": 0,
            "max": 0,
            "p(90)": 0,
            "p(95)": 0
        },
        "http_req_duration": {
            "avg": 19.202951269549835,
            "min": 0.774501,
            "med": 18.768375,
            "max": 1110.096306,
            "p(90)": 21.6528921,
            "p(95)": 24.89887714999999
        },
        "http_req_sending": {
            "avg": 0.003444837793395314,
            "min": 0.001919,
            "med": 0.002908,
            "max": 0.853081,
            "p(90)": 0.004392,
            "p(95)": 0.005232
        }
    }
}