{
    "metrics": {
        "http_reqs": {
            "count": 80429,
            "rate": 731.1612627704777
        },
        "iterations": {
            "count": 80429,
            "rate": 731.1612627704777
        },
        "http_req_waiting": {
            "avg": 19.936634578709054,
            "min": 2.477343,
            "med": 17.044592,
            "max": 859.547585,
            "p(90)": 23.136186399999982,
            "p(95)": 56.490958199999994
        },
        "http_req_receiving": {
            "p(95)": 493.82019999999983,
            "avg": 228.88006925667148,
            "min": 0.005483,
            "med": 190.003877,
            "max": 2151.312427,
            "p(90)": 430.6956416
        },
        "vus": {
            "min": 1,
            "max": 200,
            "value": 1
        },
        "http_req_connecting": {
            "min": 0,
            "med": 0,
            "max": 1025.415767,
            "p(90)": 0,
            "p(95)": 0,
            "avg": 0.04342471045269742
        },
        "http_req_sending": {
            "avg": 0.003906976575613292,
            "min": 0.001974,
            "med": 0.003476,
            "max": 0.279037,
            "p(90)": 0.005096,
            "p(95)": 0.00579
        },
        "vus_max": {
            "min": 200,
            "max": 200,
            "value": 200
        },
        "http_req_duration": {
            "med": 211.285048,
            "max": 2169.193058,
            "p(90)": 451.77640419999994,
            "p(95)": 514.8511213999999,
            "avg": 248.82061081196179,
            "min": 3.021829
        },
        "iteration_duration": {
            "avg": 248.9059567322333,
            "min": 3.049108,
            "med": 211.339534,
            "max": 2169.227744,
            "p(90)": 451.846806,
            "p(95)": 514.9540167999996
        },
        "http_req_tls_handshaking": {
            "avg": 0,
            "min": 0,
            "med": 0,
            "max": 0,
            "p(90)": 0,
            "p(95)": 0
        },
        "http_req_failed": {
            "passes": 81,
            "fails": 80348,
            "value": 0.0010070994293103234
        },
        "http_req_duration{expected_response:true}": {
            "max": 2169.193058,
            "p(90)": 451.85123150000004,
            "p(95)": 514.9507642499999,
            "avg": 249.0259930890286,
            "min": 3.021829,
            "med": 211.44345099999998
        },
        "data_sent": {
            "count": 8656633,
            "rate": 78695.42970347249
        },
        "http_req_blocked": {
            "p(95)": 0.001178,
            "avg": 0.04420009441867788,
            "min": 0.000381,
            "med": 0.000602,
            "max": 1025.441681,
            "p(90)": 0.001007
        },
        "data_received": {
            "count": 1281616690,
            "rate": 11650878.134107348
        }
    },
    "root_group": {
        "name": "",
        "path": "",
        "id": "d41d8cd98f00b204e9800998ecf8427e",
        "groups": {},
        "checks": {}
    }
}