{
    "root_group": {
        "path": "",
        "id": "d41d8cd98f00b204e9800998ecf8427e",
        "groups": {},
        "checks": {},
        "name": ""
    },
    "metrics": {
        "vus_max": {
            "value": 200,
            "min": 200,
            "max": 200
        },
        "http_req_receiving": {
            "min": 0.005623,
            "med": 189.87665,
            "max": 2043.318638,
            "p(90)": 430.547025,
            "p(95)": 494.370757,
            "avg": 228.96679384893156
        },
        "data_sent": {
            "count": 8653628,
            "rate": 78668.70548391118
        },
        "http_req_waiting": {
            "min": 2.537626,
            "med": 17.011908,
            "max": 880.77518,
            "p(90)": 23.437791,
            "p(95)": 56.29109,
            "avg": 19.915239496934266
        },
        "iteration_duration": {
            "p(95)": 514.38484,
            "avg": 248.9920282614898,
            "min": 3.522633,
            "med": 211.64786,
            "max": 2061.408626,
            "p(90)": 451.876861
        },
        "http_reqs": {
            "count": 80401,
            "rate": 730.9122358404986
        },
        "http_req_failed": {
            "passes": 81,
            "fails": 80320,
            "value": 0.001007450156092586
        },
        "vus": {
            "value": 1,
            "min": 1,
            "max": 200
        },
        "http_req_tls_handshaking": {
            "p(90)": 0,
            "p(95)": 0,
            "avg": 0,
            "min": 0,
            "med": 0,
            "max": 0
        },
        "data_received": {
            "count": 1281217287,
            "rate": 11647335.13064101
        },
        "iterations": {
            "count": 80401,
            "rate": 730.9122358404986
        },
        "http_req_connecting": {
            "min": 0,
            "med": 0,
            "max": 1024.476353,
            "p(90)": 0,
            "p(95)": 0,
            "avg": 0.06402847878757727
        },
        "http_req_sending": {
            "avg": 0.003871670986679272,
            "min": 0.001888,
            "med": 0.003438,
            "max": 0.214903,
            "p(90)": 0.005038,
            "p(95)": 0.005713
        },
        "http_req_duration{expected_response:true}": {
            "med": 211.7664275,
            "max": 2061.376558,
            "p(90)": 451.96594220000003,
            "p(95)": 514.4496679,
            "avg": 249.10242985955972,
            "min": 3.494389
        },
        "http_req_duration": {
            "avg": 248.88590501685098,
            "min": 3.494389,
            "med": 211.539734,
            "max": 2061.376558,
            "p(90)": 451.808374,
            "p(95)": 514.327145
        },
        "http_req_blocked": {
            "min": 0.00037,
            "med": 0.000599,
            "max": 1024.515093,
            "p(90)": 0.001006,
            "p(95)": 0.001176,
            "avg": 0.06481249266799996
        }
    }
}