{
    "metrics": {
        "vus_max": {
            "value": 200,
            "min": 200,
            "max": 200
        },
        "http_req_tls_handshaking": {
            "max": 0,
            "p(90)": 0,
            "p(95)": 0,
            "avg": 0,
            "min": 0,
            "med": 0
        },
        "http_req_waiting": {
            "min": 1.920532,
            "med": 17.0381615,
            "max": 812.058612,
            "p(90)": 23.618589,
            "p(95)": 56.31847925,
            "avg": 19.89532824497596
        },
        "iteration_duration": {
            "min": 2.535633,
            "med": 211.19154550000002,
            "max": 2189.290907,
            "p(90)": 452.02724750000004,
            "p(95)": 515.59982075,
            "avg": 248.92532828382443
        },
        "vus": {
            "min": 1,
            "max": 200,
            "value": 1
        },
        "iterations": {
            "count": 80416,
            "rate": 731.0335479713013
        },
        "data_received": {
            "count": 1281454083,
            "rate": 11649247.971271893
        },
        "data_sent": {
            "count": 8655238,
            "rate": 78681.72184237005
        },
        "http_req_failed": {
            "passes": 81,
            "fails": 80335,
            "value": 0.0010072622363708715
        },
        "http_req_connecting": {
            "avg": 0.03252526923746517,
            "min": 0,
            "med": 0,
            "max": 1016.089221,
            "p(90)": 0,
            "p(95)": 0
        },
        "http_req_sending": {
            "avg": 0.0038814154397134714,
            "min": 0.001954,
            "med": 0.003452,
            "max": 0.16839,
            "p(90)": 0.005024,
            "p(95)": 0.005701
        },
        "http_req_receiving": {
            "min": 0.004931,
            "med": 189.45219600000001,
            "max": 2171.693523,
            "p(90)": 431.027103,
            "p(95)": 494.12523999999996,
            "avg": 228.9516790356901
        },
        "http_req_duration": {
            "p(95)": 515.53192775,
            "avg": 248.85088869610667,
            "min": 2.512299,
            "med": 211.115047,
            "max": 2189.255287,
            "p(90)": 451.96177350000005
        },
        "http_reqs": {
            "count": 80416,
            "rate": 731.0335479713013
        },
        "http_req_blocked": {
            "med": 0.0006,
            "max": 1016.312727,
            "p(90)": 0.000992,
            "p(95)": 0.001153,
            "avg": 0.03330115388728509,
            "min": 0.000384
        },
        "http_req_duration{expected_response:true}": {
            "p(95)": 515.6504016,
            "avg": 249.05963924170175,
            "min": 2.512299,
            "med": 211.227521,
            "max": 2189.255287,
            "p(90)": 452.022918
        }
    },
    "root_group": {
        "name": "",
        "path": "",
        "id": "d41d8cd98f00b204e9800998ecf8427e",
        "groups": {},
        "checks": {}
    }
}