{
    "metrics": {
        "iterations": {
            "count": 80414,
            "rate": 731.0195600020826
        },
        "http_req_connecting": {
            "med": 0,
            "max": 1022.916414,
            "p(90)": 0,
            "p(95)": 0,
            "avg": 0.043388934153256904,
            "min": 0
        },
        "http_req_waiting": {
            "p(95)": 56.407485849999986,
            "avg": 19.993179907031166,
            "min": 2.109308,
            "med": 17.027244,
            "max": 743.869475,
            "p(90)": 25.5854844
        },
        "http_req_duration": {
            "med": 210.574772,
            "max": 2037.257984,
            "p(90)": 452.5926034,
            "p(95)": 515.6926391499999,
            "avg": 248.86936562248783,
            "min": 2.836656
        },
        "vus_max": {
            "value": 200,
            "min": 200,
            "max": 200
        },
        "http_req_sending": {
            "p(90)": 0.005157,
            "p(95)": 0.005896349999999991,
            "avg": 0.003957760439724409,
            "min": 0.00206,
            "med": 0.003491,
            "max": 0.333255
        },
        "http_req_failed": {
            "passes": 81,
            "fails": 80333,
            "value": 0.0010072872882831347
        },
        "http_reqs": {
            "count": 80414,
            "rate": 731.0195600020826
        },
        "data_received": {
            "rate": 11648767.725662582,
            "count": 1281393904
        },
        "http_req_tls_handshaking": {
            "p(95)": 0,
            "avg": 0,
            "min": 0,
            "med": 0,
            "max": 0,
            "p(90)": 0
        },
        "http_req_blocked": {
            "p(90)": 0.001016,
            "p(95)": 0.001194,
            "avg": 0.044171438356504486,
            "min": 0.000376,
            "med": 0.000599,
            "max": 1022.957782
        },
        "http_req_duration{expected_response:true}": {
            "med": 210.725643,
            "max": 2037.257984,
            "p(90)": 452.6848722000001,
            "p(95)": 515.7368571999999,
            "avg": 249.08458152747602,
            "min": 2.836656
        },
        "vus": {
            "value": 1,
            "min": 1,
            "max": 200
        },
        "http_req_receiving": {
            "min": 0.005523,
            "med": 188.694231,
            "max": 2005.915132,
            "p(90)": 432.2089787,
            "p(95)": 494.3415388999998,
            "avg": 228.87222795502186
        },
        "data_sent": {
            "count": 8655022,
            "rate": 78680.20959345817
        },
        "iteration_duration": {
            "avg": 248.95556656073285,
            "min": 2.861639,
            "med": 210.636686,
            "max": 2037.296302,
            "p(90)": 452.6543546,
            "p(95)": 515.74615095
        }
    },
    "root_group": {
        "name": "",
        "path": "",
        "id": "d41d8cd98f00b204e9800998ecf8427e",
        "groups": {},
        "checks": {}
    }
}