{
    "metrics": {
        "data_received": {
            "count": 125517779,
            "rate": 1141066.8219365412
        },
        "http_req_failed": {
            "passes": 1054811,
            "fails": 0,
            "value": 1
        },
        "iteration_duration": {
            "avg": 18.95890072458573,
            "min": 0.785554,
            "med": 18.440823,
            "max": 1239.358532,
            "p(90)": 21.883542,
            "p(95)": 25.141402499999998
        },
        "iterations": {
            "count": 1054811,
            "rate": 9589.15816630013
        },
        "http_req_duration": {
            "avg": 18.919807394452125,
            "min": 0.757986,
            "med": 18.401963,
            "max": 1239.327207,
            "p(90)": 21.842672,
            "p(95)": 25.096454
        },
        "http_req_sending": {
            "avg": 0.003446287352900341,
            "min": 0.001967,
            "med": 0.00292,
            "max": 6.951258,
            "p(90)": 0.004413,
            "p(95)": 0.005231
        },
        "data_sent": {
            "rate": 1032090.4849522697,
            "count": 113530341
        },
        "http_req_tls_handshaking": {
            "avg": 0,
            "min": 0,
            "med": 0,
            "max": 0,
            "p(90)": 0,
            "p(95)": 0
        },
        "http_reqs": {
            "rate": 9589.15816630013,
            "count": 1054811
        },
        "http_req_waiting": {
            "p(90)": 21.829989,
            "p(95)": 25.082555499999998,
            "avg": 18.907259707906416,
            "min": 0.736732,
            "med": 18.389418,
            "max": 1239.316312
        },
        "vus": {
            "value": 1,
            "min": 1,
            "max": 200
        },
        "http_req_connecting": {
            "p(90)": 0,
            "p(95)": 0,
            "avg": 0.0005319720755661444,
            "min": 0,
            "med": 0,
            "max": 1.930217
        },
        "http_req_blocked": {
            "p(90)": 0.000872,
            "p(95)": 0.001078,
            "avg": 0.0012416213122544775,
            "min": 0.000387,
            "med": 0.000555,
            "max": 2.006129
        },
        "http_req_receiving": {
            "p(95)": 0.021162,
            "avg": 0.009101399192841223,
            "min": 0.003103,
            "med": 0.007142,
            "max": 1.679932,
            "p(90)": 0.014755
        },
        "vus_max": {
            "max": 200,
            "value": 200,
            "min": 200
        }
    },
    "root_group": {
        "path": "",
        "id": "d41d8cd98f00b204e9800998ecf8427e",
        "groups": {},
        "checks": {},
        "name": ""
    }
}