{
    "root_group": {
        "id": "d41d8cd98f00b204e9800998ecf8427e",
        "groups": {},
        "checks": {},
        "name": "",
        "path": ""
    },
    "metrics": {
        "iterations": {
            "count": 1076004,
            "rate": 9781.772795177661
        },
        "data_sent": {
            "count": 115811384,
            "rate": 1052821.964772504
        },
        "http_req_blocked": {
            "max": 11.028317,
            "p(90)": 0.00087,
            "p(95)": 0.001081,
            "avg": 0.0012461626899160716,
            "min": 0.000381,
            "med": 0.000555
        },
        "http_req_connecting": {
            "p(90)": 0,
            "p(95)": 0,
            "avg": 0.0005338984241694266,
            "min": 0,
            "med": 0,
            "max": 10.968828
        },
        "http_req_failed": {
            "passes": 1076004,
            "fails": 0,
            "value": 1
        },
        "iteration_duration": {
            "max": 1118.861831,
            "p(90)": 21.364793600000002,
            "p(95)": 23.9280778,
            "avg": 18.585346032620887,
            "min": 0.801904,
            "med": 18.2742715
        },
        "http_req_receiving": {
            "p(90)": 0.01455,
            "p(95)": 0.021119849999999975,
            "avg": 0.00914046616369419,
            "min": 0.003077,
            "med": 0.007129,
            "max": 6.599702
        },
        "data_received": {
            "count": 128039651,
            "rate": 1163987.0993563614
        },
        "vus": {
            "value": 1,
            "min": 1,
            "max": 200
        },
        "http_req_waiting": {
            "min": 0.747853,
            "med": 18.222751000000002,
            "max": 1118.813135,
            "p(90)": 21.311979100000002,
            "p(95)": 23.86518855,
            "avg": 18.533263167209604
        },
        "vus_max": {
            "value": 200,
            "min": 200,
            "max": 200
        },
        "http_reqs": {
            "count": 1076004,
            "rate": 9781.772795177661
        },
        "http_req_sending": {
            "max": 5.048533,
            "p(90)": 0.004409,
            "p(95)": 0.005209,
            "avg": 0.003496198658183618,
            "min": 0.001931,
            "med": 0.00293
        },
        "http_req_duration": {
            "med": 18.235053999999998,
            "max": 1118.826596,
            "p(90)": 21.3250384,
            "p(95)": 23.87845355,
            "avg": 18.545899832032106,
            "min": 0.770278
        },
        "http_req_tls_handshaking": {
            "min": 0,
            "med": 0,
            "max": 0,
            "p(90)": 0,
            "p(95)": 0,
            "avg": 0
        }
    }
}