{
    "metrics": {
        "data_received": {
            "count": 1281575856,
            "rate": 11650389.06666955
        },
        "http_req_sending": {
            "avg": 0.0034991159202248565,
            "min": 0.001959,
            "med": 0.00314,
            "max": 0.17374,
            "p(90)": 0.00471,
            "p(95)": 0.00535175
        },
        "http_req_waiting": {
            "p(95)": 55.9212585,
            "avg": 19.781516729838394,
            "min": 1.940881,
            "med": 17.021965,
            "max": 778.577273,
            "p(90)": 23.201914
        },
        "vus_max": {
            "value": 200,
            "min": 200,
            "max": 200
        },
        "http_reqs": {
            "rate": 731.1265944104717,
            "count": 80426
        },
        "data_sent": {
            "count": 8656309,
            "rate": 78691.68825174341
        },
        "http_req_duration{expected_response:true}": {
            "avg": 249.03008614550987,
            "min": 2.856521,
            "med": 212.253946,
            "max": 2119.136111,
            "p(90)": 450.90505320000034,
            "p(95)": 514.8267883999999
        },
        "iterations": {
            "rate": 731.1265944104717,
            "count": 80426
        },
        "http_req_blocked": {
            "avg": 0.05624449812249585,
            "min": 0.000357,
            "med": 0.000542,
            "max": 1027.257647,
            "p(90)": 0.000967,
            "p(95)": 0.001096
        },
        "vus": {
            "value": 1,
            "min": 1,
            "max": 200
        },
        "http_req_duration": {
            "p(90)": 450.6326455,
            "p(95)": 514.710349,
            "avg": 248.83336659566555,
            "min": 2.856521,
            "med": 212.12949,
            "max": 2119.136111
        },
        "iteration_duration": {
            "max": 2119.165666,
            "p(90)": 450.81360700000005,
            "p(95)": 514.83437475,
            "avg": 248.92735874616315,
            "min": 2.884984,
            "med": 212.2032355
        },
        "http_req_receiving": {
            "max": 2100.300307,
            "p(90)": 430.37284550000004,
            "p(95)": 493.91942325,
            "avg": 229.04835074990703,
            "min": 0.005195,
            "med": 190.6666405
        },
        "http_req_connecting": {
            "min": 0,
            "med": 0,
            "max": 1027.217382,
            "p(90)": 0,
            "p(95)": 0,
            "avg": 0.055540279088851854
        },
        "http_req_tls_handshaking": {
            "avg": 0,
            "min": 0,
            "med": 0,
            "max": 0,
            "p(90)": 0,
            "p(95)": 0
        },
        "http_req_failed": {
            "passes": 81,
            "fails": 80345,
            "value": 0.001007136995498968
        }
    },
    "root_group": {
        "name": "",
        "path": "",
        "id": "d41d8cd98f00b204e9800998ecf8427e",
        "groups": {},
        "checks": {}
    }
}