{
    "root_group": {
        "name": "",
        "path": "",
        "id": "d41d8cd98f00b204e9800998ecf8427e",
        "groups": {},
        "checks": {}
    },
    "metrics": {
        "http_req_connecting": {
            "min": 0,
            "med": 0,
            "max": 1.35181,
            "p(90)": 0,
            "p(95)": 0,
            "avg": 0.0005310307384445924
        },
        "vus_max": {
            "value": 200,
            "min": 200,
            "max": 200
        },
        "http_req_failed": {
            "passes": 1074908,
            "fails": 0,
            "value": 1
        },
        "http_reqs": {
            "count": 1074908,
            "rate": 9771.775802102511
        },
        "http_req_sending": {
            "p(95)": 0.005216,
            "avg": 0.003436541069561407,
            "min": 0.00194,
            "med": 0.002938,
            "max": 0.523133,
            "p(90)": 0.004422
        },
        "http_req_duration": {
            "avg": 18.565222587082445,
            "min": 0.749413,
            "med": 18.266873,
            "max": 1092.368105,
            "p(90)": 20.910232399999998,
            "p(95)": 23.74830814999998
        },
        "http_req_receiving": {
            "avg": 0.008955385233899089,
            "min": 0.003032,
            "med": 0.007098,
            "max": 3.67068,
            "p(90)": 0.014419,
            "p(95)": 0.020843
        },
        "http_req_tls_handshaking": {
            "p(90)": 0,
            "p(95)": 0,
            "avg": 0,
            "min": 0,
            "med": 0,
            "max": 0
        },
        "http_req_waiting": {
            "p(90)": 20.8972669,
            "p(95)": 23.735304249999984,
            "avg": 18.552830660779723,
            "min": 0.739823,
            "med": 18.2545035,
            "max": 1092.353877
        },
        "iteration_duration": {
            "max": 1092.396725,
            "p(90)": 20.949924500000005,
            "p(95)": 23.798703449999998,
            "avg": 18.604291032436816,
            "min": 0.78067,
            "med": 18.306067
        },
        "iterations": {
            "count": 1074908,
            "rate": 9771.775802102511
        },
        "vus": {
            "max": 200,
            "value": 1,
            "min": 1
        },
        "http_req_blocked": {
            "avg": 0.001236904321114405,
            "min": 0.000373,
            "med": 0.000555,
            "max": 1.409958,
            "p(90)": 0.00087,
            "p(95)": 0.001079
        },
        "data_sent": {
            "count": 115693416,
            "rate": 1051745.9381932032
        },
        "data_received": {
            "rate": 1162797.3664225023,
            "count": 127909217
        }
    }
}