{
    "root_group": {
        "name": "",
        "path": "",
        "id": "d41d8cd98f00b204e9800998ecf8427e",
        "groups": {},
        "checks": {}
    },
    "metrics": {
        "http_req_tls_handshaking": {
            "avg": 0,
            "min": 0,
            "med": 0,
            "max": 0,
            "p(90)": 0,
            "p(95)": 0
        },
        "http_req_sending": {
            "avg": 0.003928749337513538,
            "min": 0.001879,
            "med": 0.003498,
            "max": 0.178564,
            "p(90)": 0.005126,
            "p(95)": 0.00583
        },
        "iteration_duration": {
            "avg": 249.04553182167078,
            "min": 3.220906,
            "med": 211.706491,
            "max": 2222.590833,
            "p(90)": 451.1575201999999,
            "p(95)": 515.8627016
        },
        "iterations": {
            "count": 80379,
            "rate": 730.684991634818
        },
        "data_received": {
            "count": 1280859223,
            "rate": 11643645.860773765
        },
        "vus_max": {
            "value": 200,
            "min": 200,
            "max": 200
        },
        "vus": {
            "value": 1,
            "min": 1,
            "max": 200
        },
        "http_req_failed": {
            "passes": 81,
            "fails": 80298,
            "value": 0.001007725898555593
        },
        "http_req_blocked": {
            "avg": 0.08707912131278042,
            "min": 0.000373,
            "med": 0.000599,
            "max": 1021.739017,
            "p(90)": 0.001001,
            "p(95)": 0.001164
        },
        "http_req_waiting": {
            "avg": 19.888201314211397,
            "min": 2.586094,
            "med": 17.033687,
            "max": 781.826766,
            "p(90)": 22.79961859999998,
            "p(95)": 55.936744299999994
        },
        "http_req_duration{expected_response:true}": {
            "p(90)": 451.1582212000001,
            "p(95)": 515.82136195,
            "avg": 249.1305460368228,
            "min": 3.182351,
            "med": 211.7684855,
            "max": 2222.540456
        },
        "http_req_connecting": {
            "avg": 0.08630960474750872,
            "min": 0,
            "med": 0,
            "max": 1021.708536,
            "p(90)": 0,
            "p(95)": 0
        },
        "http_reqs": {
            "count": 80379,
            "rate": 730.684991634818
        },
        "http_req_duration": {
            "med": 211.598419,
            "max": 2222.540456,
            "p(90)": 451.022397,
            "p(95)": 515.7930802999998,
            "avg": 248.91667550867516,
            "min": 3.182351
        },
        "http_req_receiving": {
            "med": 189.958804,
            "max": 2206.493654,
            "p(90)": 430.46237379999997,
            "p(95)": 494.55705059999997,
            "avg": 229.0245454451273,
            "min": 0.00485
        },
        "data_sent": {
            "count": 8651264,
            "rate": 78644.28225619381
        }
    }
}