{
    "metrics": {
        "http_req_duration{expected_response:true}": {
            "avg": 249.1151067874375,
            "min": 2.921931,
            "med": 211.7677185,
            "max": 2522.366508,
            "p(90)": 451.35529790000004,
            "p(95)": 516.06748795
        },
        "http_reqs": {
            "count": 80401,
            "rate": 730.88171167125
        },
        "http_req_tls_handshaking": {
            "avg": 0,
            "min": 0,
            "med": 0,
            "max": 0,
            "p(90)": 0,
            "p(95)": 0
        },
        "http_req_receiving": {
            "max": 2240.433879,
            "p(90)": 430.677537,
            "p(95)": 494.757531,
            "avg": 228.83826126637695,
            "min": 0.005333,
            "med": 189.768942
        },
        "vus": {
            "value": 1,
            "min": 1,
            "max": 200
        },
        "http_req_blocked": {
            "p(95)": 0.001153,
            "avg": 0.01790983398216536,
            "min": 0.000376,
            "med": 0.000595,
            "max": 61.287455,
            "p(90)": 0.000991
        },
        "data_received": {
            "count": 1281246724,
            "rate": 11647116.313358063
        },
        "vus_max": {
            "value": 200,
            "min": 200,
            "max": 200
        },
        "http_req_connecting": {
            "avg": 0.017144487780002736,
            "min": 0,
            "med": 0,
            "max": 61.267505,
            "p(90)": 0,
            "p(95)": 0
        },
        "http_req_waiting": {
            "min": 1.977132,
            "med": 17.010925,
            "max": 830.395857,
            "p(90)": 27.359938,
            "p(95)": 56.862508,
            "avg": 20.065238298976507
        },
        "data_sent": {
            "count": 8653628,
            "rate": 78665.42014161834
        },
        "http_req_failed": {
            "passes": 81,
            "fails": 80320,
            "value": 0.001007450156092586
        },
        "iterations": {
            "count": 80401,
            "rate": 730.88171167125
        },
        "http_req_duration": {
            "p(90)": 451.161623,
            "p(95)": 516.031715,
            "avg": 248.90737210195124,
            "min": 2.921931,
            "med": 211.588977,
            "max": 2522.366508
        },
        "iteration_duration": {
            "avg": 248.96626058116468,
            "min": 2.960006,
            "med": 211.656271,
            "max": 2522.401704,
            "p(90)": 451.208068,
            "p(95)": 516.068059
        },
        "http_req_sending": {
            "min": 0.002,
            "med": 0.003465,
            "max": 0.209803,
            "p(90)": 0.005019,
            "p(95)": 0.005705,
            "avg": 0.0038725365978034797
        }
    },
    "root_group": {
        "name": "",
        "path": "",
        "id": "d41d8cd98f00b204e9800998ecf8427e",
        "groups": {},
        "checks": {}
    }
}