{
    "root_group": {
        "name": "",
        "path": "",
        "id": "d41d8cd98f00b204e9800998ecf8427e",
        "groups": {},
        "checks": {}
    },
    "metrics": {
        "http_req_receiving": {
            "avg": 228.96902983326245,
            "min": 0.005906,
            "med": 189.411993,
            "max": 2101.65629,
            "p(90)": 431.8489694000001,
            "p(95)": 494.62168539999993
        },
        "iteration_duration": {
            "avg": 249.02739062406016,
            "min": 3.324851,
            "med": 210.763746,
            "max": 2149.597864,
            "p(90)": 452.39549500000004,
            "p(95)": 515.6377987999998
        },
        "data_received": {
            "count": 1281276002,
            "rate": 11647616.880954461
        },
        "http_req_sending": {
            "med": 0.00382,
            "max": 0.25267,
            "p(90)": 0.00578,
            "p(95)": 0.0069268999999999945,
            "avg": 0.00439088057659539,
            "min": 0.002029
        },
        "http_req_duration": {
            "med": 210.70768,
            "max": 2149.549937,
            "p(90)": 452.3097892,
            "p(95)": 515.544178,
            "avg": 248.9207357489,
            "min": 3.295007
        },
        "http_req_blocked": {
            "avg": 0.06092254460654209,
            "min": 0.000369,
            "med": 0.000658,
            "max": 1022.788098,
            "p(90)": 0.001126,
            "p(95)": 0.001351
        },
        "http_req_waiting": {
            "med": 16.980456,
            "max": 472.487412,
            "p(90)": 25.02623000000001,
            "p(95)": 55.989435099999994,
            "avg": 19.947315035060804,
            "min": 2.590473
        },
        "http_req_duration{expected_response:true}": {
            "min": 3.295007,
            "med": 210.85229199999998,
            "max": 2149.549937,
            "p(90)": 452.3867862000002,
            "p(95)": 515.6017379,
            "avg": 249.14143500223852
        },
        "iterations": {
            "count": 80403,
            "rate": 730.9146028002963
        },
        "vus": {
            "value": 1,
            "min": 1,
            "max": 200
        },
        "http_req_connecting": {
            "avg": 0.060046972836834446,
            "min": 0,
            "med": 0,
            "max": 1022.758726,
            "p(90)": 0,
            "p(95)": 0
        },
        "http_reqs": {
            "count": 80403,
            "rate": 730.9146028002963
        },
        "http_req_tls_handshaking": {
            "max": 0,
            "p(90)": 0,
            "p(95)": 0,
            "avg": 0,
            "min": 0,
            "med": 0
        },
        "http_req_failed": {
            "passes": 81,
            "fails": 80322,
            "value": 0.0010074250960785045
        },
        "vus_max": {
            "value": 200,
            "min": 200,
            "max": 200
        },
        "data_sent": {
            "count": 8653844,
            "rate": 78668.96695341874
        }
    }
}