{
    "metrics": {
        "iteration_duration": {
            "p(95)": 24.5689185,
            "avg": 18.715047996874624,
            "min": 0.840428,
            "med": 18.337379,
            "max": 1095.834653,
            "p(90)": 21.816114
        },
        "http_req_waiting": {
            "med": 18.286114,
            "max": 1095.790697,
            "p(90)": 21.762981,
            "p(95)": 24.509838000000002,
            "avg": 18.663687070784306,
            "min": 0.804408
        },
        "http_req_duration": {
            "med": 18.2988,
            "max": 1095.802866,
            "p(90)": 21.775835,
            "p(95)": 24.522573,
            "avg": 18.67613527932109,
            "min": 0.812476
        },
        "data_received": {
            "count": 127152764,
            "rate": 1155919.5944959112
        },
        "http_req_blocked": {
            "avg": 0.0012334012864154502,
            "min": 0.000364,
            "med": 0.000551,
            "max": 1.325969,
            "p(90)": 0.000869,
            "p(95)": 0.001078
        },
        "http_req_tls_handshaking": {
            "p(90)": 0,
            "p(95)": 0,
            "avg": 0,
            "min": 0,
            "med": 0,
            "max": 0
        },
        "vus_max": {
            "value": 200,
            "min": 200,
            "max": 200
        },
        "http_req_connecting": {
            "avg": 0.0005284908853204008,
            "min": 0,
            "med": 0,
            "max": 1.20027,
            "p(90)": 0,
            "p(95)": 0
        },
        "http_req_failed": {
            "passes": 1068551,
            "fails": 0,
            "value": 1
        },
        "vus": {
            "min": 1,
            "max": 200,
            "value": 1
        },
        "iterations": {
            "rate": 9713.977107239292,
            "count": 1068551
        },
        "http_reqs": {
            "count": 1068551,
            "rate": 9713.977107239292
        },
        "http_req_sending": {
            "avg": 0.0034347381744066633,
            "min": 0.001969,
            "med": 0.002916,
            "max": 2.420511,
            "p(90)": 0.004424,
            "p(95)": 0.00527
        },
        "http_req_receiving": {
            "avg": 0.009013470362200774,
            "min": 0.002932,
            "med": 0.007081,
            "max": 3.99858,
            "p(90)": 0.01473,
            "p(95)": 0.021115
        },
        "data_sent": {
            "count": 115009202,
            "rate": 1045524.9729305007
        }
    },
    "root_group": {
        "name": "",
        "path": "",
        "id": "d41d8cd98f00b204e9800998ecf8427e",
        "groups": {},
        "checks": {}
    }
}