{
    "metrics": {
        "vus": {
            "value": 1,
            "min": 1,
            "max": 200
        },
        "http_req_failed": {
            "passes": 1059356,
            "fails": 0,
            "value": 1
        },
        "data_sent": {
            "count": 114019534,
            "rate": 1036529.7986199508
        },
        "http_req_tls_handshaking": {
            "p(95)": 0,
            "avg": 0,
            "min": 0,
            "med": 0,
            "max": 0,
            "p(90)": 0
        },
        "http_req_connecting": {
            "p(90)": 0,
            "p(95)": 0,
            "avg": 0.00053251263220296,
            "min": 0,
            "med": 0,
            "max": 2.233795
        },
        "iteration_duration": {
            "p(90)": 21.927281999999998,
            "p(95)": 24.591403,
            "avg": 18.87745246662414,
            "min": 0.861086,
            "med": 18.4850435,
            "max": 1124.680814
        },
        "http_reqs": {
            "count": 1059356,
            "rate": 9630.402991708741
        },
        "http_req_waiting": {
            "p(95)": 24.529715000000003,
            "avg": 18.82561454215625,
            "min": 0.811754,
            "med": 18.433573000000003,
            "max": 1124.632631,
            "p(90)": 21.872668500000003
        },
        "http_req_duration": {
            "p(95)": 24.54336025,
            "avg": 18.83817611596937,
            "min": 0.831721,
            "med": 18.4462175,
            "max": 1124.644374,
            "p(90)": 21.885371499999998
        },
        "data_received": {
            "count": 126058609,
            "rate": 1145974.7292168473
        },
        "iterations": {
            "count": 1059356,
            "rate": 9630.402991708741
        },
        "http_req_sending": {
            "p(90)": 0.004412,
            "p(95)": 0.005228,
            "avg": 0.0034549730996946354,
            "min": 0.00191,
            "med": 0.002938,
            "max": 0.535862
        },
        "http_req_receiving": {
            "avg": 0.009106600712130694,
            "min": 0.003175,
            "med": 0.007157,
            "max": 5.912975,
            "p(90)": 0.014696,
            "p(95)": 0.021123
        },
        "vus_max": {
            "value": 200,
            "min": 200,
            "max": 200
        },
        "http_req_blocked": {
            "p(90)": 0.000871,
            "p(95)": 0.001077,
            "avg": 0.0012418868529563982,
            "min": 0.000362,
            "med": 0.000556,
            "max": 2.254938
        }
    },
    "root_group": {
        "name": "",
        "path": "",
        "id": "d41d8cd98f00b204e9800998ecf8427e",
        "groups": {},
        "checks": {}
    }
}