{
    "root_group": {
        "name": "",
        "path": "",
        "id": "d41d8cd98f00b204e9800998ecf8427e",
        "groups": {},
        "checks": {}
    },
    "metrics": {
        "vus_max": {
            "value": 200,
            "min": 200,
            "max": 200
        },
        "data_sent": {
            "count": 8652553,
            "rate": 78656.73538933601
        },
        "http_req_duration": {
            "avg": 248.9379123933414,
            "min": 3.345444,
            "med": 211.586137,
            "max": 2087.216936,
            "p(90)": 451.838698,
            "p(95)": 515.0281645
        },
        "data_received": {
            "count": 1281106406,
            "rate": 11646001.77338703
        },
        "http_req_duration{expected_response:true}": {
            "med": 211.7691635,
            "max": 2087.216936,
            "p(90)": 451.9547545000002,
            "p(95)": 515.0962407500001,
            "avg": 249.14707676798798,
            "min": 3.345444
        },
        "http_req_sending": {
            "avg": 0.0039007936087373045,
            "min": 0.002004,
            "med": 0.003453,
            "max": 0.228479,
            "p(90)": 0.005102,
            "p(95)": 0.005818
        },
        "http_req_blocked": {
            "p(90)": 0.001005,
            "p(95)": 0.001186,
            "avg": 0.03293564360438268,
            "min": 0.00037,
            "med": 0.000597,
            "max": 1012.910579
        },
        "http_req_connecting": {
            "p(90)": 0,
            "p(95)": 0,
            "avg": 0.0321582859275292,
            "min": 0,
            "med": 0,
            "max": 1012.891222
        },
        "http_req_failed": {
            "passes": 81,
            "fails": 80310,
            "value": 0.0010075754748665895
        },
        "http_req_receiving": {
            "avg": 229.01879240921173,
            "min": 0.005741,
            "med": 190.352268,
            "max": 1884.75884,
            "p(90)": 431.343172,
            "p(95)": 494.53568800000005
        },
        "vus": {
            "value": 1,
            "min": 1,
            "max": 200
        },
        "http_reqs": {
            "rate": 730.8009109778479,
            "count": 80391
        },
        "http_req_tls_handshaking": {
            "avg": 0,
            "min": 0,
            "med": 0,
            "max": 0,
            "p(90)": 0,
            "p(95)": 0
        },
        "iteration_duration": {
            "p(90)": 451.89595,
            "p(95)": 515.0907239999999,
            "avg": 249.01200357506795,
            "min": 3.380085,
            "med": 211.650311,
            "max": 2087.252414
        },
        "http_req_waiting": {
            "avg": 19.91521919051845,
            "min": 2.587064,
            "med": 17.031641,
            "max": 842.320012,
            "p(90)": 24.311112,
            "p(95)": 56.184158499999995
        },
        "iterations": {
            "rate": 730.8009109778479,
            "count": 80391
        }
    }
}