{
    "root_group": {
        "checks": {},
        "name": "",
        "path": "",
        "id": "d41d8cd98f00b204e9800998ecf8427e",
        "groups": {}
    },
    "metrics": {
        "http_req_failed": {
            "passes": 81,
            "fails": 80313,
            "value": 0.0010075378759608926
        },
        "http_req_tls_handshaking": {
            "min": 0,
            "med": 0,
            "max": 0,
            "p(90)": 0,
            "p(95)": 0,
            "avg": 0
        },
        "http_req_duration{expected_response:true}": {
            "med": 211.620305,
            "max": 2130.159474,
            "p(90)": 451.04735160000007,
            "p(95)": 515.746626,
            "avg": 249.1470344287242,
            "min": 3.397811
        },
        "http_req_sending": {
            "avg": 0.0039149963181332025,
            "min": 0.001938,
            "med": 0.00347,
            "max": 0.180575,
            "p(90)": 0.005118,
            "p(95)": 0.005804
        },
        "http_req_blocked": {
            "avg": 0.05861689000422754,
            "min": 0.000369,
            "med": 0.000604,
            "max": 1031.564792,
            "p(90)": 0.001018,
            "p(95)": 0.001193
        },
        "data_sent": {
            "count": 8652877,
            "rate": 78659.5941279657
        },
        "data_received": {
            "count": 1281106166,
            "rate": 11645986.768608203
        },
        "vus": {
            "min": 1,
            "max": 200,
            "value": 1
        },
        "iteration_duration": {
            "avg": 249.0298093001176,
            "min": 3.428924,
            "med": 211.519462,
            "max": 2130.203669,
            "p(90)": 451.05530109999995,
            "p(95)": 515.79087175
        },
        "http_req_connecting": {
            "min": 0,
            "med": 0,
            "max": 1031.535425,
            "p(90)": 0,
            "p(95)": 0,
            "avg": 0.05783001307311489
        },
        "http_req_receiving": {
            "avg": 228.9049788714976,
            "min": 0.005503,
            "med": 189.77083800000003,
            "max": 2110.928132,
            "p(90)": 429.7669328999999,
            "p(95)": 494.81253344999993
        },
        "http_req_duration": {
            "avg": 248.92963916886993,
            "min": 3.397811,
            "med": 211.460598,
            "max": 2130.159474,
            "p(90)": 450.93863349999987,
            "p(95)": 515.72413135
        },
        "http_reqs": {
            "count": 80394,
            "rate": 730.8273780297205
        },
        "vus_max": {
            "value": 200,
            "min": 200,
            "max": 200
        },
        "iterations": {
            "count": 80394,
            "rate": 730.8273780297205
        },
        "http_req_waiting": {
            "max": 801.512228,
            "p(90)": 25.6802638,
            "p(95)": 56.332372449999966,
            "avg": 20.020745301054916,
            "min": 2.422004,
            "med": 17.044401
        }
    }
}