{
    "metrics": {
        "http_req_failed": {
            "passes": 1038021,
            "fails": 0,
            "value": 1
        },
        "http_reqs": {
            "count": 1038021,
            "rate": 9436.499442302847
        },
        "http_req_sending": {
            "avg": 0.0032389137936515346,
            "min": 0.0018,
            "med": 0.002775,
            "max": 0.394408,
            "p(90)": 0.004131,
            "p(95)": 0.004928
        },
        "http_req_receiving": {
            "avg": 0.008586049715757344,
            "min": 0.002855,
            "med": 0.006605,
            "max": 6.141382,
            "p(90)": 0.014661,
            "p(95)": 0.020816
        },
        "data_received": {
            "count": 123519869,
            "rate": 1122901.3429707305
        },
        "http_req_blocked": {
            "avg": 0.0012028162195180149,
            "min": 0.000344,
            "med": 0.000523,
            "max": 1.153904,
            "p(90)": 0.000826,
            "p(95)": 0.00103
        },
        "data_sent": {
            "count": 111723227,
            "rate": 1015659.7691932768
        },
        "http_req_duration": {
            "med": 18.687133,
            "max": 1091.969921,
            "p(90)": 22.627106,
            "p(95)": 27.414744,
            "avg": 19.2284094865555,
            "min": 0.748427
        },
        "http_req_waiting": {
            "avg": 19.21658452304589,
            "min": 0.727757,
            "med": 18.675332,
            "max": 1091.957637,
            "p(90)": 22.615516,
            "p(95)": 27.40263
        },
        "vus": {
            "value": 1,
            "min": 1,
            "max": 200
        },
        "iterations": {
            "count": 1038021,
            "rate": 9436.499442302847
        },
        "http_req_connecting": {
            "med": 0,
            "max": 1.110291,
            "p(90)": 0,
            "p(95)": 0,
            "avg": 0.0005314484697323084,
            "min": 0
        },
        "http_req_tls_handshaking": {
            "avg": 0,
            "min": 0,
            "med": 0,
            "max": 0,
            "p(90)": 0,
            "p(95)": 0
        },
        "iteration_duration": {
            "p(95)": 27.453005,
            "avg": 19.265792373310223,
            "min": 0.776901,
            "med": 18.724784,
            "max": 1091.99861,
            "p(90)": 22.667
        },
        "vus_max": {
            "min": 200,
            "max": 200,
            "value": 200
        }
    },
    "root_group": {
        "path": "",
        "id": "d41d8cd98f00b204e9800998ecf8427e",
        "groups": {},
        "checks": {},
        "name": ""
    }
}