{
    "root_group": {
        "groups": {},
        "checks": {},
        "name": "",
        "path": "",
        "id": "d41d8cd98f00b204e9800998ecf8427e"
    },
    "metrics": {
        "data_received": {
            "rate": 11651951.941759463,
            "count": 1281761527
        },
        "http_req_receiving": {
            "med": 190.312706,
            "max": 2618.169214,
            "p(90)": 430.9497915,
            "p(95)": 494.70047975,
            "avg": 229.05998800365694,
            "min": 0.005986
        },
        "http_req_connecting": {
            "avg": 0.02193418846039087,
            "min": 0,
            "med": 0,
            "max": 105.639073,
            "p(90)": 0,
            "p(95)": 0
        },
        "vus_max": {
            "value": 200,
            "min": 200,
            "max": 200
        },
        "data_sent": {
            "count": 8657379,
            "rate": 78700.57099131326
        },
        "vus": {
            "value": 1,
            "min": 1,
            "max": 200
        },
        "http_req_tls_handshaking": {
            "p(95)": 0,
            "avg": 0,
            "min": 0,
            "med": 0,
            "max": 0,
            "p(90)": 0
        },
        "http_req_failed": {
            "passes": 81,
            "fails": 80355,
            "value": 0.0010070117857675668
        },
        "iterations": {
            "count": 80436,
            "rate": 731.2096569016181
        },
        "http_req_duration{expected_response:true}": {
            "avg": 249.0301932662053,
            "min": 3.085003,
            "med": 211.285766,
            "max": 2727.438758,
            "p(90)": 451.89654500000006,
            "p(95)": 515.7009853000001
        },
        "http_req_duration": {
            "p(90)": 451.81069649999995,
            "p(95)": 515.580192,
            "avg": 248.8157097898569,
            "min": 3.085003,
            "med": 211.06616150000002,
            "max": 2727.438758
        },
        "iteration_duration": {
            "p(90)": 451.88309000000004,
            "p(95)": 515.71467775,
            "avg": 248.87737146060059,
            "min": 3.111172,
            "med": 211.156306,
            "max": 2727.468774
        },
        "http_req_waiting": {
            "avg": 19.752071671813678,
            "min": 2.526162,
            "med": 17.044822500000002,
            "max": 847.236794,
            "p(90)": 21.480663999999997,
            "p(95)": 56.2951995
        },
        "http_req_blocked": {
            "avg": 0.022677756850168047,
            "min": 0.000372,
            "med": 0.00058,
            "max": 105.660242,
            "p(90)": 0.001006,
            "p(95)": 0.001138
        },
        "http_req_sending": {
            "avg": 0.0036501143890795263,
            "min": 0.001992,
            "med": 0.003285,
            "max": 0.231556,
            "p(90)": 0.004928,
            "p(95)": 0.005561
        },
        "http_reqs": {
            "count": 80436,
            "rate": 731.2096569016181
        }
    }
}