{
    "metrics": {
        "data_sent": {
            "count": 114235439,
            "rate": 1038488.8669142409
        },
        "http_reqs": {
            "count": 1061362,
            "rate": 9648.604937438307
        },
        "vus": {
            "value": 1,
            "min": 1,
            "max": 200
        },
        "http_req_receiving": {
            "med": 0.007034,
            "max": 5.778779,
            "p(90)": 0.013911,
            "p(95)": 0.020145,
            "avg": 0.008813433639983208,
            "min": 0.002936
        },
        "http_req_tls_handshaking": {
            "p(95)": 0,
            "avg": 0,
            "min": 0,
            "med": 0,
            "max": 0,
            "p(90)": 0
        },
        "vus_max": {
            "value": 200,
            "min": 200,
            "max": 200
        },
        "http_req_failed": {
            "passes": 1061362,
            "fails": 0,
            "value": 1
        },
        "http_req_connecting": {
            "max": 1.50731,
            "p(90)": 0,
            "p(95)": 0,
            "avg": 0.0005235502411052965,
            "min": 0,
            "med": 0
        },
        "iterations": {
            "count": 1061362,
            "rate": 9648.604937438307
        },
        "http_req_waiting": {
            "p(95)": 24.42514675,
            "avg": 18.79060638026054,
            "min": 0.785718,
            "med": 18.3559795,
            "max": 1114.62281,
            "p(90)": 21.567407199999998
        },
        "iteration_duration": {
            "avg": 18.84176956923423,
            "min": 0.822628,
            "med": 18.4064005,
            "max": 1114.669798,
            "p(90)": 21.6202165,
            "p(95)": 24.48299295
        },
        "http_req_duration": {
            "avg": 18.80285384031277,
            "min": 0.795121,
            "med": 18.367918500000002,
            "max": 1114.634166,
            "p(90)": 21.5800306,
            "p(95)": 24.437363849999997
        },
        "http_req_blocked": {
            "p(90)": 0.000864,
            "p(95)": 0.001069,
            "avg": 0.001229591572903882,
            "min": 0.000366,
            "med": 0.000553,
            "max": 1.552574
        },
        "http_req_sending": {
            "max": 2.157155,
            "p(90)": 0.004393,
            "p(95)": 0.005188,
            "avg": 0.0034340264132314362,
            "min": 0.001923,
            "med": 0.002921
        },
        "data_received": {
            "count": 126297303,
            "rate": 1148140.579096427
        }
    },
    "root_group": {
        "groups": {},
        "checks": {},
        "name": "",
        "path": "",
        "id": "d41d8cd98f00b204e9800998ecf8427e"
    }
}