{
    "metrics": {
        "http_req_sending": {
            "avg": 0.0034373655102894725,
            "min": 0.001948,
            "med": 0.002933,
            "max": 0.63097,
            "p(90)": 0.004419,
            "p(95)": 0.005234
        },
        "http_req_blocked": {
            "avg": 0.0012390705692606415,
            "min": 0.000379,
            "med": 0.000553,
            "max": 1.645606,
            "p(90)": 0.000871,
            "p(95)": 0.001077
        },
        "data_sent": {
            "count": 112110075,
            "rate": 1019174.098012123
        },
        "iteration_duration": {
            "max": 1090.611285,
            "p(90)": 21.894344599999997,
            "p(95)": 24.735163999999997,
            "avg": 19.199092690010737,
            "min": 0.79257,
            "med": 18.487325
        },
        "http_req_receiving": {
            "max": 1.859493,
            "p(90)": 0.014735,
            "p(95)": 0.021249,
            "avg": 0.009049626760367257,
            "min": 0.003122,
            "med": 0.007113
        },
        "data_received": {
            "count": 123947540,
            "rate": 1126786.5290458645
        },
        "http_req_connecting": {
            "avg": 0.0005332374303365444,
            "min": 0,
            "med": 0,
            "max": 1.613492,
            "p(90)": 0,
            "p(95)": 0
        },
        "http_req_tls_handshaking": {
            "avg": 0,
            "min": 0,
            "med": 0,
            "max": 0,
            "p(90)": 0,
            "p(95)": 0
        },
        "http_req_waiting": {
            "p(90)": 21.8398122,
            "p(95)": 24.680090099999997,
            "avg": 19.14767488396581,
            "min": 0.741446,
            "med": 18.436243,
            "max": 1090.555202
        },
        "vus_max": {
            "value": 200,
            "min": 200,
            "max": 200
        },
        "iterations": {
            "count": 1041615,
            "rate": 9469.149209835936
        },
        "http_reqs": {
            "count": 1041615,
            "rate": 9469.149209835936
        },
        "vus": {
            "max": 200,
            "value": 1,
            "min": 1
        },
        "http_req_duration": {
            "p(95)": 24.693305799999994,
            "avg": 19.16016187623586,
            "min": 0.75914,
            "med": 18.448662,
            "max": 1090.567636,
            "p(90)": 21.8533486
        },
        "http_req_failed": {
            "fails": 0,
            "passes": 1041615,
            "value": 1
        }
    },
    "root_group": {
        "name": "",
        "path": "",
        "id": "d41d8cd98f00b204e9800998ecf8427e",
        "groups": {},
        "checks": {}
    }
}