{
    "metrics": {
        "iteration_duration": {
            "avg": 18.839129168909846,
            "min": 0.780804,
            "med": 18.437424,
            "max": 3067.262553,
            "p(90)": 21.964597,
            "p(95)": 24.310668
        },
        "http_reqs": {
            "count": 1061521,
            "rate": 9650.018306319387
        },
        "http_req_receiving": {
            "p(95)": 0.020796,
            "avg": 0.008608965325226802,
            "min": 0.0029,
            "med": 0.006615,
            "max": 1.310729,
            "p(90)": 0.014561
        },
        "http_req_tls_handshaking": {
            "med": 0,
            "max": 0,
            "p(90)": 0,
            "p(95)": 0,
            "avg": 0,
            "min": 0
        },
        "iterations": {
            "count": 1061521,
            "rate": 9650.018306319387
        },
        "data_received": {
            "count": 126316239,
            "rate": 1148308.9064987078
        },
        "vus_max": {
            "value": 200,
            "min": 200,
            "max": 200
        },
        "http_req_failed": {
            "passes": 1061521,
            "fails": 0,
            "value": 1
        },
        "http_req_waiting": {
            "avg": 18.78974950710726,
            "min": 0.7452,
            "med": 18.388846,
            "max": 3067.206046,
            "p(90)": 21.913061,
            "p(95)": 24.25119
        },
        "vus": {
            "value": 1,
            "min": 1,
            "max": 200
        },
        "http_req_duration": {
            "avg": 18.801618147351743,
            "min": 0.752975,
            "med": 18.400567,
            "max": 3067.235249,
            "p(90)": 21.92556,
            "p(95)": 24.263432
        },
        "http_req_connecting": {
            "avg": 0.0005357351121645268,
            "min": 0,
            "med": 0,
            "max": 1.386805,
            "p(90)": 0,
            "p(95)": 0
        },
        "http_req_sending": {
            "avg": 0.0032596749183482583,
            "min": 0.001784,
            "med": 0.002772,
            "max": 1.323575,
            "p(90)": 0.00413,
            "p(95)": 0.004942
        },
        "data_sent": {
            "count": 114252550,
            "rate": 1038640.9680483674
        },
        "http_req_blocked": {
            "p(90)": 0.000826,
            "p(95)": 0.001028,
            "avg": 0.0012073166437595539,
            "min": 0.000356,
            "med": 0.000525,
            "max": 1.411608
        }
    },
    "root_group": {
        "name": "",
        "path": "",
        "id": "d41d8cd98f00b204e9800998ecf8427e",
        "groups": {},
        "checks": {}
    }
}