{
    "metrics": {
        "iteration_duration": {
            "med": 211.7208115,
            "max": 2199.355283,
            "p(90)": 450.7114435,
            "p(95)": 515.85535025,
            "avg": 248.98474695235578,
            "min": 2.724154
        },
        "http_req_blocked": {
            "min": 0.000371,
            "med": 0.000598,
            "max": 75.808374,
            "p(90)": 0.000999,
            "p(95)": 0.001168,
            "avg": 0.020900874462105597
        },
        "http_req_failed": {
            "fails": 80325,
            "passes": 81,
            "value": 0.0010073875083948958
        },
        "http_req_tls_handshaking": {
            "med": 0,
            "max": 0,
            "p(90)": 0,
            "p(95)": 0,
            "avg": 0,
            "min": 0
        },
        "http_reqs": {
            "count": 80406,
            "rate": 730.9493891034886
        },
        "http_req_connecting": {
            "avg": 0.020127535768474984,
            "min": 0,
            "med": 0,
            "max": 75.788348,
            "p(90)": 0,
            "p(95)": 0
        },
        "http_req_sending": {
            "med": 0.003461,
            "max": 0.209619,
            "p(90)": 0.005035,
            "p(95)": 0.005718,
            "avg": 0.0038787091759321032,
            "min": 0.001932
        },
        "vus_max": {
            "value": 200,
            "min": 200,
            "max": 200
        },
        "data_sent": {
            "count": 8654168,
            "rate": 78672.72110040246
        },
        "http_req_duration": {
            "p(95)": 515.81356425,
            "avg": 248.92242166483763,
            "min": 2.68105,
            "med": 211.6532465,
            "max": 2199.301346,
            "p(90)": 450.6744715
        },
        "iterations": {
            "count": 80406,
            "rate": 730.9493891034886
        },
        "http_req_duration{expected_response:true}": {
            "avg": 249.1368388324796,
            "min": 2.68105,
            "med": 211.8785,
            "max": 2199.301346,
            "p(90)": 450.7826342,
            "p(95)": 515.8403946000001
        },
        "http_req_receiving": {
            "min": 0.006209,
            "med": 190.113045,
            "max": 2158.806487,
            "p(90)": 430.3032895,
            "p(95)": 495.29680475,
            "avg": 229.014143127902
        },
        "data_received": {
            "count": 1281330238,
            "rate": 11648229.668257687
        },
        "vus": {
            "value": 1,
            "min": 1,
            "max": 200
        },
        "http_req_waiting": {
            "min": 1.832423,
            "med": 17.066285,
            "max": 771.769663,
            "p(90)": 23.353123500000002,
            "p(95)": 56.4475315,
            "avg": 19.904399827762035
        }
    },
    "root_group": {
        "groups": {},
        "checks": {},
        "name": "",
        "path": "",
        "id": "d41d8cd98f00b204e9800998ecf8427e"
    }
}