{
    "root_group": {
        "name": "",
        "path": "",
        "id": "d41d8cd98f00b204e9800998ecf8427e",
        "groups": {},
        "checks": {}
    },
    "metrics": {
        "http_req_duration{expected_response:true}": {
            "p(90)": 452.3255598,
            "p(95)": 514.9511945499999,
            "avg": 249.01544319896084,
            "min": 2.827036,
            "med": 211.660703,
            "max": 1883.821695
        },
        "iteration_duration": {
            "min": 2.849642,
            "med": 211.561467,
            "max": 1883.859958,
            "p(90)": 452.33891919999996,
            "p(95)": 514.9526055999997,
            "avg": 248.89725649564127
        },
        "http_req_sending": {
            "p(90)": 0.004773,
            "p(95)": 0.005397,
            "avg": 0.0035367283204655146,
            "min": 0.001891,
            "med": 0.003174,
            "max": 0.249553
        },
        "http_req_failed": {
            "fails": 80352,
            "passes": 81,
            "value": 0.0010070493454179255
        },
        "http_req_duration": {
            "med": 211.495169,
            "max": 1883.821695,
            "p(90)": 452.28741320000006,
            "p(95)": 514.7977928,
            "avg": 248.80076539562006,
            "min": 2.827036
        },
        "data_received": {
            "count": 1281726043,
            "rate": 11651912.093242902
        },
        "iterations": {
            "count": 80433,
            "rate": 731.2001269804941
        },
        "http_req_tls_handshaking": {
            "avg": 0,
            "min": 0,
            "med": 0,
            "max": 0,
            "p(90)": 0,
            "p(95)": 0
        },
        "vus_max": {
            "value": 200,
            "min": 200,
            "max": 200
        },
        "http_req_receiving": {
            "p(90)": 432.0997046,
            "p(95)": 494.1331086,
            "avg": 228.8942759720378,
            "min": 0.004924,
            "med": 189.981695,
            "max": 1864.525906
        },
        "vus": {
            "value": 1,
            "min": 1,
            "max": 200
        },
        "http_req_waiting": {
            "max": 899.127215,
            "p(90)": 24.263009400000016,
            "p(95)": 56.039426999999996,
            "avg": 19.902952695262012,
            "min": 2.348611,
            "med": 17.040194
        },
        "http_reqs": {
            "count": 80433,
            "rate": 731.2001269804941
        },
        "http_req_connecting": {
            "p(95)": 0,
            "avg": 0.05771725376400234,
            "min": 0,
            "med": 0,
            "max": 1021.573122,
            "p(90)": 0
        },
        "http_req_blocked": {
            "p(95)": 0.001111,
            "avg": 0.05841927574502542,
            "min": 0.000364,
            "med": 0.000545,
            "max": 1021.593998,
            "p(90)": 0.000973
        },
        "data_sent": {
            "count": 8657060,
            "rate": 78699.58066064621
        }
    }
}