{
    "root_group": {
        "name": "",
        "path": "",
        "id": "d41d8cd98f00b204e9800998ecf8427e",
        "groups": {},
        "checks": {}
    },
    "metrics": {
        "iterations": {
            "count": 80430,
            "rate": 731.150002103068
        },
        "vus_max": {
            "value": 200,
            "min": 200,
            "max": 200
        },
        "http_req_failed": {
            "fails": 80349,
            "passes": 81,
            "value": 0.0010070869078701978
        },
        "http_req_duration": {
            "avg": 248.7941413845807,
            "min": 2.366451,
            "med": 211.27472999999998,
            "max": 2046.999837,
            "p(90)": 451.7763779,
            "p(95)": 515.9433614000001
        },
        "http_req_tls_handshaking": {
            "min": 0,
            "med": 0,
            "max": 0,
            "p(90)": 0,
            "p(95)": 0,
            "avg": 0
        },
        "http_req_sending": {
            "avg": 0.0038536538107671343,
            "min": 0.001942,
            "med": 0.003442,
            "max": 0.244441,
            "p(90)": 0.005025,
            "p(95)": 0.005703
        },
        "data_sent": {
            "count": 8656741,
            "rate": 78694.22106621553
        },
        "vus": {
            "value": 1,
            "min": 1,
            "max": 200
        },
        "http_req_waiting": {
            "avg": 19.873191200099797,
            "min": 1.78774,
            "med": 17.048809,
            "max": 938.107129,
            "p(90)": 22.925058800000105,
            "p(95)": 56.31616530000006
        },
        "http_req_connecting": {
            "avg": 0.05960489393261222,
            "min": 0,
            "med": 0,
            "max": 1033.405459,
            "p(90)": 0,
            "p(95)": 0
        },
        "http_req_receiving": {
            "min": 0.005743,
            "med": 189.85018100000002,
            "max": 2027.651226,
            "p(90)": 430.4459537000001,
            "p(95)": 495.11948595000007,
            "avg": 228.91709653067318
        },
        "http_reqs": {
            "rate": 731.150002103068,
            "count": 80430
        },
        "http_req_duration{expected_response:true}": {
            "p(90)": 451.83167799999995,
            "p(95)": 515.9940681999997,
            "avg": 248.99406357522588,
            "min": 2.366451,
            "med": 211.400402,
            "max": 2046.999837
        },
        "iteration_duration": {
            "max": 2047.03355,
            "p(90)": 451.84479220000003,
            "p(95)": 516.0288585000001,
            "avg": 248.89533372884614,
            "min": 2.391624,
            "med": 211.315178
        },
        "http_req_blocked": {
            "avg": 0.06036750028596001,
            "min": 0.000373,
            "med": 0.000595,
            "max": 1033.433289,
            "p(90)": 0.00099,
            "p(95)": 0.001149
        },
        "data_received": {
            "count": 1281655046,
            "rate": 11650902.518690882
        }
    }
}