{
    "root_group": {
        "groups": {},
        "checks": {},
        "name": "",
        "path": "",
        "id": "d41d8cd98f00b204e9800998ecf8427e"
    },
    "metrics": {
        "http_req_blocked": {
            "min": 0.000354,
            "med": 0.000545,
            "max": 2025.800347,
            "p(90)": 0.000975,
            "p(95)": 0.001107,
            "avg": 0.04751453011838282
        },
        "http_req_sending": {
            "avg": 0.003516777295563074,
            "min": 0.001935,
            "med": 0.003159,
            "max": 0.237801,
            "p(90)": 0.004748,
            "p(95)": 0.005366
        },
        "vus": {
            "value": 1,
            "min": 1,
            "max": 200
        },
        "data_sent": {
            "count": 8655238,
            "rate": 78682.90444178326
        },
        "http_req_connecting": {
            "p(90)": 0,
            "p(95)": 0,
            "avg": 0.04680715225825706,
            "min": 0,
            "med": 0,
            "max": 2025.777796
        },
        "http_reqs": {
            "count": 80416,
            "rate": 731.0445355275549
        },
        "http_req_receiving": {
            "p(95)": 494.602175,
            "avg": 228.81296740381316,
            "min": 0.00531,
            "med": 189.38347149999998,
            "max": 2224.302633,
            "p(90)": 430.28829199999996
        },
        "iterations": {
            "count": 80416,
            "rate": 731.0445355275549
        },
        "http_req_duration": {
            "max": 2235.257213,
            "p(90)": 451.10287600000004,
            "p(95)": 515.82579225,
            "avg": 248.87129148398495,
            "min": 2.682807,
            "med": 210.983712
        },
        "http_req_duration{expected_response:true}": {
            "avg": 249.09406776712686,
            "min": 2.682807,
            "med": 211.252258,
            "max": 2235.257213,
            "p(90)": 451.200536,
            "p(95)": 515.8643294000001
        },
        "iteration_duration": {
            "avg": 248.9566414557172,
            "min": 2.719568,
            "med": 211.072474,
            "max": 2254.064564,
            "p(90)": 451.1779565,
            "p(95)": 515.883928
        },
        "http_req_waiting": {
            "max": 832.076556,
            "p(90)": 27.3626735,
            "p(95)": 57.0697525,
            "avg": 20.05480730287494,
            "min": 1.999085,
            "med": 17.0043345
        },
        "vus_max": {
            "value": 200,
            "min": 200,
            "max": 200
        },
        "http_req_tls_handshaking": {
            "med": 0,
            "max": 0,
            "p(90)": 0,
            "p(95)": 0,
            "avg": 0,
            "min": 0
        },
        "http_req_failed": {
            "passes": 81,
            "fails": 80335,
            "value": 0.0010072622363708715
        },
        "data_received": {
            "count": 1281451792,
            "rate": 11649402.234425895
        }
    }
}