{
    "metrics": {
        "http_req_receiving": {
            "max": 2433.76326,
            "p(90)": 429.60107949999997,
            "p(95)": 493.26231725,
            "avg": 229.01083795987063,
            "min": 0.004883,
            "med": 191.049797
        },
        "http_req_failed": {
            "passes": 81,
            "fails": 80315,
            "value": 0.0010075128115826658
        },
        "http_req_tls_handshaking": {
            "max": 0,
            "p(90)": 0,
            "p(95)": 0,
            "avg": 0,
            "min": 0,
            "med": 0
        },
        "http_req_duration{expected_response:true}": {
            "med": 212.127807,
            "max": 2448.722898,
            "p(90)": 450.4895318000006,
            "p(95)": 513.3750765999999,
            "avg": 249.13958879632582,
            "min": 3.193162
        },
        "vus": {
            "max": 200,
            "value": 1,
            "min": 1
        },
        "vus_max": {
            "value": 200,
            "min": 200,
            "max": 200
        },
        "http_req_duration": {
            "p(90)": 450.356455,
            "p(95)": 513.2453399999999,
            "avg": 248.91981799924002,
            "min": 3.193162,
            "med": 211.944242,
            "max": 2448.722898
        },
        "data_received": {
            "count": 1281139484,
            "rate": 11646335.498494262
        },
        "http_req_connecting": {
            "min": 0,
            "med": 0,
            "max": 1011.871248,
            "p(90)": 0,
            "p(95)": 0,
            "avg": 0.031025809443255874
        },
        "http_req_waiting": {
            "avg": 19.905073576521193,
            "min": 2.320464,
            "med": 17.041013,
            "max": 747.257021,
            "p(90)": 23.422699,
            "p(95)": 56.113023
        },
        "http_req_blocked": {
            "p(95)": 0.00117325,
            "avg": 0.031803218257125496,
            "min": 0.000369,
            "med": 0.000599,
            "max": 1011.903698,
            "p(90)": 0.001006
        },
        "data_sent": {
            "rate": 78661.86737374196,
            "count": 8653093
        },
        "http_reqs": {
            "count": 80396,
            "rate": 730.8484364353137
        },
        "http_req_sending": {
            "max": 0.127794,
            "p(90)": 0.005105,
            "p(95)": 0.005799,
            "avg": 0.003906462846410274,
            "min": 0.002014,
            "med": 0.003473
        },
        "iteration_duration": {
            "p(90)": 450.42983300000003,
            "p(95)": 513.3620355,
            "avg": 248.9928929285398,
            "min": 3.226942,
            "med": 212.009309,
            "max": 2448.757544
        },
        "iterations": {
            "rate": 730.8484364353137,
            "count": 80396
        }
    },
    "root_group": {
        "path": "",
        "id": "d41d8cd98f00b204e9800998ecf8427e",
        "groups": {},
        "checks": {},
        "name": ""
    }
}