{
    "root_group": {
        "id": "d41d8cd98f00b204e9800998ecf8427e",
        "groups": {},
        "checks": {},
        "name": "",
        "path": ""
    },
    "metrics": {
        "vus": {
            "value": 1,
            "min": 1,
            "max": 200
        },
        "http_req_tls_handshaking": {
            "p(90)": 0,
            "p(95)": 0,
            "avg": 0,
            "min": 0,
            "med": 0,
            "max": 0
        },
        "iterations": {
            "count": 80417,
            "rate": 731.0346542754572
        },
        "http_req_connecting": {
            "max": 1008.505891,
            "p(90)": 0,
            "p(95)": 0,
            "avg": 0.030240748274618545,
            "min": 0,
            "med": 0
        },
        "vus_max": {
            "value": 200,
            "min": 200,
            "max": 200
        },
        "http_req_duration": {
            "avg": 248.88492123020072,
            "min": 2.948016,
            "med": 211.973117,
            "max": 2302.899001,
            "p(90)": 450.3454602000001,
            "p(95)": 513.848296
        },
        "data_sent": {
            "rate": 78681.84427104297,
            "count": 8655346
        },
        "http_req_waiting": {
            "p(90)": 23.127649400000212,
            "p(95)": 55.9119936,
            "avg": 19.82747761302958,
            "min": 2.457887,
            "med": 17.012537,
            "max": 798.391552
        },
        "http_req_duration{expected_response:true}": {
            "med": 212.09772099999998,
            "max": 2302.899001,
            "p(90)": 450.4354785,
            "p(95)": 513.91256975,
            "avg": 249.09454039073455,
            "min": 2.948016
        },
        "http_req_blocked": {
            "avg": 0.03101450134921572,
            "min": 0.00037,
            "med": 0.000598,
            "max": 1008.530638,
            "p(90)": 0.000997,
            "p(95)": 0.001162
        },
        "http_req_failed": {
            "passes": 81,
            "fails": 80336,
            "value": 0.0010072497108820275
        },
        "http_reqs": {
            "count": 80417,
            "rate": 731.0346542754572
        },
        "iteration_duration": {
            "min": 2.985888,
            "med": 212.016012,
            "max": 2302.957145,
            "p(90)": 450.3931856000001,
            "p(95)": 513.9284624,
            "avg": 248.95717478610192
        },
        "http_req_sending": {
            "avg": 0.0038996136886479374,
            "min": 0.00202,
            "med": 0.003479,
            "max": 0.221614,
            "p(90)": 0.00508,
            "p(95)": 0.005753199999999997
        },
        "http_req_receiving": {
            "max": 2284.097132,
            "p(90)": 429.73952120000007,
            "p(95)": 493.830148,
            "avg": 229.053544003479,
            "min": 0.005407,
            "med": 190.619621
        },
        "data_received": {
            "count": 1281465653,
            "rate": 11649225.917489188
        }
    }
}