{
    "metrics": {
        "http_req_duration": {
            "avg": 19.09093870160923,
            "min": 0.8002,
            "med": 18.532873,
            "max": 1143.802174,
            "p(90)": 22.4188964,
            "p(95)": 25.831127699999964
        },
        "data_sent": {
            "count": 112513883,
            "rate": 1022840.6904514636
        },
        "iteration_duration": {
            "avg": 19.13003048192415,
            "min": 0.827861,
            "med": 18.572397,
            "max": 1143.84159,
            "p(90)": 22.4591732,
            "p(95)": 25.877371299999986
        },
        "http_req_receiving": {
            "max": 2.515984,
            "p(90)": 0.014729,
            "p(95)": 0.021144,
            "avg": 0.009053018028118464,
            "min": 0.002941,
            "med": 0.00716
        },
        "vus_max": {
            "value": 200,
            "min": 200,
            "max": 200
        },
        "http_req_connecting": {
            "avg": 0.0005331511564837984,
            "min": 0,
            "med": 0,
            "max": 0.973262,
            "p(90)": 0,
            "p(95)": 0
        },
        "http_reqs": {
            "count": 1045367,
            "rate": 9503.217518989857
        },
        "iterations": {
            "count": 1045367,
            "rate": 9503.217518989857
        },
        "http_req_sending": {
            "med": 0.002936,
            "max": 2.03739,
            "p(90)": 0.004446,
            "p(95)": 0.00528,
            "avg": 0.0034407672405959173,
            "min": 0.00196
        },
        "http_req_waiting": {
            "med": 18.520678,
            "max": 1143.788152,
            "p(90)": 22.4058134,
            "p(95)": 25.816533399999994,
            "avg": 19.078444916341418,
            "min": 0.786136
        },
        "http_req_failed": {
            "fails": 0,
            "passes": 1045367,
            "value": 1
        },
        "http_req_blocked": {
            "med": 0.000555,
            "max": 1.103021,
            "p(90)": 0.000873,
            "p(95)": 0.001083,
            "avg": 0.001238467722819308,
            "min": 0.000365
        },
        "vus": {
            "value": 1,
            "min": 1,
            "max": 200
        },
        "http_req_tls_handshaking": {
            "avg": 0,
            "min": 0,
            "med": 0,
            "max": 0,
            "p(90)": 0,
            "p(95)": 0
        },
        "data_received": {
            "count": 124393998,
            "rate": 1130840.3852912798
        }
    },
    "root_group": {
        "name": "",
        "path": "",
        "id": "d41d8cd98f00b204e9800998ecf8427e",
        "groups": {},
        "checks": {}
    }
}