{
    "metrics": {
        "vus": {
            "value": 1,
            "min": 1,
            "max": 200
        },
        "data_received": {
            "count": 125830496,
            "rate": 1143906.1882158406
        },
        "http_req_blocked": {
            "min": 0.000348,
            "med": 0.000527,
            "max": 1.734731,
            "p(90)": 0.000825,
            "p(95)": 0.001025,
            "avg": 0.0011977556833069009
        },
        "http_req_receiving": {
            "avg": 0.008596553641392179,
            "min": 0.002907,
            "med": 0.006616,
            "max": 2.906512,
            "p(90)": 0.014635,
            "p(95)": 0.020807
        },
        "http_reqs": {
            "count": 1057439,
            "rate": 9613.019531932627
        },
        "vus_max": {
            "max": 200,
            "value": 200,
            "min": 200
        },
        "http_req_waiting": {
            "p(90)": 21.764874,
            "p(95)": 25.044948299999998,
            "avg": 18.862689732497525,
            "min": 0.791103,
            "med": 18.47205,
            "max": 1123.870787
        },
        "iteration_duration": {
            "p(95)": 25.0998748,
            "avg": 18.911956682020126,
            "min": 0.837898,
            "med": 18.521086,
            "max": 1123.921358,
            "p(90)": 21.815952799999998
        },
        "http_req_tls_handshaking": {
            "min": 0,
            "med": 0,
            "max": 0,
            "p(90)": 0,
            "p(95)": 0,
            "avg": 0
        },
        "http_req_connecting": {
            "p(95)": 0,
            "avg": 0.000523989115211374,
            "min": 0,
            "med": 0,
            "max": 1.711407,
            "p(90)": 0
        },
        "data_sent": {
            "count": 113813190,
            "rate": 1034658.6597066679
        },
        "http_req_failed": {
            "passes": 1057439,
            "fails": 0,
            "value": 1
        },
        "http_req_duration": {
            "avg": 18.874522545407455,
            "min": 0.802446,
            "med": 18.483903,
            "max": 1123.884185,
            "p(90)": 21.777713000000002,
            "p(95)": 25.0567267
        },
        "http_req_sending": {
            "avg": 0.00323625926791052,
            "min": 0.001788,
            "med": 0.002764,
            "max": 2.968737,
            "p(90)": 0.00411,
            "p(95)": 0.004904
        },
        "iterations": {
            "count": 1057439,
            "rate": 9613.019531932627
        }
    },
    "root_group": {
        "name": "",
        "path": "",
        "id": "d41d8cd98f00b204e9800998ecf8427e",
        "groups": {},
        "checks": {}
    }
}