{
    "metrics": {
        "data_sent": {
            "count": 8653201,
            "rate": 78663.7249113133
        },
        "vus_max": {
            "min": 200,
            "max": 200,
            "value": 200
        },
        "data_received": {
            "count": 1281166011,
            "rate": 11646706.306143656
        },
        "http_req_waiting": {
            "med": 17.05229,
            "max": 826.997022,
            "p(90)": 25.790077200000084,
            "p(95)": 56.60597339999997,
            "avg": 19.931082010821317,
            "min": 2.512067
        },
        "http_req_blocked": {
            "max": 1015.412617,
            "p(90)": 0.001015,
            "p(95)": 0.001192,
            "avg": 0.03175984552906092,
            "min": 0.000372,
            "med": 0.000602
        },
        "http_req_duration": {
            "p(90)": 453.61350580000004,
            "p(95)": 516.5548956,
            "avg": 248.92724749228123,
            "min": 3.273104,
            "med": 210.231094,
            "max": 2345.65132
        },
        "http_req_failed": {
            "passes": 81,
            "fails": 80316,
            "value": 0.0010075002798611888
        },
        "iteration_duration": {
            "p(95)": 516.5981826,
            "avg": 249.0003501518981,
            "min": 3.318425,
            "med": 210.288284,
            "max": 2345.6905,
            "p(90)": 453.68678360000007
        },
        "http_reqs": {
            "count": 80397,
            "rate": 730.8656636653715
        },
        "http_req_connecting": {
            "min": 0,
            "med": 0,
            "max": 1015.388403,
            "p(90)": 0,
            "p(95)": 0,
            "avg": 0.030976300073385823
        },
        "http_req_receiving": {
            "med": 189.124234,
            "max": 2309.750868,
            "p(90)": 433.02637900000025,
            "p(95)": 496.50101679999995,
            "avg": 228.9922393272281,
            "min": 0.005157
        },
        "iterations": {
            "rate": 730.8656636653715,
            "count": 80397
        },
        "vus": {
            "value": 1,
            "min": 1,
            "max": 200
        },
        "http_req_duration{expected_response:true}": {
            "p(90)": 453.72937950000005,
            "p(95)": 516.6018215,
            "avg": 249.15107772980392,
            "min": 3.273104,
            "med": 210.43380100000002,
            "max": 2345.65132
        },
        "http_req_tls_handshaking": {
            "med": 0,
            "max": 0,
            "p(90)": 0,
            "p(95)": 0,
            "avg": 0,
            "min": 0
        },
        "http_req_sending": {
            "p(95)": 0.005847199999999997,
            "avg": 0.003926154234610721,
            "min": 0.001873,
            "med": 0.003491,
            "max": 0.394616,
            "p(90)": 0.005139400000000008
        }
    },
    "root_group": {
        "groups": {},
        "checks": {},
        "name": "",
        "path": "",
        "id": "d41d8cd98f00b204e9800998ecf8427e"
    }
}