{
    "root_group": {
        "id": "d41d8cd98f00b204e9800998ecf8427e",
        "groups": {},
        "checks": {},
        "name": "",
        "path": ""
    },
    "metrics": {
        "http_req_connecting": {
            "avg": 0.04577175802981882,
            "min": 0,
            "med": 0,
            "max": 1029.226409,
            "p(90)": 0,
            "p(95)": 0
        },
        "http_req_sending": {
            "avg": 0.003852464740919404,
            "min": 0.001939,
            "med": 0.003447,
            "max": 0.345788,
            "p(90)": 0.005042,
            "p(95)": 0.005706
        },
        "data_sent": {
            "count": 8655562,
            "rate": 78684.51071331893
        },
        "http_reqs": {
            "count": 80419,
            "rate": 731.0593658799273
        },
        "iterations": {
            "count": 80419,
            "rate": 731.0593658799273
        },
        "http_req_blocked": {
            "min": 0.000374,
            "med": 0.000595,
            "max": 1029.253558,
            "p(90)": 0.000991,
            "p(95)": 0.001155,
            "avg": 0.04653878868177779
        },
        "http_req_waiting": {
            "avg": 19.888132658140577,
            "min": 2.649467,
            "med": 17.018388,
            "max": 830.465915,
            "p(90)": 22.61002039999998,
            "p(95)": 56.176869599999904
        },
        "http_req_duration{expected_response:true}": {
            "min": 3.211298,
            "med": 211.53000350000002,
            "max": 2328.8134,
            "p(90)": 452.1670474,
            "p(95)": 515.7533081,
            "avg": 249.04216572915772
        },
        "http_req_failed": {
            "passes": 81,
            "fails": 80338,
            "value": 0.0010072246608388564
        },
        "vus_max": {
            "value": 200,
            "min": 200,
            "max": 200
        },
        "iteration_duration": {
            "med": 211.436249,
            "max": 2328.871179,
            "p(90)": 452.17533660000004,
            "p(95)": 515.7814040999999,
            "avg": 248.91987266761362,
            "min": 3.240808
        },
        "http_req_tls_handshaking": {
            "max": 0,
            "p(90)": 0,
            "p(95)": 0,
            "avg": 0,
            "min": 0,
            "med": 0
        },
        "http_req_duration": {
            "avg": 248.8324964382182,
            "min": 3.211298,
            "med": 211.373601,
            "max": 2328.8134,
            "p(90)": 452.12900060000004,
            "p(95)": 515.7212927999998
        },
        "http_req_receiving": {
            "avg": 228.94051131533783,
            "min": 0.005833,
            "med": 189.99184,
            "max": 2272.74688,
            "p(90)": 431.307122,
            "p(95)": 494.57103079999956
        },
        "data_received": {
            "count": 1281486954,
            "rate": 11649523.619724687
        },
        "vus": {
            "max": 200,
            "value": 1,
            "min": 1
        }
    }
}