{
    "root_group": {
        "path": "",
        "id": "d41d8cd98f00b204e9800998ecf8427e",
        "groups": {},
        "checks": {},
        "name": ""
    },
    "metrics": {
        "http_req_failed": {
            "fails": 0,
            "passes": 1028616,
            "value": 1
        },
        "iteration_duration": {
            "avg": 19.441656907334753,
            "min": 0.842346,
            "med": 18.8782435,
            "max": 1104.396282,
            "p(90)": 22.648885,
            "p(95)": 27.376772000000003
        },
        "http_req_waiting": {
            "p(95)": 27.3226555,
            "avg": 19.38983654055257,
            "min": 0.803099,
            "med": 18.8269065,
            "max": 1104.350054,
            "p(90)": 22.594269500000003
        },
        "http_req_connecting": {
            "med": 0,
            "max": 1.672034,
            "p(90)": 0,
            "p(95)": 0,
            "avg": 0.0005321102996647927,
            "min": 0
        },
        "http_req_tls_handshaking": {
            "avg": 0,
            "min": 0,
            "med": 0,
            "max": 0,
            "p(90)": 0,
            "p(95)": 0
        },
        "http_req_sending": {
            "p(90)": 0.004425,
            "p(95)": 0.005278,
            "avg": 0.00344942660623616,
            "min": 0.001949,
            "med": 0.002928,
            "max": 2.502349
        },
        "data_received": {
            "count": 122400724,
            "rate": 1112717.7312048357
        },
        "iterations": {
            "count": 1028616,
            "rate": 9350.919050127459
        },
        "data_sent": {
            "count": 110710980,
            "rate": 1006448.8710464159
        },
        "http_req_receiving": {
            "min": 0.003052,
            "med": 0.007162,
            "max": 3.729303,
            "p(90)": 0.014849,
            "p(95)": 0.021273,
            "avg": 0.00914995041784285
        },
        "vus_max": {
            "value": 200,
            "min": 200,
            "max": 200
        },
        "http_reqs": {
            "rate": 9350.919050127459,
            "count": 1028616
        },
        "http_req_duration": {
            "avg": 19.402435917576167,
            "min": 0.812108,
            "med": 18.8392075,
            "max": 1104.359458,
            "p(90)": 22.607202,
            "p(95)": 27.3350695
        },
        "vus": {
            "value": 1,
            "min": 1,
            "max": 200
        },
        "http_req_blocked": {
            "med": 0.000555,
            "max": 1.771887,
            "p(90)": 0.000872,
            "p(95)": 0.001084,
            "avg": 0.0012403540854899755,
            "min": 0.00038
        }
    }
}