{
    "metrics": {
        "http_req_receiving": {
            "p(95)": 494.88916900000004,
            "avg": 228.8889906942045,
            "min": 0.005612,
            "med": 189.6061485,
            "max": 2552.253644,
            "p(90)": 431.3021140000001
        },
        "iteration_duration": {
            "p(95)": 515.83853515,
            "avg": 248.94764631211495,
            "min": 2.969418,
            "med": 211.203281,
            "max": 2568.797141,
            "p(90)": 452.3480593000001
        },
        "http_req_duration": {
            "med": 211.114444,
            "max": 2568.730536,
            "p(90)": 452.29673190000005,
            "p(95)": 515.77542715,
            "avg": 248.85180956732512,
            "min": 2.940949
        },
        "http_req_blocked": {
            "max": 1027.633856,
            "p(90)": 0.000999,
            "p(95)": 0.001165,
            "avg": 0.054606443571248754,
            "min": 0.000371,
            "med": 0.0006
        },
        "http_req_tls_handshaking": {
            "avg": 0,
            "min": 0,
            "med": 0,
            "max": 0,
            "p(90)": 0,
            "p(95)": 0
        },
        "data_received": {
            "count": 1281473686,
            "rate": 11649416.058228798
        },
        "http_req_failed": {
            "fails": 80339,
            "passes": 81,
            "value": 0.0010072121362845064
        },
        "http_reqs": {
            "count": 80420,
            "rate": 731.0692756610845
        },
        "http_req_waiting": {
            "min": 2.308616,
            "med": 17.047673,
            "max": 1208.335206,
            "p(90)": 22.7800126000001,
            "p(95)": 56.2265549500001,
            "avg": 19.95890574038782
        },
        "iterations": {
            "count": 80420,
            "rate": 731.0692756610845
        },
        "http_req_duration{expected_response:true}": {
            "avg": 249.06396088764222,
            "min": 2.940949,
            "med": 211.389686,
            "max": 2568.730536,
            "p(90)": 452.34288239999995,
            "p(95)": 515.7995296999999
        },
        "http_req_sending": {
            "avg": 0.003913132728177083,
            "min": 0.001958,
            "med": 0.003485,
            "max": 0.20119,
            "p(90)": 0.005125,
            "p(95)": 0.005808050000000003
        },
        "data_sent": {
            "rate": 78685.5806672641,
            "count": 8655670
        },
        "vus": {
            "min": 1,
            "max": 200,
            "value": 1
        },
        "vus_max": {
            "value": 200,
            "min": 200,
            "max": 200
        },
        "http_req_connecting": {
            "max": 1027.608431,
            "p(90)": 0,
            "p(95)": 0,
            "avg": 0.053836344441681186,
            "min": 0,
            "med": 0
        }
    },
    "root_group": {
        "path": "",
        "id": "d41d8cd98f00b204e9800998ecf8427e",
        "groups": {},
        "checks": {},
        "name": ""
    }
}