{
    "root_group": {
        "id": "d41d8cd98f00b204e9800998ecf8427e",
        "groups": {},
        "checks": {},
        "name": "",
        "path": ""
    },
    "metrics": {
        "http_req_connecting": {
            "p(95)": 0,
            "avg": 0.0005276955858739701,
            "min": 0,
            "med": 0,
            "max": 1.600646,
            "p(90)": 0
        },
        "iteration_duration": {
            "p(95)": 24.333304199999986,
            "avg": 18.789183330850747,
            "min": 0.810439,
            "med": 18.430512,
            "max": 1137.27974,
            "p(90)": 21.4992722
        },
        "vus_max": {
            "value": 200,
            "min": 200,
            "max": 200
        },
        "http_req_receiving": {
            "p(90)": 0.014546,
            "p(95)": 0.020929,
            "avg": 0.008997820088262042,
            "min": 0.003126,
            "med": 0.007129,
            "max": 6.74318
        },
        "data_received": {
            "count": 126650842,
            "rate": 1151360.342791062
        },
        "http_reqs": {
            "rate": 9675.662540986812,
            "count": 1064333
        },
        "http_req_sending": {
            "p(95)": 0.0052,
            "avg": 0.0034336832551467166,
            "min": 0.001913,
            "med": 0.002929,
            "max": 7.275572,
            "p(90)": 0.004398
        },
        "iterations": {
            "count": 1064333,
            "rate": 9675.662540986812
        },
        "vus": {
            "max": 200,
            "value": 1,
            "min": 1
        },
        "http_req_failed": {
            "passes": 1064333,
            "fails": 0,
            "value": 1
        },
        "http_req_tls_handshaking": {
            "avg": 0,
            "min": 0,
            "med": 0,
            "max": 0,
            "p(90)": 0,
            "p(95)": 0
        },
        "http_req_duration": {
            "p(90)": 21.459298,
            "p(95)": 24.285590199999998,
            "avg": 18.750106443735223,
            "min": 0.780783,
            "med": 18.391073,
            "max": 1137.251212
        },
        "http_req_waiting": {
            "min": 0.772103,
            "med": 18.378823,
            "max": 1137.23978,
            "p(90)": 21.447305200000002,
            "p(95)": 24.272825999999995,
            "avg": 18.73767494039225
        },
        "data_sent": {
            "rate": 1041401.142922554,
            "count": 114555215
        },
        "http_req_blocked": {
            "p(90)": 0.000871,
            "p(95)": 0.001078,
            "avg": 0.0012358530018335026,
            "min": 0.000381,
            "med": 0.000557,
            "max": 1.624494
        }
    }
}