{
    "root_group": {
        "groups": {},
        "checks": {},
        "name": "",
        "path": "",
        "id": "d41d8cd98f00b204e9800998ecf8427e"
    },
    "metrics": {
        "http_req_connecting": {
            "p(90)": 0,
            "p(95)": 0,
            "avg": 0.0005291200781176099,
            "min": 0,
            "med": 0,
            "max": 5.243275
        },
        "iteration_duration": {
            "min": 0.834285,
            "med": 18.505584,
            "max": 1093.486418,
            "p(90)": 21.5689002,
            "p(95)": 25.380765199999995,
            "avg": 19.107135700461054
        },
        "data_received": {
            "count": 124543933,
            "rate": 1132208.0176738563
        },
        "iterations": {
            "count": 1046627,
            "rate": 9514.710611507147
        },
        "http_req_blocked": {
            "avg": 0.001239228632550482,
            "min": 0.000378,
            "med": 0.000556,
            "max": 5.279643,
            "p(90)": 0.000873,
            "p(95)": 0.001079
        },
        "http_reqs": {
            "count": 1046627,
            "rate": 9514.710611507147
        },
        "http_req_sending": {
            "med": 0.002926,
            "max": 0.946333,
            "p(90)": 0.004408,
            "p(95)": 0.005218,
            "avg": 0.003431317491331786,
            "min": 0.001957
        },
        "http_req_failed": {
            "fails": 0,
            "passes": 1046627,
            "value": 1
        },
        "http_req_waiting": {
            "med": 18.4541,
            "max": 1093.438566,
            "p(90)": 21.5147282,
            "p(95)": 25.3146328,
            "avg": 19.05540822501523,
            "min": 0.790533
        },
        "data_sent": {
            "count": 112649526,
            "rate": 1024077.9574895835
        },
        "vus": {
            "value": 1,
            "min": 1,
            "max": 200
        },
        "http_req_tls_handshaking": {
            "avg": 0,
            "min": 0,
            "med": 0,
            "max": 0,
            "p(90)": 0,
            "p(95)": 0
        },
        "vus_max": {
            "value": 200,
            "min": 200,
            "max": 200
        },
        "http_req_duration": {
            "avg": 19.06796381225229,
            "min": 0.804188,
            "med": 18.466649,
            "max": 1093.450378,
            "p(90)": 21.5279898,
            "p(95)": 25.330698999999992
        },
        "http_req_receiving": {
            "p(95)": 0.021323,
            "avg": 0.009124269744617901,
            "min": 0.002874,
            "med": 0.007142,
            "max": 8.902153,
            "p(90)": 0.014786400000000024
        }
    }
}