{
    "root_group": {
        "name": "",
        "path": "",
        "id": "d41d8cd98f00b204e9800998ecf8427e",
        "groups": {},
        "checks": {}
    },
    "metrics": {
        "vus": {
            "min": 1,
            "max": 200,
            "value": 1
        },
        "http_req_connecting": {
            "avg": 0.0005234279248707394,
            "min": 0,
            "med": 0,
            "max": 1.428605,
            "p(90)": 0,
            "p(95)": 0
        },
        "http_req_sending": {
            "p(95)": 0.004975,
            "avg": 0.0032632770028412817,
            "min": 0.001816,
            "med": 0.002775,
            "max": 1.488145,
            "p(90)": 0.004145
        },
        "http_req_duration": {
            "p(90)": 21.679999,
            "p(95)": 24.7328215,
            "avg": 18.94518583199351,
            "min": 0.797401,
            "med": 18.579095,
            "max": 1097.695125
        },
        "http_req_receiving": {
            "avg": 0.008614093629656209,
            "min": 0.002717,
            "med": 0.006617,
            "max": 10.541578,
            "p(90)": 0.014557,
            "p(95)": 0.020755
        },
        "http_req_blocked": {
            "avg": 0.0011989476170184078,
            "min": 0.000348,
            "med": 0.000526,
            "max": 1.516884,
            "p(90)": 0.000832,
            "p(95)": 0.001039
        },
        "http_req_waiting": {
            "p(95)": 24.72137,
            "avg": 18.933308461360397,
            "min": 0.788016,
            "med": 18.567493,
            "max": 1097.685762,
            "p(90)": 21.66789
        },
        "vus_max": {
            "value": 200,
            "min": 200,
            "max": 200
        },
        "http_req_tls_handshaking": {
            "avg": 0,
            "min": 0,
            "med": 0,
            "max": 0,
            "p(90)": 0,
            "p(95)": 0
        },
        "iterations": {
            "rate": 9577.101074489798,
            "count": 1053491
        },
        "data_received": {
            "count": 125360709,
            "rate": 1139632.1191758667
        },
        "data_sent": {
            "count": 113388277,
            "rate": 1030792.8491949593
        },
        "iteration_duration": {
            "p(90)": 21.718856,
            "p(95)": 24.778537,
            "avg": 18.98275374866333,
            "min": 0.826725,
            "med": 18.616477,
            "max": 1097.726566
        },
        "http_req_failed": {
            "passes": 1053491,
            "fails": 0,
            "value": 1
        },
        "http_reqs": {
            "count": 1053491,
            "rate": 9577.101074489798
        }
    }
}