{
    "root_group": {
        "name": "",
        "path": "",
        "id": "d41d8cd98f00b204e9800998ecf8427e",
        "groups": {},
        "checks": {}
    },
    "metrics": {
        "iterations": {
            "count": 1063532,
            "rate": 9668.200595112185
        },
        "http_req_duration": {
            "avg": 18.76600781052778,
            "min": 0.746515,
            "med": 18.3453295,
            "max": 1126.585602,
            "p(90)": 21.5051272,
            "p(95)": 24.346894799999998
        },
        "http_req_tls_handshaking": {
            "p(95)": 0,
            "avg": 0,
            "min": 0,
            "med": 0,
            "max": 0,
            "p(90)": 0
        },
        "http_req_waiting": {
            "p(90)": 21.4927937,
            "p(95)": 24.334655549999997,
            "avg": 18.75429771808243,
            "min": 0.739157,
            "med": 18.3336845,
            "max": 1126.576746
        },
        "http_reqs": {
            "count": 1063532,
            "rate": 9668.200595112185
        },
        "http_req_connecting": {
            "p(90)": 0,
            "p(95)": 0,
            "avg": 0.0005151256652362125,
            "min": 0,
            "med": 0,
            "max": 1.139028
        },
        "vus_max": {
            "value": 200,
            "min": 200,
            "max": 200
        },
        "http_req_receiving": {
            "p(90)": 0.013821900000000022,
            "p(95)": 0.020221,
            "avg": 0.008435837286513096,
            "min": 0.002563,
            "med": 0.006558,
            "max": 3.704718
        },
        "iteration_duration": {
            "avg": 18.803609810610844,
            "min": 0.775169,
            "med": 18.3826605,
            "max": 1126.61878,
            "p(90)": 21.5433168,
            "p(95)": 24.394142599999995
        },
        "http_req_blocked": {
            "p(95)": 0.001033,
            "avg": 0.0011878670364412053,
            "min": 0.000357,
            "med": 0.000523,
            "max": 1.834491,
            "p(90)": 0.000827
        },
        "http_req_sending": {
            "p(95)": 0.004937,
            "avg": 0.003274255158284066,
            "min": 0.00175,
            "med": 0.002771,
            "max": 3.270453,
            "p(90)": 0.004124
        },
        "vus": {
            "value": 1,
            "min": 1,
            "max": 200
        },
        "data_received": {
            "count": 126555558,
            "rate": 1150472.6902155785
        },
        "data_sent": {
            "count": 114469000,
            "rate": 1040597.982873949
        },
        "http_req_failed": {
            "passes": 1063532,
            "fails": 0,
            "value": 1
        }
    }
}