{
    "metrics": {
        "iterations": {
            "count": 80362,
            "rate": 730.5536495690602
        },
        "vus_max": {
            "value": 200,
            "min": 200,
            "max": 200
        },
        "http_req_duration{expected_response:true}": {
            "avg": 249.2470349335961,
            "min": 2.548339,
            "med": 211.639607,
            "max": 2099.040298,
            "p(90)": 451.815557,
            "p(95)": 515.615263
        },
        "http_req_receiving": {
            "p(95)": 494.72948925000003,
            "avg": 229.14010765227712,
            "min": 0.005367,
            "med": 190.4042415,
            "max": 2080.862895,
            "p(90)": 430.89594790000007
        },
        "http_req_duration": {
            "p(90)": 451.74631450000004,
            "p(95)": 515.5698985,
            "avg": 249.03316392053475,
            "min": 2.548339,
            "med": 211.4656095,
            "max": 2099.040298
        },
        "http_reqs": {
            "count": 80362,
            "rate": 730.5536495690602
        },
        "http_req_sending": {
            "p(95)": 0.005753,
            "avg": 0.003911662215972728,
            "min": 0.001957,
            "med": 0.00348,
            "max": 0.271889,
            "p(90)": 0.005069
        },
        "data_received": {
            "rate": 11641782.554821622,
            "count": 1280613587
        },
        "http_req_blocked": {
            "med": 0.0006,
            "max": 1010.395615,
            "p(90)": 0.001006,
            "p(95)": 0.001179,
            "avg": 0.030713196535675374,
            "min": 0.000374
        },
        "data_sent": {
            "count": 8649428,
            "rate": 78630.08874946886
        },
        "iteration_duration": {
            "min": 2.577185,
            "med": 211.532253,
            "max": 2099.077711,
            "p(90)": 451.80569390000016,
            "p(95)": 515.62577945,
            "avg": 249.10519345729347
        },
        "http_req_failed": {
            "passes": 81,
            "fails": 80281,
            "value": 0.0010079390756825364
        },
        "http_req_waiting": {
            "min": 1.903805,
            "med": 17.047058999999997,
            "max": 814.934775,
            "p(90)": 25.32932770000003,
            "p(95)": 56.11413964999999,
            "avg": 19.8891446060451
        },
        "vus": {
            "value": 1,
            "min": 1,
            "max": 200
        },
        "http_req_connecting": {
            "avg": 0.02993410976580971,
            "min": 0,
            "med": 0,
            "max": 1010.374403,
            "p(90)": 0,
            "p(95)": 0
        },
        "http_req_tls_handshaking": {
            "p(90)": 0,
            "p(95)": 0,
            "avg": 0,
            "min": 0,
            "med": 0,
            "max": 0
        }
    },
    "root_group": {
        "groups": {},
        "checks": {},
        "name": "",
        "path": "",
        "id": "d41d8cd98f00b204e9800998ecf8427e"
    }
}