{
    "root_group": {
        "id": "d41d8cd98f00b204e9800998ecf8427e",
        "groups": {},
        "checks": {},
        "name": "",
        "path": ""
    },
    "metrics": {
        "http_req_sending": {
            "min": 0.001982,
            "med": 0.003412,
            "max": 0.287028,
            "p(90)": 0.004987,
            "p(95)": 0.005643300000000002,
            "avg": 0.003820233671248235
        },
        "http_reqs": {
            "count": 80395,
            "rate": 730.8603806397639
        },
        "http_req_duration{expected_response:true}": {
            "avg": 249.09676027947762,
            "min": 2.75361,
            "med": 211.809461,
            "max": 2189.101934,
            "p(90)": 452.01075949999995,
            "p(95)": 515.2707210499996
        },
        "http_req_receiving": {
            "max": 2155.706468,
            "p(90)": 430.5476476,
            "p(95)": 494.12332740000005,
            "avg": 228.9016286212541,
            "min": 0.005261,
            "med": 189.857399
        },
        "vus_max": {
            "value": 200,
            "min": 200,
            "max": 200
        },
        "http_req_failed": {
            "passes": 81,
            "fails": 80314,
            "value": 0.0010075253436158966
        },
        "iterations": {
            "count": 80395,
            "rate": 730.8603806397639
        },
        "http_req_tls_handshaking": {
            "med": 0,
            "max": 0,
            "p(90)": 0,
            "p(95)": 0,
            "avg": 0,
            "min": 0
        },
        "data_received": {
            "count": 1281115031,
            "rate": 11646448.40101975
        },
        "http_req_blocked": {
            "p(95)": 0.001157300000000003,
            "avg": 0.05671316028359871,
            "min": 0.000376,
            "med": 0.000597,
            "max": 1019.545816,
            "p(90)": 0.000994
        },
        "data_sent": {
            "count": 8652985,
            "rate": 78663.14958355828
        },
        "http_req_waiting": {
            "p(95)": 55.899608000000015,
            "avg": 19.977691623073536,
            "min": 2.5001,
            "med": 17.056262,
            "max": 1652.03421,
            "p(90)": 21.520788000000014
        },
        "vus": {
            "min": 1,
            "max": 200,
            "value": 1
        },
        "http_req_duration": {
            "avg": 248.88314047800208,
            "min": 2.75361,
            "med": 211.626922,
            "max": 2189.101934,
            "p(90)": 451.9019004000001,
            "p(95)": 515.2139764000001
        },
        "iteration_duration": {
            "avg": 248.98017816343045,
            "min": 2.783413,
            "med": 211.679397,
            "max": 2189.143032,
            "p(90)": 451.9887024000001,
            "p(95)": 515.2836217
        },
        "http_req_connecting": {
            "avg": 0.055946423595994776,
            "min": 0,
            "med": 0,
            "max": 1019.524453,
            "p(90)": 0,
            "p(95)": 0
        }
    }
}