{
    "metrics": {
        "http_req_duration": {
            "p(90)": 21.8001858,
            "p(95)": 25.111562,
            "avg": 19.19035772758321,
            "min": 0.785025,
            "med": 18.633944,
            "max": 1087.93007
        },
        "data_sent": {
            "count": 111942367,
            "rate": 1017649.2384976369
        },
        "http_reqs": {
            "count": 1040057,
            "rate": 9454.983331236303
        },
        "http_req_tls_handshaking": {
            "p(95)": 0,
            "avg": 0,
            "min": 0,
            "med": 0,
            "max": 0,
            "p(90)": 0
        },
        "http_req_sending": {
            "med": 0.00276,
            "max": 1.171943,
            "p(90)": 0.004152,
            "p(95)": 0.005028,
            "avg": 0.003249575644411995,
            "min": 0.001819
        },
        "http_req_waiting": {
            "p(95)": 25.099558399999985,
            "avg": 19.178456170398814,
            "min": 0.771481,
            "med": 18.621877,
            "max": 1087.910631,
            "p(90)": 21.7874694
        },
        "http_req_receiving": {
            "p(95)": 0.020876,
            "avg": 0.008651981540434804,
            "min": 0.00301,
            "med": 0.006623,
            "max": 5.157128,
            "p(90)": 0.014756
        },
        "data_received": {
            "count": 123762138,
            "rate": 1125100.7895030435
        },
        "http_req_blocked": {
            "avg": 0.0012098348013621606,
            "min": 0.000356,
            "med": 0.000527,
            "max": 1.945457,
            "p(90)": 0.000836,
            "p(95)": 0.001037
        },
        "vus_max": {
            "value": 200,
            "min": 200,
            "max": 200
        },
        "iterations": {
            "count": 1040057,
            "rate": 9454.983331236303
        },
        "http_req_failed": {
            "passes": 1040057,
            "fails": 0,
            "value": 1
        },
        "iteration_duration": {
            "p(95)": 25.156746799999997,
            "avg": 19.227999800448366,
            "min": 0.814715,
            "med": 18.671742,
            "max": 1087.97686,
            "p(90)": 21.8396136
        },
        "vus": {
            "value": 1,
            "min": 1,
            "max": 200
        },
        "http_req_connecting": {
            "min": 0,
            "med": 0,
            "max": 1.893615,
            "p(90)": 0,
            "p(95)": 0,
            "avg": 0.00053749335853708
        }
    },
    "root_group": {
        "path": "",
        "id": "d41d8cd98f00b204e9800998ecf8427e",
        "groups": {},
        "checks": {},
        "name": ""
    }
}