{
    "metrics": {
        "data_sent": {
            "count": 111721941,
            "rate": 1015631.6599500376
        },
        "vus_max": {
            "value": 200,
            "min": 200,
            "max": 200
        },
        "http_req_blocked": {
            "max": 1.859717,
            "p(90)": 0.000868,
            "p(95)": 0.001077,
            "avg": 0.0012251835379080917,
            "min": 0.000375,
            "med": 0.000547
        },
        "http_req_receiving": {
            "min": 0.003194,
            "med": 0.007033,
            "max": 1.674806,
            "p(90)": 0.014141,
            "p(95)": 0.02035,
            "avg": 0.008858623977248754
        },
        "http_req_sending": {
            "avg": 0.003440609590090498,
            "min": 0.001943,
            "med": 0.002898,
            "max": 0.425819,
            "p(90)": 0.004381,
            "p(95)": 0.005227
        },
        "vus": {
            "value": 1,
            "min": 1,
            "max": 200
        },
        "http_req_connecting": {
            "avg": 0.0005212204508824107,
            "min": 0,
            "med": 0,
            "max": 1.515421,
            "p(90)": 0,
            "p(95)": 0
        },
        "data_received": {
            "count": 123518426,
            "rate": 1122870.0728784858
        },
        "http_req_duration": {
            "p(90)": 23.6692192,
            "p(95)": 28.074452799999996,
            "avg": 19.227379638748015,
            "min": 0.755718,
            "med": 18.470171,
            "max": 1104.542529
        },
        "iteration_duration": {
            "min": 0.789483,
            "med": 18.508737,
            "max": 1104.571905,
            "p(90)": 23.709999200000002,
            "p(95)": 28.11454539999999,
            "avg": 19.26623860734103
        },
        "http_reqs": {
            "count": 1038009,
            "rate": 9436.237808588365
        },
        "http_req_tls_handshaking": {
            "avg": 0,
            "min": 0,
            "med": 0,
            "max": 0,
            "p(90)": 0,
            "p(95)": 0
        },
        "http_req_waiting": {
            "p(90)": 23.656486,
            "p(95)": 28.060658999999998,
            "avg": 19.215080405180633,
            "min": 0.745344,
            "med": 18.457623,
            "max": 1104.523705
        },
        "http_req_failed": {
            "passes": 1038009,
            "fails": 0,
            "value": 1
        },
        "iterations": {
            "count": 1038009,
            "rate": 9436.237808588365
        }
    },
    "root_group": {
        "name": "",
        "path": "",
        "id": "d41d8cd98f00b204e9800998ecf8427e",
        "groups": {},
        "checks": {}
    }
}