{
    "root_group": {
        "name": "",
        "path": "",
        "id": "d41d8cd98f00b204e9800998ecf8427e",
        "groups": {},
        "checks": {}
    },
    "metrics": {
        "data_sent": {
            "count": 8655774,
            "rate": 78687.63411384095
        },
        "http_req_blocked": {
            "min": 0.000367,
            "med": 0.000593,
            "max": 134.857986,
            "p(90)": 0.000986,
            "p(95)": 0.00115,
            "avg": 0.020771508710411998
        },
        "http_req_receiving": {
            "p(95)": 493.98211,
            "avg": 228.9259255506994,
            "min": 0.004766,
            "med": 189.927471,
            "max": 2025.047486,
            "p(90)": 430.876831
        },
        "vus_max": {
            "value": 200,
            "min": 200,
            "max": 200
        },
        "http_req_tls_handshaking": {
            "avg": 0,
            "min": 0,
            "med": 0,
            "max": 0,
            "p(90)": 0,
            "p(95)": 0
        },
        "data_received": {
            "count": 1281489527,
            "rate": 11649724.105700437
        },
        "http_req_duration{expected_response:true}": {
            "p(90)": 450.8825696000001,
            "p(95)": 515.5928590999999,
            "avg": 249.0656254378182,
            "min": 3.133254,
            "med": 211.672796,
            "max": 2060.718208
        },
        "http_req_duration": {
            "p(95)": 515.534432,
            "avg": 248.85783565730728,
            "min": 3.133254,
            "med": 211.493962,
            "max": 2060.718208,
            "p(90)": 450.74383
        },
        "http_req_waiting": {
            "min": 2.549371,
            "med": 17.061668,
            "max": 820.60328,
            "p(90)": 24.637291,
            "p(95)": 55.661117,
            "avg": 19.928066861852095
        },
        "http_req_sending": {
            "max": 0.154149,
            "p(90)": 0.005002,
            "p(95)": 0.005665,
            "avg": 0.003843244749505713,
            "min": 0.00202,
            "med": 0.003438
        },
        "vus": {
            "value": 1,
            "min": 1,
            "max": 200
        },
        "http_req_connecting": {
            "min": 0,
            "med": 0,
            "max": 134.83462,
            "p(90)": 0,
            "p(95)": 0,
            "avg": 0.020008192735728226
        },
        "iteration_duration": {
            "max": 2060.754301,
            "p(90)": 450.778986,
            "p(95)": 515.581597,
            "avg": 248.91919243178455,
            "min": 3.168335,
            "med": 211.573703
        },
        "iterations": {
            "count": 80421,
            "rate": 731.0886609411477
        },
        "http_req_failed": {
            "passes": 81,
            "fails": 80340,
            "value": 0.001007199612041631
        },
        "http_reqs": {
            "count": 80421,
            "rate": 731.0886609411477
        }
    }
}