{
    "metrics": {
        "http_req_connecting": {
            "med": 0,
            "max": 11.111649,
            "p(90)": 0,
            "p(95)": 0,
            "avg": 0.0005400555862621754,
            "min": 0
        },
        "http_req_sending": {
            "avg": 0.003491658907705567,
            "min": 0.001929,
            "med": 0.002957,
            "max": 1.433975,
            "p(90)": 0.004459,
            "p(95)": 0.005282
        },
        "http_req_failed": {
            "passes": 1052976,
            "fails": 0,
            "value": 1
        },
        "vus_max": {
            "max": 200,
            "value": 200,
            "min": 200
        },
        "iteration_duration": {
            "avg": 18.99278086157117,
            "min": 0.858643,
            "med": 18.487643,
            "max": 1113.684509,
            "p(90)": 21.824194499999997,
            "p(95)": 25.57898425
        },
        "data_sent": {
            "count": 113332851,
            "rate": 1030295.811110769
        },
        "http_req_tls_handshaking": {
            "p(95)": 0,
            "avg": 0,
            "min": 0,
            "med": 0,
            "max": 0,
            "p(90)": 0
        },
        "iterations": {
            "count": 1052976,
            "rate": 9572.482757009026
        },
        "http_req_blocked": {
            "med": 0.000555,
            "max": 11.173466,
            "p(90)": 0.000873,
            "p(95)": 0.00108,
            "avg": 0.0012488405747143841,
            "min": 0.000368
        },
        "http_req_duration": {
            "med": 18.4482445,
            "max": 1113.648673,
            "p(90)": 21.7831765,
            "p(95)": 25.52847325,
            "avg": 18.953349395308,
            "min": 0.821651
        },
        "vus": {
            "value": 1,
            "min": 1,
            "max": 200
        },
        "http_reqs": {
            "count": 1052976,
            "rate": 9572.482757009026
        },
        "http_req_waiting": {
            "avg": 18.940742159737024,
            "min": 0.801568,
            "med": 18.4357715,
            "max": 1113.620889,
            "p(90)": 21.770747,
            "p(95)": 25.51647975
        },
        "data_received": {
            "count": 125299429,
            "rate": 1139082.584565628
        },
        "http_req_receiving": {
            "avg": 0.009115576663665612,
            "min": 0.00288,
            "med": 0.007177,
            "max": 1.892617,
            "p(90)": 0.014685,
            "p(95)": 0.021126
        }
    },
    "root_group": {
        "name": "",
        "path": "",
        "id": "d41d8cd98f00b204e9800998ecf8427e",
        "groups": {},
        "checks": {}
    }
}