{
    "metrics": {
        "http_req_receiving": {
            "max": 9.734425,
            "p(90)": 0.014699,
            "p(95)": 0.021187149999999908,
            "avg": 0.00926107260747193,
            "min": 0.002963,
            "med": 0.007077
        },
        "http_req_waiting": {
            "avg": 18.79381629250535,
            "min": 0.739057,
            "med": 18.212699,
            "max": 1123.590989,
            "p(90)": 22.9558305,
            "p(95)": 26.80853225
        },
        "http_reqs": {
            "count": 1061158,
            "rate": 9646.806543996658
        },
        "http_req_duration": {
            "p(90)": 22.9695284,
            "p(95)": 26.822724349999987,
            "avg": 18.806493564578552,
            "min": 0.761001,
            "med": 18.225081,
            "max": 1123.603852
        },
        "http_req_blocked": {
            "avg": 0.0012412316742657179,
            "min": 0.00038,
            "med": 0.000554,
            "max": 1.563592,
            "p(90)": 0.000866,
            "p(95)": 0.001078
        },
        "data_received": {
            "count": 126273017,
            "rate": 1147926.4791160233
        },
        "data_sent": {
            "count": 114213500,
            "rate": 1038295.4651548235
        },
        "http_req_tls_handshaking": {
            "max": 0,
            "p(90)": 0,
            "p(95)": 0,
            "avg": 0,
            "min": 0,
            "med": 0
        },
        "http_req_failed": {
            "passes": 1061158,
            "fails": 0,
            "value": 1
        },
        "vus": {
            "value": 1,
            "min": 1,
            "max": 200
        },
        "http_req_sending": {
            "avg": 0.0034161994651128766,
            "min": 0.001926,
            "med": 0.002893,
            "max": 2.983818,
            "p(90)": 0.004363,
            "p(95)": 0.005185
        },
        "vus_max": {
            "value": 200,
            "min": 200,
            "max": 200
        },
        "iterations": {
            "count": 1061158,
            "rate": 9646.806543996658
        },
        "http_req_connecting": {
            "avg": 0.000534631786218451,
            "min": 0,
            "med": 0,
            "max": 1.540548,
            "p(90)": 0,
            "p(95)": 0
        },
        "iteration_duration": {
            "avg": 18.845411846584742,
            "min": 0.796509,
            "med": 18.2643665,
            "max": 1123.639454,
            "p(90)": 23.0117678,
            "p(95)": 26.86215174999998
        }
    },
    "root_group": {
        "checks": {},
        "name": "",
        "path": "",
        "id": "d41d8cd98f00b204e9800998ecf8427e",
        "groups": {}
    }
}