{
    "root_group": {
        "name": "",
        "path": "",
        "id": "d41d8cd98f00b204e9800998ecf8427e",
        "groups": {},
        "checks": {}
    },
    "metrics": {
        "data_sent": {
            "rate": 1027652.4193899587,
            "count": 113042795
        },
        "http_req_sending": {
            "avg": 0.003455952578405403,
            "min": 0.001934,
            "med": 0.002937,
            "max": 2.529199,
            "p(90)": 0.004427,
            "p(95)": 0.00523
        },
        "vus_max": {
            "value": 200,
            "min": 200,
            "max": 200
        },
        "http_req_failed": {
            "passes": 1050281,
            "fails": 0,
            "value": 1
        },
        "data_received": {
            "count": 124978749,
            "rate": 1136160.1045177658
        },
        "http_reqs": {
            "count": 1050281,
            "rate": 9547.9221890197
        },
        "http_req_receiving": {
            "avg": 0.009089463745416667,
            "min": 0.002991,
            "med": 0.00716,
            "max": 0.873697,
            "p(90)": 0.014748,
            "p(95)": 0.021193
        },
        "http_req_tls_handshaking": {
            "med": 0,
            "max": 0,
            "p(90)": 0,
            "p(95)": 0,
            "avg": 0,
            "min": 0
        },
        "http_req_connecting": {
            "avg": 0.0005380687720714745,
            "min": 0,
            "med": 0,
            "max": 4.71111,
            "p(90)": 0,
            "p(95)": 0
        },
        "iteration_duration": {
            "avg": 19.0405868673226,
            "min": 0.793546,
            "med": 18.582134,
            "max": 1126.652987,
            "p(90)": 22.083045,
            "p(95)": 25.283744
        },
        "vus": {
            "value": 1,
            "min": 1,
            "max": 200
        },
        "http_req_duration": {
            "avg": 19.001417175179085,
            "min": 0.764051,
            "med": 18.543459,
            "max": 1126.617031,
            "p(90)": 22.042036,
            "p(95)": 25.240583
        },
        "http_req_blocked": {
            "avg": 0.0012454610585171538,
            "min": 0.000378,
            "med": 0.000553,
            "max": 4.756001,
            "p(90)": 0.000868,
            "p(95)": 0.001076
        },
        "iterations": {
            "count": 1050281,
            "rate": 9547.9221890197
        },
        "http_req_waiting": {
            "avg": 18.988871758855204,
            "min": 0.756284,
            "med": 18.530878,
            "max": 1126.567885,
            "p(90)": 22.029306,
            "p(95)": 25.228309
        }
    }
}