{
    "root_group": {
        "groups": {},
        "checks": {},
        "name": "",
        "path": "",
        "id": "d41d8cd98f00b204e9800998ecf8427e"
    },
    "metrics": {
        "http_req_waiting": {
            "avg": 19.91610653117686,
            "min": 2.615669,
            "med": 17.056479500000002,
            "max": 1773.170343,
            "p(90)": 24.191595200000005,
            "p(95)": 56.33077004999999
        },
        "http_req_duration{expected_response:true}": {
            "min": 3.151814,
            "med": 211.614632,
            "max": 3537.801788,
            "p(90)": 451.275984,
            "p(95)": 515.5921089999999,
            "avg": 249.07292660106415
        },
        "http_reqs": {
            "count": 80412,
            "rate": 730.9930978697731
        },
        "http_req_blocked": {
            "max": 1022.982568,
            "p(90)": 0.001009,
            "p(95)": 0.001183,
            "avg": 0.04289389298860726,
            "min": 0.000353,
            "med": 0.000601
        },
        "http_req_failed": {
            "passes": 81,
            "fails": 80331,
            "value": 0.001007312341441576
        },
        "http_req_sending": {
            "p(95)": 0.005805449999999998,
            "avg": 0.0039069388524100674,
            "min": 0.002038,
            "med": 0.003483,
            "max": 0.11491,
            "p(90)": 0.005129
        },
        "iterations": {
            "count": 80412,
            "rate": 730.9930978697731
        },
        "vus": {
            "value": 1,
            "min": 1,
            "max": 200
        },
        "http_req_duration": {
            "med": 211.4511835,
            "max": 3537.801788,
            "p(90)": 451.0627089000006,
            "p(95)": 515.5521434999998,
            "avg": 248.86663942248785,
            "min": 3.151814
        },
        "data_received": {
            "count": 1281407619,
            "rate": 11648760.446783315
        },
        "http_req_receiving": {
            "avg": 228.9466259524585,
            "min": 0.005507,
            "med": 189.9344855,
            "max": 3520.492261,
            "p(90)": 430.70998750000024,
            "p(95)": 494.442926
        },
        "vus_max": {
            "value": 200,
            "min": 200,
            "max": 200
        },
        "http_req_tls_handshaking": {
            "avg": 0,
            "min": 0,
            "med": 0,
            "max": 0,
            "p(90)": 0,
            "p(95)": 0
        },
        "iteration_duration": {
            "p(90)": 451.1807957000001,
            "p(95)": 515.6593381499999,
            "avg": 248.9509722748719,
            "min": 3.179919,
            "med": 211.49564500000002,
            "max": 3537.837964
        },
        "http_req_connecting": {
            "min": 0,
            "med": 0,
            "max": 1022.957553,
            "p(90)": 0,
            "p(95)": 0,
            "avg": 0.04211461000845647
        },
        "data_sent": {
            "count": 8654811,
            "rate": 78677.40019359534
        }
    }
}