{
    "metrics": {
        "http_req_blocked": {
            "p(90)": 0.001,
            "p(95)": 0.001154,
            "avg": 0.03584371892059807,
            "min": 0.000379,
            "med": 0.000599,
            "max": 1027.682798
        },
        "http_req_duration": {
            "min": 3.029544,
            "med": 211.105148,
            "max": 2404.635198,
            "p(90)": 451.95778020000006,
            "p(95)": 515.8059565,
            "avg": 248.86401399923767
        },
        "http_req_waiting": {
            "p(90)": 23.950112400000265,
            "p(95)": 55.935983500000006,
            "avg": 19.922841286513563,
            "min": 2.256931,
            "med": 17.039177,
            "max": 827.75643
        },
        "vus_max": {
            "value": 200,
            "min": 200,
            "max": 200
        },
        "http_req_sending": {
            "p(95)": 0.005749,
            "avg": 0.003904187427718696,
            "min": 0.001997,
            "med": 0.003474,
            "max": 0.243114,
            "p(90)": 0.005075
        },
        "iterations": {
            "count": 80415,
            "rate": 731.0291063820513
        },
        "data_sent": {
            "rate": 78681.24043425336,
            "count": 8655130
        },
        "http_req_connecting": {
            "min": 0,
            "med": 0,
            "max": 1027.651638,
            "p(90)": 0,
            "p(95)": 0,
            "avg": 0.03507937877261705
        },
        "vus": {
            "max": 200,
            "value": 1,
            "min": 1
        },
        "iteration_duration": {
            "max": 2404.676415,
            "p(90)": 452.02014840000004,
            "p(95)": 515.8669399,
            "avg": 248.9413555666114,
            "min": 3.062145,
            "med": 211.184085
        },
        "http_req_tls_handshaking": {
            "p(95)": 0,
            "avg": 0,
            "min": 0,
            "med": 0,
            "max": 0,
            "p(90)": 0
        },
        "http_reqs": {
            "count": 80415,
            "rate": 731.0291063820513
        },
        "http_req_failed": {
            "passes": 81,
            "fails": 80334,
            "value": 0.0010072747621712368
        },
        "http_req_receiving": {
            "max": 2396.443824,
            "p(90)": 431.0399266000002,
            "p(95)": 494.5033112,
            "avg": 228.93726852529912,
            "min": 0.006258,
            "med": 189.562483
        },
        "data_received": {
            "count": 1281409830,
            "rate": 11648919.765392976
        },
        "http_req_duration{expected_response:true}": {
            "avg": 249.08687833854535,
            "min": 3.029544,
            "med": 211.341556,
            "max": 2404.635198,
            "p(90)": 452.0175109,
            "p(95)": 515.8363825499999
        }
    },
    "root_group": {
        "id": "d41d8cd98f00b204e9800998ecf8427e",
        "groups": {},
        "checks": {},
        "name": "",
        "path": ""
    }
}