{
    "metrics": {
        "vus_max": {
            "value": 200,
            "min": 200,
            "max": 200
        },
        "http_req_blocked": {
            "p(95)": 0.001032,
            "avg": 0.0012130622146170474,
            "min": 0.000359,
            "med": 0.000525,
            "max": 3.033378,
            "p(90)": 0.000826
        },
        "http_req_connecting": {
            "med": 0,
            "max": 2.637455,
            "p(90)": 0,
            "p(95)": 0,
            "avg": 0.0005400004536709859,
            "min": 0
        },
        "http_req_failed": {
            "passes": 1053627,
            "fails": 0,
            "value": 1
        },
        "iteration_duration": {
            "p(95)": 25.42313309999996,
            "avg": 18.980321330053812,
            "min": 0.776696,
            "med": 18.633847,
            "max": 1074.230289,
            "p(90)": 21.4250654
        },
        "vus": {
            "min": 1,
            "max": 200,
            "value": 1
        },
        "http_req_waiting": {
            "avg": 18.93081102011094,
            "min": 0.74501,
            "med": 18.585047,
            "max": 1074.188265,
            "p(90)": 21.3736562,
            "p(95)": 25.36109649999999
        },
        "http_req_sending": {
            "p(95)": 0.004945,
            "avg": 0.0032718035338881245,
            "min": 0.001808,
            "med": 0.002768,
            "max": 1.890876,
            "p(90)": 0.004122
        },
        "data_sent": {
            "count": 113402943,
            "rate": 1030930.2798087322
        },
        "data_received": {
            "count": 125376898,
            "rate": 1139783.8285086735
        },
        "http_req_duration": {
            "med": 18.596619,
            "max": 1074.199012,
            "p(90)": 21.3860064,
            "p(95)": 25.374154199999996,
            "avg": 18.942675109063593,
            "min": 0.752072
        },
        "http_req_tls_handshaking": {
            "p(90)": 0,
            "p(95)": 0,
            "avg": 0,
            "min": 0,
            "med": 0,
            "max": 0
        },
        "iterations": {
            "count": 1053627,
            "rate": 9578.375562299429
        },
        "http_reqs": {
            "count": 1053627,
            "rate": 9578.375562299429
        },
        "http_req_receiving": {
            "max": 4.132572,
            "p(90)": 0.014448,
            "p(95)": 0.020743,
            "avg": 0.008592285418843833,
            "min": 0.002664,
            "med": 0.006559
        }
    },
    "root_group": {
        "name": "",
        "path": "",
        "id": "d41d8cd98f00b204e9800998ecf8427e",
        "groups": {},
        "checks": {}
    }
}