{
    "root_group": {
        "name": "",
        "path": "",
        "id": "d41d8cd98f00b204e9800998ecf8427e",
        "groups": {},
        "checks": {}
    },
    "metrics": {
        "http_req_receiving": {
            "avg": 0.008472989130666068,
            "min": 0.002909,
            "med": 0.00658,
            "max": 1.129004,
            "p(90)": 0.014031,
            "p(95)": 0.020328
        },
        "http_req_failed": {
            "passes": 1032906,
            "fails": 0,
            "value": 1
        },
        "http_reqs": {
            "rate": 9389.966187153175,
            "count": 1032906
        },
        "http_req_sending": {
            "avg": 0.0032553336896098406,
            "min": 0.001834,
            "med": 0.00276,
            "max": 0.652957,
            "p(90)": 0.004122,
            "p(95)": 0.004946
        },
        "vus": {
            "value": 1,
            "min": 1,
            "max": 200
        },
        "http_req_waiting": {
            "med": 18.891876,
            "max": 1132.607363,
            "p(90)": 22.4876585,
            "p(95)": 24.591674249999997,
            "avg": 19.311969800298616,
            "min": 0.757526
        },
        "http_req_connecting": {
            "p(95)": 0,
            "avg": 0.000528372933258205,
            "min": 0,
            "med": 0,
            "max": 1.757596,
            "p(90)": 0
        },
        "http_req_duration": {
            "avg": 19.3236981231188,
            "min": 0.766717,
            "med": 18.903591,
            "max": 1132.618292,
            "p(90)": 22.499349000000002,
            "p(95)": 24.6029905
        },
        "http_req_blocked": {
            "avg": 0.0011989048103121815,
            "min": 0.000343,
            "med": 0.000521,
            "max": 1.82252,
            "p(90)": 0.000825,
            "p(95)": 0.001033
        },
        "data_sent": {
            "count": 111172698,
            "rate": 1010651.3808174136
        },
        "vus_max": {
            "min": 200,
            "max": 200,
            "value": 200
        },
        "iterations": {
            "count": 1032906,
            "rate": 9389.966187153175
        },
        "data_received": {
            "count": 122911204,
            "rate": 1117364.0675746738
        },
        "http_req_tls_handshaking": {
            "p(95)": 0,
            "avg": 0,
            "min": 0,
            "med": 0,
            "max": 0,
            "p(90)": 0
        },
        "iteration_duration": {
            "med": 18.940739,
            "max": 1132.653233,
            "p(90)": 22.5375775,
            "p(95)": 24.648423,
            "avg": 19.361157064473677,
            "min": 0.796942
        }
    }
}