{
    "metrics": {
        "http_req_receiving": {
            "p(90)": 430.6495867999999,
            "p(95)": 494.3219871499997,
            "avg": 229.0740994244806,
            "min": 0.005541,
            "med": 190.669035,
            "max": 1792.578557
        },
        "iteration_duration": {
            "med": 211.8067925,
            "max": 1840.73794,
            "p(90)": 451.83127569999994,
            "p(95)": 515.6141657499996,
            "avg": 248.98917855201225,
            "min": 3.241701
        },
        "http_req_duration{expected_response:true}": {
            "avg": 249.1005250492524,
            "min": 3.207139,
            "med": 211.889356,
            "max": 1840.69677,
            "p(90)": 451.86274960000003,
            "p(95)": 515.6096469999998
        },
        "http_req_tls_handshaking": {
            "min": 0,
            "med": 0,
            "max": 0,
            "p(90)": 0,
            "p(95)": 0,
            "avg": 0
        },
        "iterations": {
            "count": 80404,
            "rate": 730.9372123645503
        },
        "http_req_duration": {
            "p(95)": 515.5420959999999,
            "avg": 248.89040500916747,
            "min": 3.207139,
            "med": 211.7441225,
            "max": 1840.69677,
            "p(90)": 451.7738515999999
        },
        "http_req_waiting": {
            "p(90)": 24.718081399999928,
            "p(95)": 56.22717894999994,
            "avg": 19.81242684021933,
            "min": 2.394961,
            "med": 17.040927500000002,
            "max": 744.804527
        },
        "data_sent": {
            "rate": 78671.40379603782,
            "count": 8653952
        },
        "data_received": {
            "count": 1281297634,
            "rate": 11648028.96379849
        },
        "http_req_connecting": {
            "min": 0,
            "med": 0,
            "max": 1023.461961,
            "p(90)": 0,
            "p(95)": 0,
            "avg": 0.056837179282125255
        },
        "vus": {
            "value": 1,
            "min": 1,
            "max": 200
        },
        "http_req_blocked": {
            "avg": 0.05760787370031205,
            "min": 0.00036,
            "med": 0.000595,
            "max": 1023.498785,
            "p(90)": 0.000991,
            "p(95)": 0.001156
        },
        "http_req_sending": {
            "max": 0.413628,
            "p(90)": 0.005043,
            "p(95)": 0.005729,
            "avg": 0.0038787444654494177,
            "min": 0.001973,
            "med": 0.003455
        },
        "vus_max": {
            "value": 200,
            "min": 200,
            "max": 200
        },
        "http_req_failed": {
            "passes": 81,
            "fails": 80323,
            "value": 0.0010074125665389781
        },
        "http_reqs": {
            "count": 80404,
            "rate": 730.9372123645503
        }
    },
    "root_group": {
        "name": "",
        "path": "",
        "id": "d41d8cd98f00b204e9800998ecf8427e",
        "groups": {},
        "checks": {}
    }
}