{
    "root_group": {
        "path": "",
        "id": "d41d8cd98f00b204e9800998ecf8427e",
        "groups": {},
        "checks": {},
        "name": ""
    },
    "metrics": {
        "http_reqs": {
            "count": 80416,
            "rate": 731.0404387532818
        },
        "http_req_tls_handshaking": {
            "p(90)": 0,
            "p(95)": 0,
            "avg": 0,
            "min": 0,
            "med": 0,
            "max": 0
        },
        "data_received": {
            "count": 1281449580,
            "rate": 11649316.842461808
        },
        "http_req_waiting": {
            "avg": 19.929698758381377,
            "min": 2.479448,
            "med": 17.046854,
            "max": 819.902981,
            "p(90)": 25.935677,
            "p(95)": 56.29564025
        },
        "http_req_connecting": {
            "avg": 0.044020415812773585,
            "min": 0,
            "med": 0,
            "max": 1030.805975,
            "p(90)": 0,
            "p(95)": 0
        },
        "http_req_receiving": {
            "avg": 228.92216073589898,
            "min": 0.005562,
            "med": 189.8059155,
            "max": 2087.444047,
            "p(90)": 431.736407,
            "p(95)": 495.25981775
        },
        "data_sent": {
            "count": 8655238,
            "rate": 78682.46350271186
        },
        "http_req_duration{expected_response:true}": {
            "max": 2105.846432,
            "p(90)": 452.5193992000001,
            "p(95)": 516.0315967,
            "avg": 249.06625766136935,
            "min": 3.044812,
            "med": 211.670809
        },
        "iteration_duration": {
            "p(90)": 452.5269055,
            "p(95)": 516.0688767500001,
            "avg": 248.93787040906028,
            "min": 3.070689,
            "med": 211.609509,
            "max": 2105.884791
        },
        "http_req_duration": {
            "p(90)": 452.4463715,
            "p(95)": 516.0190225,
            "avg": 248.8553661354718,
            "min": 3.044812,
            "med": 211.533781,
            "max": 2105.846432
        },
        "vus": {
            "max": 200,
            "value": 1,
            "min": 1
        },
        "http_req_sending": {
            "avg": 0.0035066411908078153,
            "min": 0.001853,
            "med": 0.003161,
            "max": 0.177242,
            "p(90)": 0.004694,
            "p(95)": 0.00535325
        },
        "http_req_failed": {
            "passes": 81,
            "fails": 80335,
            "value": 0.0010072622363708715
        },
        "iterations": {
            "count": 80416,
            "rate": 731.0404387532818
        },
        "vus_max": {
            "max": 200,
            "value": 200,
            "min": 200
        },
        "http_req_blocked": {
            "avg": 0.044720505769994735,
            "min": 0.000358,
            "med": 0.000541,
            "max": 1030.838935,
            "p(90)": 0.000956,
            "p(95)": 0.001092
        }
    }
}