{
    "root_group": {
        "name": "",
        "path": "",
        "id": "d41d8cd98f00b204e9800998ecf8427e",
        "groups": {},
        "checks": {}
    },
    "metrics": {
        "http_req_waiting": {
            "max": 450.276038,
            "p(90)": 23.3563151,
            "p(95)": 56.07068829999999,
            "avg": 19.903438679142653,
            "min": 2.553279,
            "med": 17.020114999999997
        },
        "http_req_receiving": {
            "p(90)": 429.52706910000006,
            "p(95)": 493.4702272999999,
            "avg": 228.92371227687607,
            "min": 0.00588,
            "med": 190.4179485,
            "max": 2000.316426
        },
        "data_received": {
            "count": 1281484094,
            "rate": 11649783.772045828
        },
        "http_req_sending": {
            "avg": 0.003894848312650778,
            "min": 0.002067,
            "med": 0.003461,
            "max": 0.264113,
            "p(90)": 0.005057,
            "p(95)": 0.005724949999999997
        },
        "data_sent": {
            "count": 8655882,
            "rate": 78689.35254715974
        },
        "http_req_tls_handshaking": {
            "avg": 0,
            "min": 0,
            "med": 0,
            "max": 0,
            "p(90)": 0,
            "p(95)": 0
        },
        "http_req_duration{expected_response:true}": {
            "avg": 249.0473889950447,
            "min": 3.093207,
            "med": 211.98552,
            "max": 2021.055969,
            "p(90)": 450.334921,
            "p(95)": 512.582321
        },
        "iterations": {
            "count": 80422,
            "rate": 731.1045957590087
        },
        "http_req_blocked": {
            "avg": 0.05184689342468347,
            "min": 0.000374,
            "med": 0.000601,
            "max": 1024.570354,
            "p(90)": 0.001002,
            "p(95)": 0.001167
        },
        "http_req_connecting": {
            "med": 0,
            "max": 1024.543358,
            "p(90)": 0,
            "p(95)": 0,
            "avg": 0.051071583347840135,
            "min": 0
        },
        "vus": {
            "value": 1,
            "min": 1,
            "max": 200
        },
        "http_reqs": {
            "count": 80422,
            "rate": 731.1045957590087
        },
        "http_req_failed": {
            "passes": 81,
            "fails": 80341,
            "value": 0.0010071870881102187
        },
        "iteration_duration": {
            "p(90)": 450.3228071000001,
            "p(95)": 512.6167612,
            "avg": 248.92405158884247,
            "min": 3.121946,
            "med": 211.90961149999998,
            "max": 2021.095621
        },
        "vus_max": {
            "min": 200,
            "max": 200,
            "value": 200
        },
        "http_req_duration": {
            "p(90)": 450.2427721,
            "p(95)": 512.5449600999999,
            "avg": 248.83104580433076,
            "min": 3.093207,
            "med": 211.8427495,
            "max": 2021.055969
        }
    }
}