{
    "metrics": {
        "http_req_blocked": {
            "p(90)": 0.00083,
            "p(95)": 0.001036,
            "avg": 0.0011993070342057992,
            "min": 0.000342,
            "med": 0.000527,
            "max": 4.53836
        },
        "http_req_duration": {
            "min": 0.743332,
            "med": 18.213046,
            "max": 1084.443743,
            "p(90)": 21.8352276,
            "p(95)": 25.911701499999996,
            "avg": 18.68382175584163
        },
        "http_req_tls_handshaking": {
            "avg": 0,
            "min": 0,
            "med": 0,
            "max": 0,
            "p(90)": 0,
            "p(95)": 0
        },
        "http_req_waiting": {
            "min": 0.723947,
            "med": 18.201541,
            "max": 1084.434348,
            "p(90)": 21.822944800000002,
            "p(95)": 25.898027899999956,
            "avg": 18.672188052525705
        },
        "http_req_connecting": {
            "min": 0,
            "med": 0,
            "max": 4.427888,
            "p(90)": 0,
            "p(95)": 0,
            "avg": 0.0005231003292383708
        },
        "http_req_receiving": {
            "min": 0.002886,
            "med": 0.006486,
            "max": 1.211849,
            "p(90)": 0.013858800000000046,
            "p(95)": 0.02026,
            "avg": 0.008384837929908249
        },
        "http_req_failed": {
            "passes": 1068223,
            "fails": 0,
            "value": 1
        },
        "data_sent": {
            "count": 114973904,
            "rate": 1045209.676551767
        },
        "iterations": {
            "count": 1068223,
            "rate": 9711.047267866614
        },
        "iteration_duration": {
            "avg": 18.721022716321382,
            "min": 0.790698,
            "med": 18.250012,
            "max": 1084.474095,
            "p(90)": 21.874621800000003,
            "p(95)": 25.953323299999997
        },
        "vus_max": {
            "value": 200,
            "min": 200,
            "max": 200
        },
        "http_reqs": {
            "count": 1068223,
            "rate": 9711.047267866614
        },
        "vus": {
            "min": 1,
            "max": 200,
            "value": 1
        },
        "data_received": {
            "count": 127113717,
            "rate": 1155570.8070142844
        },
        "http_req_sending": {
            "med": 0.002739,
            "max": 0.896721,
            "p(90)": 0.004085,
            "p(95)": 0.004882,
            "avg": 0.003248865385785746,
            "min": 0.001786
        }
    },
    "root_group": {
        "name": "",
        "path": "",
        "id": "d41d8cd98f00b204e9800998ecf8427e",
        "groups": {},
        "checks": {}
    }
}