{
    "root_group": {
        "name": "",
        "path": "",
        "id": "d41d8cd98f00b204e9800998ecf8427e",
        "groups": {},
        "checks": {}
    },
    "metrics": {
        "http_reqs": {
            "count": 80400,
            "rate": 730.8904942908213
        },
        "data_sent": {
            "count": 8653520,
            "rate": 78666.36206661079
        },
        "http_req_receiving": {
            "p(95)": 494.46466405000007,
            "avg": 229.13449199420302,
            "min": 0.005246,
            "med": 190.42038250000002,
            "max": 2118.277752,
            "p(90)": 429.90737920000015
        },
        "vus_max": {
            "value": 200,
            "min": 200,
            "max": 200
        },
        "data_received": {
            "count": 1281227780,
            "rate": 11647228.923175765
        },
        "iterations": {
            "count": 80400,
            "rate": 730.8904942908213
        },
        "http_req_failed": {
            "passes": 81,
            "fails": 80319,
            "value": 0.0010074626865671642
        },
        "http_req_sending": {
            "med": 0.003154,
            "max": 0.378962,
            "p(90)": 0.004785,
            "p(95)": 0.005402,
            "avg": 0.0035226687686567316,
            "min": 0.001905
        },
        "vus": {
            "value": 1,
            "min": 1,
            "max": 200
        },
        "http_req_duration{expected_response:true}": {
            "min": 2.906959,
            "med": 212.010232,
            "max": 2136.359835,
            "p(90)": 450.39192579999997,
            "p(95)": 515.4496082999998,
            "avg": 249.1485088136338
        },
        "http_req_duration": {
            "max": 2136.359835,
            "p(90)": 450.22077890000014,
            "p(95)": 515.3514623,
            "avg": 248.92730854015235,
            "min": 2.906959,
            "med": 211.85853049999997
        },
        "http_req_connecting": {
            "max": 1012.63842,
            "p(90)": 0,
            "p(95)": 0,
            "avg": 0.03017443697761193,
            "min": 0,
            "med": 0
        },
        "http_req_blocked": {
            "max": 1012.660572,
            "p(90)": 0.000972,
            "p(95)": 0.001114,
            "avg": 0.030886400211441872,
            "min": 0.000362,
            "med": 0.00054
        },
        "http_req_tls_handshaking": {
            "p(95)": 0,
            "avg": 0,
            "min": 0,
            "med": 0,
            "max": 0,
            "p(90)": 0
        },
        "http_req_waiting": {
            "p(95)": 56.27091260000001,
            "avg": 19.78929387717674,
            "min": 2.04251,
            "med": 17.032573,
            "max": 737.957435,
            "p(90)": 22.87082330000012
        },
        "iteration_duration": {
            "avg": 248.99620351403112,
            "min": 2.937138,
            "med": 211.91938,
            "max": 2136.393208,
            "p(90)": 450.2848149000001,
            "p(95)": 515.4021543
        }
    }
}