{
    "root_group": {
        "checks": {},
        "name": "",
        "path": "",
        "id": "d41d8cd98f00b204e9800998ecf8427e",
        "groups": {}
    },
    "metrics": {
        "http_req_connecting": {
            "p(90)": 0,
            "p(95)": 0,
            "avg": 0.04710739041445297,
            "min": 0,
            "med": 0,
            "max": 1012.536987
        },
        "http_req_failed": {
            "passes": 81,
            "fails": 80290,
            "value": 0.001007826205969815
        },
        "http_req_receiving": {
            "p(95)": 494.6428535,
            "avg": 228.99820640740936,
            "min": 0.005809,
            "med": 189.458107,
            "max": 2338.041407,
            "p(90)": 430.976499
        },
        "data_received": {
            "count": 1280724433,
            "rate": 11642789.316315651
        },
        "data_sent": {
            "count": 8650400,
            "rate": 78638.91880780329
        },
        "http_req_blocked": {
            "med": 0.000604,
            "max": 1012.564132,
            "p(90)": 0.001015,
            "p(95)": 0.001189,
            "avg": 0.04788372200171546,
            "min": 0.000369
        },
        "http_req_tls_handshaking": {
            "med": 0,
            "max": 0,
            "p(90)": 0,
            "p(95)": 0,
            "avg": 0,
            "min": 0
        },
        "iterations": {
            "count": 80371,
            "rate": 730.6354091720566
        },
        "vus_max": {
            "value": 200,
            "min": 200,
            "max": 200
        },
        "iteration_duration": {
            "p(90)": 452.035273,
            "p(95)": 515.847708,
            "avg": 249.07175163205648,
            "min": 3.210482,
            "med": 210.767077,
            "max": 2395.588208
        },
        "vus": {
            "min": 1,
            "max": 200,
            "value": 1
        },
        "http_req_waiting": {
            "med": 17.027502,
            "max": 831.369703,
            "p(90)": 26.434376,
            "p(95)": 56.2893765,
            "avg": 19.980379460103574,
            "min": 2.440138
        },
        "http_req_duration{expected_response:true}": {
            "p(95)": 515.81305255,
            "avg": 249.19138167125655,
            "min": 3.167124,
            "med": 210.865035,
            "max": 2395.549046,
            "p(90)": 452.0709466
        },
        "http_reqs": {
            "rate": 730.6354091720566,
            "count": 80371
        },
        "http_req_sending": {
            "p(95)": 0.005796,
            "avg": 0.003910109753518068,
            "min": 0.001924,
            "med": 0.003458,
            "max": 0.24576,
            "p(90)": 0.005106
        },
        "http_req_duration": {
            "avg": 248.98249597727036,
            "min": 3.167124,
            "med": 210.686335,
            "max": 2395.549046,
            "p(90)": 451.916578,
            "p(95)": 515.7800545
        }
    }
}