{
    "metrics": {
        "vus": {
            "value": 1,
            "min": 1,
            "max": 200
        },
        "http_req_duration": {
            "avg": 248.87002970139048,
            "min": 2.744799,
            "med": 211.937278,
            "max": 2572.797247,
            "p(90)": 451.9356908,
            "p(95)": 514.8038037999997
        },
        "vus_max": {
            "value": 200,
            "min": 200,
            "max": 200
        },
        "http_req_connecting": {
            "avg": 0.06513801132957754,
            "min": 0,
            "med": 0,
            "max": 1022.734656,
            "p(90)": 0,
            "p(95)": 0
        },
        "http_reqs": {
            "count": 80409,
            "rate": 730.9650341381155
        },
        "http_req_tls_handshaking": {
            "max": 0,
            "p(90)": 0,
            "p(95)": 0,
            "avg": 0,
            "min": 0,
            "med": 0
        },
        "http_req_waiting": {
            "avg": 19.916494646121848,
            "min": 2.103416,
            "med": 17.033093,
            "max": 862.964946,
            "p(90)": 25.164089999999998,
            "p(95)": 56.503348199999984
        },
        "http_req_duration{expected_response:true}": {
            "max": 2572.797247,
            "p(90)": 452.032644,
            "p(95)": 514.9252315499995,
            "avg": 249.07851323735323,
            "min": 2.744799,
            "med": 212.12648000000002
        },
        "iterations": {
            "count": 80409,
            "rate": 730.9650341381155
        },
        "http_req_receiving": {
            "avg": 228.95002391837068,
            "min": 0.005396,
            "med": 189.821473,
            "max": 2562.635416,
            "p(90)": 431.29471199999995,
            "p(95)": 494.173142
        },
        "iteration_duration": {
            "p(95)": 514.9589753999993,
            "avg": 248.97357170998447,
            "min": 2.768409,
            "med": 212.023146,
            "max": 2572.829927,
            "p(90)": 452.033624
        },
        "http_req_failed": {
            "passes": 81,
            "fails": 80328,
            "value": 0.0010073499235160243
        },
        "http_req_blocked": {
            "p(90)": 0.000966,
            "p(95)": 0.0010945999999999914,
            "avg": 0.06584351950652001,
            "min": 0.000354,
            "med": 0.000541,
            "max": 1022.755855
        },
        "data_sent": {
            "rate": 78674.36960294093,
            "count": 8654487
        },
        "data_received": {
            "count": 1281362070,
            "rate": 11648333.759166714
        },
        "http_req_sending": {
            "med": 0.00316,
            "max": 0.205667,
            "p(90)": 0.00471,
            "p(95)": 0.005339,
            "avg": 0.00351113690009829,
            "min": 0.001924
        }
    },
    "root_group": {
        "name": "",
        "path": "",
        "id": "d41d8cd98f00b204e9800998ecf8427e",
        "groups": {},
        "checks": {}
    }
}