{
    "metrics": {
        "http_req_receiving": {
            "avg": 228.82094943459828,
            "min": 0.005646,
            "med": 190.0998525,
            "max": 2245.868288,
            "p(90)": 431.3607215,
            "p(95)": 494.801461
        },
        "http_req_failed": {
            "passes": 81,
            "fails": 80345,
            "value": 0.001007136995498968
        },
        "http_req_duration": {
            "avg": 248.7948170169349,
            "min": 2.973546,
            "med": 211.3334465,
            "max": 2255.148279,
            "p(90)": 451.87436149999996,
            "p(95)": 515.858426
        },
        "data_sent": {
            "count": 8656309,
            "rate": 78692.79354650174
        },
        "http_req_duration{expected_response:true}": {
            "min": 2.973546,
            "med": 211.488207,
            "max": 2255.148279,
            "p(90)": 451.91287000000005,
            "p(95)": 515.8788030000001,
            "avg": 249.01202748322874
        },
        "vus_max": {
            "min": 200,
            "max": 200,
            "value": 200
        },
        "vus": {
            "value": 1,
            "min": 1,
            "max": 200
        },
        "http_req_tls_handshaking": {
            "max": 0,
            "p(90)": 0,
            "p(95)": 0,
            "avg": 0,
            "min": 0,
            "med": 0
        },
        "http_req_blocked": {
            "avg": 0.048781445888144793,
            "min": 0.000367,
            "med": 0.000544,
            "max": 2021.077707,
            "p(90)": 0.0009695000000000001,
            "p(95)": 0.001108
        },
        "http_req_waiting": {
            "p(90)": 24.456647500000003,
            "p(95)": 56.325503749999996,
            "avg": 19.970350599134576,
            "min": 2.373508,
            "med": 17.043143,
            "max": 801.802124
        },
        "iteration_duration": {
            "max": 2255.185858,
            "p(90)": 451.9267815,
            "p(95)": 515.89835125,
            "avg": 248.88202399906675,
            "min": 2.998944,
            "med": 211.389352
        },
        "http_req_sending": {
            "p(90)": 0.004746,
            "p(95)": 0.0053627499999999995,
            "avg": 0.003516983201949613,
            "min": 0.001967,
            "med": 0.003162,
            "max": 0.193948
        },
        "http_reqs": {
            "count": 80426,
            "rate": 731.1368637338326
        },
        "http_req_connecting": {
            "p(95)": 0,
            "avg": 0.04807562330589612,
            "min": 0,
            "med": 0,
            "max": 2021.034775,
            "p(90)": 0
        },
        "data_received": {
            "rate": 11650510.170883253,
            "count": 1281571177
        },
        "iterations": {
            "count": 80426,
            "rate": 731.1368637338326
        }
    },
    "root_group": {
        "name": "",
        "path": "",
        "id": "d41d8cd98f00b204e9800998ecf8427e",
        "groups": {},
        "checks": {}
    }
}