{
    "metrics": {
        "http_req_failed": {
            "passes": 81,
            "fails": 80336,
            "value": 0.0010072497108820275
        },
        "iteration_duration": {
            "p(95)": 515.973074,
            "avg": 248.95184249748158,
            "min": 2.591101,
            "med": 211.108298,
            "max": 2164.808121,
            "p(90)": 451.893286
        },
        "http_req_tls_handshaking": {
            "avg": 0,
            "min": 0,
            "med": 0,
            "max": 0,
            "p(90)": 0,
            "p(95)": 0
        },
        "http_req_duration{expected_response:true}": {
            "p(90)": 451.8941195,
            "p(95)": 515.9375635,
            "avg": 249.0717266322348,
            "min": 2.564416,
            "med": 211.195,
            "max": 2164.773726
        },
        "http_req_duration": {
            "p(90)": 451.8290900000002,
            "p(95)": 515.9086821999999,
            "avg": 248.86931063124985,
            "min": 2.564416,
            "med": 211.006815,
            "max": 2164.773726
        },
        "http_req_connecting": {
            "avg": 0.04378295793178059,
            "min": 0,
            "med": 0,
            "max": 1023.186773,
            "p(90)": 0,
            "p(95)": 0
        },
        "http_reqs": {
            "rate": 731.0426801479587,
            "count": 80417
        },
        "iterations": {
            "count": 80417,
            "rate": 731.0426801479587
        },
        "http_req_waiting": {
            "avg": 19.82348366999515,
            "min": 1.955405,
            "med": 17.056111,
            "max": 822.395007,
            "p(90)": 22.60126580000002,
            "p(95)": 55.797058
        },
        "data_received": {
            "count": 1281453503,
            "rate": 11649243.36045998
        },
        "vus_max": {
            "value": 200,
            "min": 200,
            "max": 200
        },
        "http_req_blocked": {
            "avg": 0.044485636805649695,
            "min": 0.000361,
            "med": 0.000545,
            "max": 1023.211831,
            "p(90)": 0.000963,
            "p(95)": 0.001102
        },
        "data_sent": {
            "count": 8655346,
            "rate": 78682.70810211664
        },
        "vus": {
            "value": 1,
            "min": 1,
            "max": 200
        },
        "http_req_sending": {
            "p(95)": 0.005318,
            "avg": 0.0035072245047689347,
            "min": 0.001922,
            "med": 0.003122,
            "max": 0.495108,
            "p(90)": 0.00469
        },
        "http_req_receiving": {
            "avg": 229.042319736745,
            "min": 0.005248,
            "med": 189.649098,
            "max": 2147.616317,
            "p(90)": 430.8836068,
            "p(95)": 494.7136908
        }
    },
    "root_group": {
        "name": "",
        "path": "",
        "id": "d41d8cd98f00b204e9800998ecf8427e",
        "groups": {},
        "checks": {}
    }
}