{
    "metrics": {
        "http_req_blocked": {
            "max": 85.933289,
            "p(90)": 0.0009656000000000058,
            "p(95)": 0.001104,
            "avg": 0.01939988224612971,
            "min": 0.000351,
            "med": 0.000535
        },
        "http_req_sending": {
            "avg": 0.0035080016790000777,
            "min": 0.001911,
            "med": 0.003158,
            "max": 0.155999,
            "p(90)": 0.004707,
            "p(95)": 0.00536
        },
        "iteration_duration": {
            "max": 2040.247499,
            "p(90)": 451.95458160000004,
            "p(95)": 515.6115262000001,
            "avg": 248.96352871506684,
            "min": 2.766411,
            "med": 211.857443
        },
        "http_req_waiting": {
            "max": 812.975308,
            "p(90)": 24.22650340000001,
            "p(95)": 56.72229940000001,
            "avg": 20.035063214327334,
            "min": 2.146221,
            "med": 17.059836
        },
        "data_received": {
            "count": 1281275414,
            "rate": 11647901.227068486
        },
        "http_req_duration": {
            "p(90)": 451.909,
            "p(95)": 515.5723230000001,
            "avg": 248.90635212533869,
            "min": 2.72691,
            "med": 211.800478,
            "max": 2040.206408
        },
        "http_req_receiving": {
            "avg": 228.86778090933456,
            "min": 0.005434,
            "med": 189.72291,
            "max": 1987.130359,
            "p(90)": 430.66482880000007,
            "p(95)": 493.9759528
        },
        "http_req_duration{expected_response:true}": {
            "med": 211.9668685,
            "max": 2040.206408,
            "p(90)": 452.0485773,
            "p(95)": 515.6371780499999,
            "avg": 249.12637078495666,
            "min": 2.72691
        },
        "http_req_connecting": {
            "avg": 0.018701115353522788,
            "min": 0,
            "med": 0,
            "max": 85.912532,
            "p(90)": 0,
            "p(95)": 0
        },
        "http_req_tls_handshaking": {
            "med": 0,
            "max": 0,
            "p(90)": 0,
            "p(95)": 0,
            "avg": 0,
            "min": 0
        },
        "http_reqs": {
            "count": 80405,
            "rate": 730.9509633363195
        },
        "vus": {
            "min": 1,
            "max": 200,
            "value": 1
        },
        "http_req_failed": {
            "passes": 81,
            "fails": 80324,
            "value": 0.0010074000373111124
        },
        "data_sent": {
            "count": 8654060,
            "rate": 78672.88718077619
        },
        "iterations": {
            "count": 80405,
            "rate": 730.9509633363195
        },
        "vus_max": {
            "value": 200,
            "min": 200,
            "max": 200
        }
    },
    "root_group": {
        "checks": {},
        "name": "",
        "path": "",
        "id": "d41d8cd98f00b204e9800998ecf8427e",
        "groups": {}
    }
}