{
    "metrics": {
        "http_req_blocked": {
            "med": 0.000579,
            "max": 1025.644794,
            "p(90)": 0.000997,
            "p(95)": 0.001128,
            "avg": 0.046175198082112665,
            "min": 0.00038
        },
        "http_req_tls_handshaking": {
            "min": 0,
            "med": 0,
            "max": 0,
            "p(90)": 0,
            "p(95)": 0,
            "avg": 0
        },
        "http_req_failed": {
            "passes": 81,
            "fails": 80320,
            "value": 0.001007450156092586
        },
        "http_req_sending": {
            "avg": 0.0036633982910660337,
            "min": 0.002066,
            "med": 0.003294,
            "max": 0.219938,
            "p(90)": 0.004897,
            "p(95)": 0.005549
        },
        "vus_max": {
            "value": 200,
            "min": 200,
            "max": 200
        },
        "iterations": {
            "count": 80401,
            "rate": 730.8988909711936
        },
        "http_reqs": {
            "rate": 730.8988909711936,
            "count": 80401
        },
        "http_req_duration": {
            "med": 211.141162,
            "max": 1997.497916,
            "p(90)": 451.457107,
            "p(95)": 515.760512,
            "avg": 248.89905818039512,
            "min": 3.230579
        },
        "http_req_connecting": {
            "avg": 0.04543601440280593,
            "min": 0,
            "med": 0,
            "max": 1025.621736,
            "p(90)": 0,
            "p(95)": 0
        },
        "vus": {
            "value": 1,
            "min": 1,
            "max": 200
        },
        "data_received": {
            "count": 1281244268,
            "rate": 11647367.750953332
        },
        "http_req_duration{expected_response:true}": {
            "p(90)": 451.6284521,
            "p(95)": 515.77463115,
            "avg": 249.10765220291256,
            "min": 3.230579,
            "med": 211.32306699999998,
            "max": 1997.497916
        },
        "iteration_duration": {
            "min": 3.267989,
            "med": 211.196779,
            "max": 1997.537502,
            "p(90)": 451.545295,
            "p(95)": 515.818208,
            "avg": 248.98455436054326
        },
        "http_req_waiting": {
            "max": 836.743671,
            "p(90)": 24.188271,
            "p(95)": 56.683555,
            "avg": 19.9549504356164,
            "min": 2.364277,
            "med": 17.043253
        },
        "http_req_receiving": {
            "avg": 228.94044434648896,
            "min": 0.004971,
            "med": 189.5801,
            "max": 1979.579739,
            "p(90)": 430.339816,
            "p(95)": 494.90804
        },
        "data_sent": {
            "count": 8653628,
            "rate": 78667.2691642799
        }
    },
    "root_group": {
        "path": "",
        "id": "d41d8cd98f00b204e9800998ecf8427e",
        "groups": {},
        "checks": {},
        "name": ""
    }
}