{
    "root_group": {
        "name": "",
        "path": "",
        "id": "d41d8cd98f00b204e9800998ecf8427e",
        "groups": {},
        "checks": {}
    },
    "metrics": {
        "http_req_tls_handshaking": {
            "p(90)": 0,
            "p(95)": 0,
            "avg": 0,
            "min": 0,
            "med": 0,
            "max": 0
        },
        "http_req_duration{expected_response:true}": {
            "med": 211.818554,
            "max": 2653.961781,
            "p(90)": 450.23265159999994,
            "p(95)": 513.6798903499993,
            "avg": 248.99947852835513,
            "min": 2.634863
        },
        "http_req_connecting": {
            "p(90)": 0,
            "p(95)": 0,
            "avg": 0.032876173310957796,
            "min": 0,
            "med": 0,
            "max": 1013.360883
        },
        "data_received": {
            "count": 1281888013,
            "rate": 11653361.266735373
        },
        "http_req_blocked": {
            "max": 1013.382759,
            "p(90)": 0.000961,
            "p(95)": 0.001092,
            "avg": 0.033576054782769746,
            "min": 0.000359,
            "med": 0.000539
        },
        "http_req_duration": {
            "avg": 248.7953079234475,
            "min": 2.634863,
            "med": 211.685418,
            "max": 2653.961781,
            "p(90)": 450.0761444000001,
            "p(95)": 513.3826882
        },
        "http_req_sending": {
            "med": 0.003116,
            "max": 0.141915,
            "p(90)": 0.004675,
            "p(95)": 0.005302,
            "avg": 0.003459649822860362,
            "min": 0.001915
        },
        "http_req_receiving": {
            "p(90)": 429.8999316,
            "p(95)": 493.438408,
            "avg": 229.02134518411245,
            "min": 0.004998,
            "med": 190.306348,
            "max": 2619.426567
        },
        "vus": {
            "max": 200,
            "value": 1,
            "min": 1
        },
        "vus_max": {
            "value": 200,
            "min": 200,
            "max": 200
        },
        "http_req_waiting": {
            "p(90)": 22.22875640000003,
            "p(95)": 55.94150300000001,
            "avg": 19.77050308951476,
            "min": 1.956377,
            "med": 17.028783,
            "max": 858.19803
        },
        "iteration_duration": {
            "min": 2.670464,
            "med": 211.734405,
            "max": 2653.999221,
            "p(90)": 450.14836360000015,
            "p(95)": 513.4828854000002,
            "avg": 248.86637465414702
        },
        "iterations": {
            "rate": 731.3077566804012,
            "count": 80445
        },
        "http_req_failed": {
            "passes": 81,
            "fails": 80364,
            "value": 0.0010068991236248368
        },
        "http_reqs": {
            "count": 80445,
            "rate": 731.3077566804012
        },
        "data_sent": {
            "count": 8658351,
            "rate": 78711.15975339063
        }
    }
}