{
    "metrics": {
        "http_req_duration": {
            "avg": 248.79030040433037,
            "min": 3.004488,
            "med": 211.17056300000002,
            "max": 2024.13209,
            "p(90)": 451.11056100000025,
            "p(95)": 514.94495335
        },
        "vus_max": {
            "value": 200,
            "min": 200,
            "max": 200
        },
        "http_req_waiting": {
            "max": 874.34677,
            "p(90)": 24.62849520000003,
            "p(95)": 55.99319254999997,
            "avg": 19.898230634718587,
            "min": 2.377654,
            "med": 17.0414265
        },
        "http_req_tls_handshaking": {
            "avg": 0,
            "min": 0,
            "med": 0,
            "max": 0,
            "p(90)": 0,
            "p(95)": 0
        },
        "http_req_receiving": {
            "avg": 228.88838953826323,
            "min": 0.004661,
            "med": 189.90810449999998,
            "max": 1945.803954,
            "p(90)": 430.1542307000001,
            "p(95)": 493.97525054999994
        },
        "http_req_duration{expected_response:true}": {
            "avg": 248.99974426724577,
            "min": 3.004488,
            "med": 211.312065,
            "max": 2024.13209,
            "p(90)": 451.242353,
            "p(95)": 515.041934
        },
        "iteration_duration": {
            "max": 2024.168109,
            "p(90)": 451.1705006000001,
            "p(95)": 515.01989785,
            "avg": 248.86197210154862,
            "min": 3.032733,
            "med": 211.24417549999998
        },
        "http_req_connecting": {
            "avg": 0.03169262341811493,
            "min": 0,
            "med": 0,
            "max": 1018.382338,
            "p(90)": 0,
            "p(95)": 0
        },
        "http_req_blocked": {
            "med": 0.00058,
            "max": 1018.405974,
            "p(90)": 0.001003,
            "p(95)": 0.001129,
            "avg": 0.032427220829912035,
            "min": 0.000383
        },
        "http_req_sending": {
            "p(90)": 0.004924,
            "p(95)": 0.005565949999999997,
            "avg": 0.0036802313468089166,
            "min": 0.002061,
            "med": 0.003295,
            "max": 2.389562
        },
        "iterations": {
            "count": 80442,
            "rate": 731.2611940396718
        },
        "data_received": {
            "count": 1281817205,
            "rate": 11652410.182105053
        },
        "http_req_failed": {
            "passes": 81,
            "fails": 80361,
            "value": 0.0010069366748713358
        },
        "vus": {
            "value": 1,
            "min": 1,
            "max": 200
        },
        "http_reqs": {
            "count": 80442,
            "rate": 731.2611940396718
        },
        "data_sent": {
            "count": 8658027,
            "rate": 78706.13811252477
        }
    },
    "root_group": {
        "path": "",
        "id": "d41d8cd98f00b204e9800998ecf8427e",
        "groups": {},
        "checks": {},
        "name": ""
    }
}