{
    "root_group": {
        "name": "",
        "path": "",
        "id": "d41d8cd98f00b204e9800998ecf8427e",
        "groups": {},
        "checks": {}
    },
    "metrics": {
        "http_reqs": {
            "count": 80427,
            "rate": 731.1375165505876
        },
        "http_req_duration{expected_response:true}": {
            "med": 211.465973,
            "max": 2004.440017,
            "p(90)": 451.7871265,
            "p(95)": 515.7966504999999,
            "avg": 249.0650245740774,
            "min": 3.104893
        },
        "http_req_duration": {
            "p(95)": 515.7722501,
            "avg": 248.8495604780214,
            "min": 3.104893,
            "med": 211.239399,
            "max": 2004.440017,
            "p(90)": 451.75682680000006
        },
        "http_req_blocked": {
            "max": 1006.1867,
            "p(90)": 0.001008,
            "p(95)": 0.001122,
            "avg": 0.031275203812151715,
            "min": 0.000401,
            "med": 0.00057
        },
        "data_sent": {
            "count": 8656417,
            "rate": 78692.867166577
        },
        "http_req_tls_handshaking": {
            "med": 0,
            "max": 0,
            "p(90)": 0,
            "p(95)": 0,
            "avg": 0,
            "min": 0
        },
        "data_received": {
            "count": 1281562927,
            "rate": 11650300.716800105
        },
        "http_req_sending": {
            "avg": 0.0035020763425217994,
            "min": 0.00206,
            "med": 0.003142,
            "max": 0.175011,
            "p(90)": 0.004755,
            "p(95)": 0.005413
        },
        "http_req_waiting": {
            "p(95)": 55.704263699999984,
            "avg": 19.811252345841414,
            "min": 2.399632,
            "med": 17.018254,
            "max": 854.243267,
            "p(90)": 22.01839740000003
        },
        "iteration_duration": {
            "p(95)": 515.8219105000001,
            "avg": 248.91888950652339,
            "min": 3.142953,
            "med": 211.321166,
            "max": 2004.484915,
            "p(90)": 451.79786000000007
        },
        "http_req_receiving": {
            "min": 0.005425,
            "med": 189.924929,
            "max": 1985.730092,
            "p(90)": 430.7394476000001,
            "p(95)": 495.1005882,
            "avg": 229.0348060558421
        },
        "http_req_failed": {
            "passes": 81,
            "fails": 80346,
            "value": 0.0010071244731246968
        },
        "iterations": {
            "count": 80427,
            "rate": 731.1375165505876
        },
        "http_req_connecting": {
            "max": 1006.159552,
            "p(90)": 0,
            "p(95)": 0,
            "avg": 0.030546124721797418,
            "min": 0,
            "med": 0
        },
        "vus": {
            "max": 200,
            "value": 1,
            "min": 1
        },
        "vus_max": {
            "value": 200,
            "min": 200,
            "max": 200
        }
    }
}